tree
version=v4
num_class=1
num_tree_per_iteration=1
label_index=0
max_feature_idx=22
objective=binary sigmoid:1
feature_names=Column_0 Column_1 Column_2 Column_3 Column_4 Column_5 Column_6 Column_7 Column_8 Column_9 Column_10 Column_11 Column_12 Column_13 Column_14 Column_15 Column_16 Column_17 Column_18 Column_19 Column_20 Column_21 Column_22
feature_infos=[0:121.88694763183594] [0:250.10475158691406] [0:285.14056396484375] [0:365.643798828125] [0:444.97177124023438] [0:83.368247985839844] [0:133.53660583496094] [-70.434913635253906:80.445083618164062] [-123.58496856689453:101.05099487304688] [-150.50506591796875:95.230712890625] [0:42.558032989501953] [0:247.864013671875] [0:86.679351806640625] [0:4] [5:381.510986328125] [0:1] [0:34.547286987304688] [0:38.356353759765625] [0:1] [0:3] [0:1211] [-1:1] [-1:1]
tree_sizes=1968 1925 1927 2019 1933 2046 2052 2377 2260 2049 2178 2251 2388 2284 2500 2407 2514 2397 2516 2503 2515 2446 2489 2599 2403 2166 2832 2384 2385 2398 2077 2619 2293 2294 2281 2301 2292 2181 2296 2181 2194 2187 2186 2291 2073 2189 2398 2177 2180 2184 2616 1733 1713 1719 1721 1721 1731 1730 1715 1717 1717 1723 1711 1716 1718 1716 1720 1722 1722 1822 1823 1810 1721 1833 1727 1821 2495 1832 2498 1823 1820 2590 2611 2818 2255 2053 2376 2831 2367 2793 2364 2854 2365 2843 2261 2806 2373 2833 2841 2839 2837 2259 2257 2263 2839 2849 2474 2863 2850 2251 2810 2857 2831 2806 2847 2440 2807 2830 2844 2565 2840 2462 2793 2831 2837 2830 2804 2849 2822 2826 2818 2701 2261 2834 2814 2833 2374 2804 2806 2801 2376 2842 2774 2843 2836 2799 2841 2858 2836 2828

Tree=0
num_leaves=17
num_cat=0
split_feature=18 9 21 11 4 11 13 21 8 22 4 10 8 10 11 0
split_gain=2.81909e+08 270005 231275 233271 131229 112854 110618 106073 100214 86969.4 190605 62389 17545.6 16523.8 5693.17 55.6763
threshold=1.0000000180025095e-35 26.172161102294925 -0.7865660786628722 0.56196457147598278 32.575725555419929 0.98092535138130199 3.5000000000000004 -0.6035533845424651 13.16060781478882 -0.91597560048103321 14.991091728210451 0.16969052702188495 26.510548591613773 0.72362422943115245 0.99999997019767772 5.3047554492950448
decision_type=2 2 2 10 10 10 10 2 2 2 8 10 2 10 10 10
left_child=1 6 3 8 5 -4 9 11 -3 10 -1 -8 -11 -6 -5 -9
right_child=-2 2 4 14 13 -7 7 15 -10 12 -12 -13 -14 -15 -16 -17
leaf_value=-3.1665290058015465 -1.6683585329302713 -3.33413544436999 -1.9403905127831365 -3.3320661187893954 -3.3499070552502839 -3.3528889812447193 -3.3046329318484826 -3.2437896518507867 -2.1010781759792323 -3.3483361626063237 -3.3466391787547414 -2.4534563185354488 -3.2211963098753049 -3.1232606077143168 -3.0207011071523864 -3.3544553257613763
leaf_weight=30001.288410313427 679527.45161569118 253.82481620460749 466.79579703509808 985.09410138428211 5435.7046213597059 320.81932727247477 383.03867121040821 8.5149614512920362 1780.7143283337355 590455.76825102419 58909.691956207156 1199.5647358223796 3689.3200629204512 1355.9684120714664 243.94127134978771 1391.8835294991732
leaf_count=776569 736683 7284 2503 28208 157215 9305 10798 221 14593 17061049 1700533 16823 98825 34109 5699 40370
internal_value=-2.51138 -3.33342 -3.04548 -2.63642 -3.22195 -2.51337 -3.33797 -2.9848 -2.25486 -3.33952 -3.28587 -2.65918 -3.34755 -3.30452 -3.26983 -3.35334
internal_weight=1.37641e+06 696882 10842.9 3263.57 7579.29 787.615 686039 2983 2034.54 683056 88911 1582.6 594145 6791.67 1229.04 1400.4
internal_count=20700787 19964104 258916 55784 203132 11808 19705188 68212 21877 19636976 2477102 27621 17159874 191324 33907 40591
is_linear=0
shrinkage=1


Tree=1
num_leaves=16
num_cat=0
split_feature=18 0 21 22 4 12 9 21 1 12 21 11 2 11 10
split_gain=2.59849e+07 180634 122336 79379.9 160327 344477 47540.2 45346.2 25160.3 38834.8 34861.9 8865.08 21464.8 8294.1 5097.54
threshold=1.0000000180025095e-35 24.944375991821293 -1.0000000180025095e-35 -0.91597560048103321 16.112847328186039 0.79041504859924328 26.172161102294925 -0.7865660786628722 53.65748596191407 11.348571300506594 -0.6035533845424651 0.99999997019767772 67.161045074462905 0.99999138712883007 0.53378742933273327
decision_type=2 10 2 2 8 10 2 2 10 10 2 10 8 10 10
left_child=1 3 8 4 5 -1 13 -8 9 -3 -10 -4 -13 -5 -6
right_child=-2 2 11 6 14 -7 7 -9 10 -11 -12 12 -14 -15 -16
leaf_value=-0.049462159046625952 0.36652584962622065 0.29107077139745718 -0.059695488500359953 -0.055717203015754023 -0.058732987740861553 0.3208948356707032 0.29368674468685474 -0.053644585733689319 0.37221017707292769 0.023770551647226076 -0.013877415420216343 0.029032465388851469 0.95428552072390826 -0.03162035185906243 0.045697146902675075
leaf_weight=20460.245657652617 2630658.220323801 3704.8902681171894 8384.6582724750042 504374.35927437991 52279.728740617633 14526.083604119718 2616.7454461865127 2465.2020105831325 5474.1217427030206 3656.0760812498629 922.23611681163311 676.3584838733077 92.831300318241119 53563.857041720301 1623.4758717119694
leaf_count=526053 736683 37888 246054 15340624 1590287 285600 23102 74550 52436 89569 26499 16386 663 1607827 46566
internal_value=0.283924 -0.0380831 0.122429 -0.0437257 0.00735392 0.104317 -0.0517908 0.125221 0.232048 0.158455 0.31651 -0.0423052 0.146006 -0.0534048 -0.0555769
internal_weight=3.30548e+06 674821 22911.2 651910 88889.5 34986.3 563020 5081.95 13757.3 7360.97 6396.36 9153.85 769.19 557938 53903.2
internal_count=20700787 19964104 469495 19494609 2448506 811653 17046103 97652 206392 127457 78935 263103 17049 16948451 1636853
is_linear=0
shrinkage=0.0581682


Tree=2
num_leaves=16
num_cat=0
split_feature=18 0 21 22 4 2 9 8 1 4 21 4 10 10 5
split_gain=1.53979e+07 152842 82455.9 75592.5 132357 221492 41303.4 35055.3 11416.8 23259.8 17384.7 8448.65 4836.58 4354.94 8636.9
threshold=1.0000000180025095e-35 24.944375991821293 -1.0000000180025095e-35 -0.91597560048103321 16.112847328186039 3.4786671400070195 26.172161102294925 14.947826385498049 53.65748596191407 63.614341735839851 -0.6035533845424651 2.0367377996444707 0.53378742933273327 0.80695226788520824 22.373115539550785
decision_type=2 10 2 2 8 10 2 2 10 10 2 8 10 10 10
left_child=1 3 8 4 5 -1 11 -8 9 -3 -10 -5 -6 -4 -15
right_child=-2 2 13 6 12 -7 7 -9 10 -11 -12 -13 -14 14 -16
leaf_value=-0.055019924541415091 0.27188924310312695 0.18538434265266998 -0.059446976123421418 -0.029492233609190312 -0.058532603031586486 0.22235264091711512 -0.042390856241549597 0.24728793234799623 0.25557387071998516 -0.038432999047027218 -0.013248223256502144 -0.055249693402772512 0.041204090677467206 -0.0091447949375894171 0.38911260481302085
leaf_weight=19014.232995074242 3313504.010055542 6317.7296866215765 7431.1083325725049 47398.565042179078 49489.413510678336 19961.937195774168 2770.3207903578877 2875.0742987245321 7430.9662927798927 2085.1036790832877 910.41281578317285 483408.81752436049 1693.9941221475601 1193.7681512404233 213.06809375435114
leaf_count=500724 736683 80481 231929 1488478 1590287 310929 78286 19366 52436 46976 26499 15459973 46566 30473 701
internal_value=0.221038 -0.0373125 0.102035 -0.0430028 0.00627462 0.0870373 -0.0512854 0.105143 0.177894 0.129807 0.226194 -0.0529507 -0.0552206 -0.0416582 0.0519146
internal_weight=3.9657e+06 652195 25582.2 626612 90159.6 38976.2 536453 5645.4 16744.2 8402.83 8341.38 530807 51183.4 8837.94 1406.84
internal_count=20700787 19964104 469495 19494609 2448506 811653 17046103 97652 206392 127457 78935 16948451 1636853 263103 31174
is_linear=0
shrinkage=0.0581682


Tree=3
num_leaves=17
num_cat=0
split_feature=18 0 22 11 11 9 11 22 8 22 9 11 10 8 8 0
split_gain=1.0601e+07 132888 72264.7 94248.4 245073 36689.9 26037.3 12919.2 10903.3 15767.2 14710.2 8785.98 7319.17 980.461 25.0565 13.4656
threshold=1.0000000180025095e-35 24.944375991821293 -0.91597560048103321 0.56196457147598278 0.80899307131767284 26.172161102294925 0.4335788786411286 0.78656607866287243 26.510548591613773 0.60355338454246532 -34.654621124267571 0.99999138712883007 0.24201478064060214 -5.826643466949462 6.8832778930664071 0.018378766253590587
decision_type=2 10 2 10 10 2 10 2 2 2 2 10 10 2 2 8
left_child=1 2 3 12 -5 11 -7 8 10 -10 -3 -4 -1 -9 -15 -2
right_child=15 7 5 4 -6 6 -8 13 9 -11 -12 -13 -14 14 -16 -17
leaf_value=-0.055767859578049424 0.21787741192198995 0.26691256021543996 -0.055022659189695275 0.23601806095062977 -0.047094053861062565 0.19489551249429171 -0.047583307995108202 0.30084983185835223 0.14347652497854044 -0.047435057887025928 0.018898134490446195 -0.029244973866789439 0.044739717139684859 0 -0.059891881739452861 0.22103560690502333
leaf_weight=45546.643765218556 44287.607321023941 901.12780941464007 455415.28584169038 17452.89019995369 25387.709030451253 3487.5834964811802 2618.2390208691359 21.299162438139319 15603.219171000645 1609.7790767010301 7664.0166962128133 49706.62662627548 2583.3545449599624 28.269358176738024 1948.6487103048712 3776800.2386114597
leaf_count=1439439 10805 8128 15340624 352380 587925 29229 68423 508 194062 39853 165760 1607827 68762 915 60269 725878
internal_value=0.18455 -0.0365347 -0.042273 0.00549064 0.0682465 -0.0507731 0.0908935 0.0878451 0.0988953 0.125592 0.0451616 -0.0524871 -0.0503613 -0.0544138 -0.0591022 0.220999
internal_weight=4.45106e+06 629975 602198 90970.6 42840.6 511228 6105.82 27776.4 25778.1 17213 8565.14 505122 48130 1998.22 1976.92 3.82109e+06
internal_count=20700787 19964104 19494609 2448506 940305 17046103 97652 469495 407803 233915 173888 16948451 1508201 61692 61184 736683
is_linear=0
shrinkage=0.0581682


Tree=4
num_leaves=16
num_cat=0
split_feature=18 0 22 4 1 21 8 11 4 11 11 11 6 10 21
split_gain=7.91771e+06 117349 69125.6 109368 144146 53600.4 15107.1 50760.5 9224.24 9221.9 16269.5 5749.89 5011.13 4532.21 2080.13
threshold=1.0000000180025095e-35 24.944375991821293 -0.91597560048103321 16.112847328186039 2.1043820381164555 -1.0000000180025095e-35 14.947826385498049 0.4335788786411286 2.0367377996444707 0.99999138712883007 0.89355298876762401 0.99999997019767772 40.786710739135749 0.53378742933273327 -0.91597560048103321
decision_type=2 10 2 8 10 2 2 10 8 10 10 10 10 10 2
left_child=1 2 3 4 -1 9 8 -8 -4 10 -3 -7 -13 -5 -11
right_child=-2 5 6 13 -6 11 7 -9 -10 14 -12 12 -14 -15 -16
leaf_value=-0.053133592363469088 0.1887028474035525 0.098989133515331409 -0.027055452136600266 -0.058367759109117442 0.16256509198409325 -0.05953496942583783 0.18541354014077657 -0.046278211336425727 -0.055035566211100895 0.057815085578759196 0.21124787582811647 -0.059560885991679115 0.19104201497727322 0.035838895823077255 -0.06088603315896509
leaf_weight=18019.10196852684 4201554.4056681395 11724.487380821258 44095.949406072497 46951.544439168647 25046.93249347806 7859.5399388857186 3965.5703559294343 16479.735042136163 422774.02011676505 1303.1738919205964 6996.4944688100368 469.98958784714341 619.10633874312043 1785.8011177927256 802.18848603032529
leaf_count=511787 736683 131813 1488347 1590287 299866 246054 39157 563417 14955182 17034 42467 10870 6179 46566 15078
internal_value=0.160294 -0.0357373 -0.0415281 0.00476937 0.0723099 0.0768695 -0.0502507 -0.00128957 -0.052394 0.128024 0.141004 -0.0421442 0.0827275 -0.0549048 0.0123658
internal_weight=4.81045e+06 608894 579119 91803.4 43066 29775 487315 20445.3 466870 20826.3 18721 8948.64 1089.1 48737.3 2105.36
internal_count=20700787 19964104 19494609 2448506 811653 469495 17046103 602574 16443529 206392 174280 263103 17049 1636853 32112
is_linear=0
shrinkage=0.0581682


Tree=5
num_leaves=17
num_cat=0
split_feature=20 0 22 4 2 21 9 10 8 11 11 11 11 6 21 0
split_gain=6.2223e+06 104526 66176 97335.9 166997 42074.1 30915.9 18447.3 18178.8 9270.7 6628.67 10380.5 5194.6 3763.98 1837.22 8.50657
threshold=1.0000000180025095e-35 24.944375991821293 -0.91597560048103321 9.2711071968078631 3.4786671400070195 -1.0000000180025095e-35 26.172161102294925 0.29945032298564916 13.16060781478882 0.99999138712883007 0.99999138712883007 0.89355298876762401 0.99999997019767772 40.786710739135749 -0.91597560048103321 0.018378766253590587
decision_type=2 10 2 8 10 2 2 10 2 10 10 10 10 10 2 8
left_child=1 2 3 4 -1 10 9 -5 -8 -4 11 -3 -7 -14 -12 -2
right_child=15 5 6 7 -6 12 8 -9 -10 -11 14 -13 13 -15 -16 -17
leaf_value=-0.053157457681110992 0.16392454184297742 0.086372807245357952 -0.054308230874746073 -0.054153465280290816 0.21876378262883989 -0.05937812965101813 -0.051637919805978483 0.024504206967212182 0.14756434969921375 -0.026828432472284818 0.051819665345492615 0.17088628340558779 -0.059323210300106836 0.15481186391325755 -0.0606321666982007 0.16627291013202414
leaf_weight=14614.293119415641 51900.824833631516 12626.282919466496 411693.53246433102 48868.963161131367 16005.156140014529 7434.4321012683213 2440.1195446029305 12701.930057793856 4225.2348337750882 46282.527407275513 1367.800144687295 8107.5098091885448 445.17280567251146 717.12519759312272 759.95166895911098 4430260.132501483
leaf_count=425905 10805 131813 15340624 1630901 143323 246054 76141 248377 21511 1607827 17034 42467 10870 6179 15078 725878
internal_value=0.142901 -0.0349609 -0.0407893 0.00422493 0.0889771 0.068184 -0.0497215 -0.0379195 0.0745927 -0.0515323 0.109434 0.119468 -0.0414682 0.0725397 0.0114269 0.166246
internal_weight=5.07045e+06 588290 556832 92190.3 30619.4 31458.3 464641 61570.9 6665.35 457976 22861.5 20733.8 8596.73 1162.3 2127.75 4.48216e+06
internal_count=20700787 19964104 19494609 2448506 569228 469495 17046103 1879278 97652 16948451 206392 174280 263103 17049 32112 736683
is_linear=0
shrinkage=0.0581682


Tree=6
num_leaves=17
num_cat=0
split_feature=18 8 22 11 11 21 22 13 22 9 11 11 6 11 2 0
split_gain=5.06587e+06 94040 63519.8 63654.2 159938 38100.7 15488.8 10324 12452.8 9297.9 8905.19 4087.92 3570.45 3319.26 233.317 3.40235
threshold=1.0000000180025095e-35 20.562743186950687 -0.91597560048103321 0.56196457147598278 0.83706271648406994 -1.0000000180025095e-35 0.60355338454246532 3.5000000000000004 0.60355338454246532 26.172161102294925 0.99999138712883007 0.99999997019767772 40.786710739135749 0.30915790796279913 108.40637969970705 0.018378766253590587
decision_type=2 2 2 10 10 2 2 10 2 2 10 10 10 10 10 8
left_child=1 2 3 13 -5 6 10 9 -9 -4 -3 -7 -13 -1 -8 -2
right_child=15 5 7 4 -6 11 14 8 -10 -11 -12 12 -14 -15 -16 -17
leaf_value=-0.059023319705909037 0.14763817370895127 0.12093455328834808 -0.051005780303763897 0.15389329640607671 -0.054588073831824201 -0.059514348648852626 -0.060996953107105477 -0.040153644187829511 0.22707112607008759 0.027179663839028041 0.0059035886949140165 -0.059328309006188649 0.12653956648479003 -0.022673694806246623 -0.0119758064446814 0.14970761489237402
leaf_weight=30364.682675419375 54197.432505726814 20961.138827878982 433849.28419905528 24566.430420590565 25233.057135583833 7834.690676940605 1800.1528044939041 1423.2973995022476 999.88194177486002 5198.9409142304212 2563.3157270103693 601.71449369378388 817.66413496434689 11871.314367353916 430.60976340249181 4627615.6319358349
leaf_count=1112365 10805 146895 16846390 381065 550692 273790 44118 29298 5161 103551 47254 17344 6693 392538 6950 725878
internal_value=0.129773 -0.0341922 -0.040253 0.00370139 0.0482537 0.0581505 0.0945253 -0.0494172 0.0701594 -0.0500788 0.108421 -0.0430389 0.0475251 -0.0488194 -0.0517548 0.149684
internal_weight=5.25033e+06 568516 533507 92035.5 49799.5 35009.3 25755.2 441471 2423.18 439048 23524.5 9254.07 1419.38 42236 2230.76 4.68181e+06
internal_count=20700787 19964104 19421060 2436660 931757 543044 245217 16984400 34459 16949941 194149 297827 24037 1504903 51068 736683
is_linear=0
shrinkage=0.0581682


Tree=7
num_leaves=20
num_cat=0
split_feature=18 8 4 7 11 21 21 0 21 9 11 11 4 11 6 0 2 2 6
split_gain=4.23249e+06 85061.7 47623.4 102685 73885.6 31451.7 30287.8 10075.1 15073.3 8651.7 12118.5 5483.52 5348.13 3816.87 2923.92 2.32232 179.255 39.7543 0.594802
threshold=1.0000000180025095e-35 20.562743186950687 9.2711071968078631 -2.6178201436996456 0.86525118350982677 -1.0000000180025095e-35 -1.0000000180025095e-35 16.552665710449222 -1.0000000180025095e-35 26.172161102294925 0.83706271648406994 0.56196457147598278 14.991091728210451 0.99999997019767772 40.786710739135749 0.018378766253590587 0.47854654490947729 0.057478874921798713 20.788060188293461
decision_type=2 2 8 2 10 2 2 10 2 2 10 10 8 10 10 8 10 10 10
left_child=1 2 3 4 -1 9 -5 12 -9 10 -3 -11 -4 18 -15 16 17 -2 -7
right_child=15 5 7 6 -6 13 -8 8 -10 11 -12 -13 -14 14 -16 -17 -18 -19 -20
leaf_value=0.36402060503418904 0.12968530420692959 -0.029274267846470151 -0.034169763207347201 -0.053832807697810785 -0.052519899292483067 -0.030072851574073408 0.0045646789769633999 0.037329431246265421 -0.057639378825366051 0.14728026537342209 0.089190250077882727 0.074530023945883456 -0.05488276380910663 -0.059138088192674923 0.10869280575559327 0.13697485116201633 0.13717022907068907 0.1121151092448624 -0.059591327946311258
leaf_weight=4138.8984820786864 12241.609917655587 4396.9242152385414 48903.223956666887 52943.666880635545 2205.136512067169 70.746572306379676 69460.31606018357 10862.323184218258 11781.406846078113 7915.8211808856577 8669.0383564904332 6376.5061737410724 313234.53442492522 569.4987864959985 894.68600601702929 4759152.4373208284 42414.31123778224 1086.4013699442148 7337.3111525774002
leaf_count=12275 3452 83490 1658970 1966950 62700 2753 2295290 267482 451744 22583 89447 49697 12705649 17344 6693 725878 6744 609 271037
internal_value=0.119495 -0.0334087 -0.0394866 -0.00885932 0.219236 0.0527233 -0.0206919 -0.0497333 -0.0120663 0.0835883 0.0492979 0.114884 -0.0520872 -0.0424007 0.0431614 0.136953 0.135072 0.12832 -0.0593812
internal_weight=5.36465e+06 549760 513530 128748 6344.03 36230.5 122404 384781 22643.7 27358.3 13066 14292.3 362138 8872.24 1464.18 4.81489e+06 55742.3 13328 7408.06
internal_count=20700787 19964104 19421060 4337215 74975 543044 4262240 15083845 719226 245217 172937 72280 14364619 297827 24037 736683 10805 4061 273790
is_linear=0
shrinkage=0.0581682


Tree=8
num_leaves=19
num_cat=0
split_feature=18 0 22 3 11 9 11 11 3 10 22 11 11 9 3 10 0 2
split_gain=3.60597e+06 77524.5 60438.7 55850.9 88004.7 25265.2 12501.6 10072.8 6171.01 12532.9 8005.18 9873.12 7978.08 4370.7 4327.02 3924.94 3.02497 150.775
threshold=1.0000000180025095e-35 24.944375991821293 -0.91597560048103321 15.277384281158449 0.86525118350982677 26.172161102294925 0.4335788786411286 0.99999138712883007 116.18691253662111 0.44776910543441778 0.37940952181816107 0.83706271648406994 0.56196457147598278 -7.5765993595123282 171.47174835205081 0.53378742933273327 0.018378766253590587 0.33584953844547277
decision_type=2 10 2 8 10 2 10 10 10 10 2 10 10 2 10 10 8 10
left_child=1 2 3 4 -1 7 -7 -4 9 13 11 -10 -11 -3 -12 -5 17 -2
right_child=16 8 5 15 -6 6 -8 -9 10 12 14 -13 -14 -15 -16 -17 -18 -19
leaf_value=0.093404159024714037 0.11877173571526874 0.054733122075985935 -0.053235495888007675 -0.057682033315078124 -0.060770475826214025 0.11493637646052364 -0.047024408923184907 -0.02299695647715147 -0.043007166091584954 0.17371165368909314 0.15708455013432077 0.10915399269274928 0.04774227608103588 -0.052668878630090087 -0.017515072576052147 0.025662828194084018 0.12688199473990705 0.12696564616658212
leaf_weight=36602.689534466714 13164.10990229249 1643.73444384709 356973.34831964225 33267.947178974748 19037.207228953019 4745.1828333437443 2434.2850085739046 41684.156508566812 2641.2062414046377 1924.1767139341682 4690.3416126705706 3164.0822577476501 14728.831515302882 5733.3165037669241 529.53671778552234 2019.1235537044704 4836222.9704451561 43499.988160461187
leaf_count=696747 3970 31448 15340624 1301454 402719 29229 68423 1607827 51836 4083 19222 8906 191450 151242 11308 47586 725878 6835
internal_value=0.111226 -0.0326228 -0.0385229 0.00433735 0.0406455 -0.0481266 0.059971 -0.050075 0.0509707 0.0344015 0.08702 0.0398771 0.0623634 -0.0286655 0.139296 -0.0528991 0.126861 0.125078
internal_weight=5.42471e+06 531819 496764 90927 55639.9 405837 7179.47 398658 35055.2 24030.1 11025.2 5805.29 16653 7377.05 5219.88 35287.1 4.89289e+06 56664.1
internal_count=20700787 19964104 19494609 2448506 1099466 17046103 97652 16948451 469495 378223 91272 60742 195533 182690 30530 1349040 736683 10805
is_linear=0
shrinkage=0.0581682


Tree=9
num_leaves=17
num_cat=0
split_feature=18 8 22 4 12 21 22 4 22 6 9 10 6 10 2 10
split_gain=3.11956e+06 70477.6 58018.3 73233.7 78409 24106 10360.4 9158.73 34358.9 10726.4 4650.25 3551.77 2629.77 2908.77 237.284 10.5161
threshold=1.0000000180025095e-35 20.562743186950687 -0.91597560048103321 16.112847328186039 0.69819882512092601 -1.0000000180025095e-35 0.60355338454246532 2.0367377996444707 0.91597560048103344 16.470909118652347 26.172161102294925 0.53378742933273327 40.786710739135749 0.80695226788520824 108.40637969970705 0.15724287182092669
decision_type=2 2 2 8 8 2 2 8 2 10 2 10 10 10 10 10
left_child=1 2 3 4 -1 6 10 8 -4 -9 -3 -5 15 -14 -8 -7
right_child=-2 5 7 11 -6 12 14 9 -10 -11 -12 -13 13 -15 -16 -17
leaf_value=-0.052691301678916697 0.11866885752814502 0.052322655758276888 -0.046938171876778706 -0.057828836345789988 0.10179339283764234 -0.033347098048082349 -0.06114924878314644 -0.054542169712642745 0.097944709886286341 -0.02373253015350342 0.10065227335090905 0.029733612514930161 -0.059056635448137114 0.084610672340799636 -0.011569628663553896 -0.059737233885995278
leaf_weight=16585.107390424237 4925207.9205974042 12319.663113720715 29912.047009902075 38859.472816700116 33679.618193410337 139.77124261297286 1783.9068897832185 305297.41531227902 6791.0716130807996 43774.842975467443 15042.062670568004 1624.5741612911224 880.53858383558691 1026.5939395632595 427.8892864137888 6470.1077329218388
leaf_count=510851 736683 135146 1232460 1584878 300802 5631 44118 13781501 256008 1714431 59003 40129 33674 7585 6950 250937
internal_value=0.10443 -0.0318423 -0.0379289 0.0039147 0.0508123 0.0442876 0.0691237 -0.047773 -0.0201115 -0.05068 0.0789183 -0.0543024 -0.0418949 0.0180865 -0.0517796 -0.059262
internal_weight=5.43982e+06 514615 476524 90748.8 50264.7 38090.5 29573.5 385775 36703.1 349072 27361.7 40484 8517.01 1907.13 2211.8 6609.88
internal_count=20700787 19964104 19421060 2436660 811653 543044 245217 16984400 1488468 15495932 194149 1625007 297827 41259 51068 256568
is_linear=0
shrinkage=0.0581682


Tree=10
num_leaves=18
num_cat=0
split_feature=18 8 22 11 11 21 11 22 9 22 11 11 11 22 2 2 6
split_gain=2.73259e+06 64331 55303.3 48583.2 106209 20600.2 9140.4 35122.2 9710.35 8714.49 5827.77 3519.89 3239.89 2213.6 236.404 4.36479 3.07101
threshold=1.0000000180025095e-35 20.562743186950687 -0.91597560048103321 0.56196457147598278 0.83706271648406994 -1.0000000180025095e-35 0.99999138712883007 0.91597560048103344 19.839423179626468 0.60355338454246532 0.99999138712883007 0.30915790796279913 0.99999997019767772 0.37940952181816107 108.40637969970705 0.057478874921798713 20.788060188293461
decision_type=2 2 2 10 10 2 10 2 2 2 10 10 10 2 10 8 10
left_child=1 2 3 11 -5 9 8 -8 -4 10 -3 -1 16 -14 -11 -2 -7
right_child=15 5 6 4 -6 12 7 -9 -10 14 -12 -13 13 -15 -16 -17 -18
leaf_value=-0.05872613601890872 0.10989174204185145 0.080124325584966613 -0.051916170647861228 0.11163675993038076 -0.053919172107316296 -0.026169860638588237 -0.044689412245971886 0.10630753221572753 0.010772749666495858 -0.060938228330658976 -0.0051730764256474942 -0.019363167966477926 -0.059911238809926159 0.084251930747123338 -0.011010222500752828 0.11190684928581011 -0.059373202354824059
leaf_weight=26494.526512915269 39484.881534308195 25547.062482824549 321607.59878387861 29971.491869136691 23297.081854596734 62.367413369938731 32295.975887993351 6209.7299340032041 8571.2944130934775 1688.7725603841245 3021.4534640610218 10883.503602318466 548.57123376242816 1021.7078398242593 423.82327207550406 4880223.7100931555 6535.7485974375159
leaf_count=1112365 7458 146895 15153000 381065 550692 2753 1354810 224502 252088 44118 47254 392538 15842 8195 6950 729225 271037
internal_value=0.0987452 -0.0310714 -0.0371509 0.00355004 0.0392247 0.0407943 -0.0471589 -0.0203188 -0.0502875 0.0626534 0.0710898 -0.047279 -0.0412507 0.0336092 -0.0511538 0.111891 -0.0591374
internal_weight=5.41789e+06 498181 459331 90646.6 53268.6 38849.5 368685 38505.7 330179 30681.1 28568.5 37378 8168.4 1570.28 2112.6 4.91971e+06 6598.12
internal_count=20700787 19964104 19421060 2436660 931757 543044 16984400 1579312 15405088 245217 194149 1504903 297827 24037 51068 736683 273790
is_linear=0
shrinkage=0.0581682


Tree=11
num_leaves=19
num_cat=0
split_feature=20 0 22 4 11 9 21 4 21 3 4 4 10 11 10 0 2 12
split_gain=2.41839e+06 59916.8 52654.8 63475 84267.4 21546.5 16770 10679.5 10400 4030.15 4912.35 4324.62 3940.15 3395.77 1719.74 19.3667 145.587 1.48
threshold=1.0000000180025095e-35 24.944375991821293 -0.91597560048103321 16.112847328186039 0.86525118350982677 26.172161102294925 -1.0000000180025095e-35 2.0367377996444707 -0.7865660786628722 136.47906494140628 30.95413970947266 170.18238830566409 0.53378742933273327 0.99999997019767772 0.98217648267745983 0.018378766253590587 0.33584953844547277 0.011456623673439028
decision_type=2 10 2 8 10 2 2 8 2 10 10 10 10 10 10 8 10 10
left_child=1 2 3 4 -1 7 9 -4 -7 10 -3 -11 -5 -8 -15 16 17 -2
right_child=15 6 5 12 -6 8 13 -9 -10 11 -12 -13 -14 14 -16 -17 -18 -19
leaf_value=0.096498330165392637 0.099355280048510602 0.11625287898148309 -0.017876941754095314 -0.057590128332693197 -0.060779160879332494 0.096708563691230806 -0.058743467497770124 -0.051873696019191652 -0.053004086788184357 0.13094693326064422 0.036625667086606646 0.039231048650054806 0.026884264997858124 0.080070208403841103 -0.061145653420981216 0.10621751252115588 0.10614081154042691 0.089771683014171461
leaf_weight=35196.206329487264 11637.123736202717 3033.6692572459579 34792.140876578167 36681.105155726895 17131.723058084026 5197.3998685888946 5800.4665612690151 312124.1817326434 2241.5044516548514 4683.3744470402598 19516.8970822189 2797.1711145043373 1959.423937369138 1043.8758572004735 397.50944264791906 4826342.3506624699 43469.570418536663 1548.3749293386936
leaf_count=462516 3293 8552 1488478 1590287 349137 23102 246054 15459973 74550 8634 170463 18743 46566 9973 7076 725878 6835 677
internal_value=0.0939189 -0.0303001 -0.0362302 0.00324223 0.0449986 -0.0463645 0.0405362 -0.0484656 0.0515386 0.0597 0.047376 0.0967485 -0.0532936 -0.0388666 0.040782 0.106196 0.104329 0.0982904
internal_weight=5.36559e+06 482597 445324 90968.5 52327.9 354355 37273 346916 7438.9 30031.1 22550.6 7480.55 38640.5 7241.85 1441.39 4.883e+06 56655.1 13185.5
internal_count=20700787 19964104 19494609 2448506 811653 17046103 469495 16948451 97652 206392 179015 27377 1636853 263103 17049 736683 10805 3970
is_linear=0
shrinkage=0.0581682


Tree=12
num_leaves=20
num_cat=0
split_feature=18 11 22 3 11 4 21 3 21 3 8 9 12 22 0 0 2 1 1
split_gain=2.15774e+06 56920.4 51039.8 51840.7 49027.7 80360.8 41594.1 20798.2 415.491 2359.08 17068.9 2133.09 162.759 827.618 121.652 21.1665 138.447 117.826 101.799
threshold=1.0000000180025095e-35 0.33030201494693762 -0.91597560048103321 56.704708099365241 0.98092535138130199 17.358285903930668 -0.6035533845424651 0.53466820716857921 0.91597560048103344 1.9713853001594546 1.0000000180025095e-35 -14.359344482421873 12.485296726226808 0.78656607866287243 1.0000000180025095e-35 0.018378766253590587 0.47854654490947729 0.034306513145565994 0.070271264761686339
decision_type=2 10 2 10 10 8 2 10 2 8 2 2 10 2 10 8 10 10 10
left_child=1 8 4 7 5 -3 -5 -4 12 10 -10 -11 14 -14 -1 16 17 -2 -19
right_child=15 2 3 6 -6 -7 -8 -9 9 11 -12 -13 13 -15 -16 -17 -18 18 -20
leaf_value=-0.059430745517173568 0.095290477728901424 0.11712792694462185 0.027560773030330065 0.066639497888610483 -0.061416616232706778 -0.024313593132304336 -0.045676592868812857 -0.048344514983193879 -0.059255243398662269 0.15244785968082677 0.24661365662654949 -0.05880925097062039 -0.056337935522348191 0.066229077475593756 -0.055694139801021933 0.10137055361495799 0.1012910047382731 0.091026980408306479 0.04819256174905192
leaf_weight=51221.953480442986 12509.249525010586 30938.665771344677 13221.984285177663 30644.498637765646 15720.931658387184 24227.837181940675 17533.480459073558 158777.31604853459 3913.8647401574999 157.92314035631716 728.23140101134777 20043.386629363522 1078.6995393820107 218.5541976056993 98981.340532196686 4764695.3963586986 42558.410022258759 465.4876988530159 446.98263120651245
leaf_count=2526392 3443 223557 561022 410500 396029 744604 808995 7806995 189998 7860 33104 1061787 49145 8913 5135203 725878 6744 152 466
internal_value=0.0897788 -0.0295481 -0.0137459 -0.0275679 0.0291787 0.0550059 0.0257554 -0.0425066 -0.0556271 -0.0485094 -0.010998 -0.0571052 -0.0567902 -0.0352282 -0.0569727 0.101349 0.0994808 0.0936797 0.0708109
internal_weight=5.28808e+06 467409 291065 220177 70887.4 55166.5 48178 171999 176344 24843.4 4642.1 20201.3 151501 1297.25 150203 4.82068e+06 55980.1 13421.7 912.47
internal_count=20700787 19964104 10951702 9587512 1364190 968161 1219495 8368017 9012402 1292749 223102 1069647 7719653 58058 7661595 736683 10805 4061 618
is_linear=0
shrinkage=0.0581682


Tree=13
num_leaves=19
num_cat=0
split_feature=18 11 21 9 4 22 4 22 11 21 9 11 17 12 22 10 12 2
split_gain=1.93984e+06 55242 46105.1 27213.9 38791.3 6581.74 5225.18 16058.6 2760.9 430.09 1660.11 15515.2 1551.09 167.863 755.24 128.169 9.40953 0.632687
threshold=1.0000000180025095e-35 0.33030201494693762 0.37940952181816107 26.172161102294925 9.2711071968078631 0.60355338454246532 4.6339969635009775 -0.37940952181816096 0.99999997019767772 0.91597560048103344 -14.359344482421873 0.10665662959218027 0.10788333788514139 12.485296726226808 0.78656607866287243 1.0000000180025095e-35 0.011456623673439028 0.057478874921798713
decision_type=2 10 2 2 10 2 10 2 10 2 2 10 8 10 2 10 8 8
left_child=1 9 3 4 -3 -5 7 -4 -8 13 11 -11 -12 15 -15 -1 17 -2
right_child=16 2 6 5 -6 -7 8 -9 -10 10 12 -13 -14 14 -16 -17 -18 -19
leaf_value=-0.059356593214871127 0.093613048234588297 0.032084820414118156 0.11340172409638151 0.072023458322014539 -0.025016811420096621 -0.052803510138043713 -0.056283990915647696 -0.053997955373940247 0.012730998569583646 1.6531801826510757 -0.025246773663957889 -0.05563684425529497 -0.058650916310497153 -0.056058414998657526 0.058624894956508043 -0.055426531573333652 0.097194132691728025 0.097291608941819235
leaf_weight=48386.072249764577 21290.289009645581 61069.016454478726 2636.0536306574941 20294.373870989308 118067.69711583108 1530.6172991879284 73029.111358357593 7290.3682548552752 2004.2457596063614 15.669853290542958 6587.4661872405559 167.1089068762958 16971.967844899744 1022.692078396678 232.65277951397002 93825.850306075066 4701495.4681501687 14721.735375285149
leaf_count=2526392 4828 1733169 121377 101268 4630010 41177 3929740 344280 50681 153 331441 7707 953448 49145 8913 5135203 729561 2294
internal_value=0.0861812 -0.0287975 -0.0132637 0.0019221 -0.00554791 0.063242 -0.0491868 -0.00947272 -0.0544346 -0.0553562 -0.0479591 0.124147 -0.0493341 -0.056576 -0.0343572 -0.0567683 0.0971787 0.0951396
internal_weight=5.19064e+06 453131 285921 200962 179137 21825 84959.8 9926.42 75033.4 167209 23742.2 182.779 23559.4 143467 1255.34 142212 4.73751e+06 36012
internal_count=20700787 19964104 10951702 6505624 6363179 142445 4446078 465657 3980421 9012402 1292749 7860 1284889 7719653 58058 7661595 736683 7122
is_linear=0
shrinkage=0.0581682


Tree=14
num_leaves=21
num_cat=0
split_feature=18 11 22 3 11 4 21 4 21 3 10 9 12 22 0 0 2 3 3 12
split_gain=1.75524e+06 53765.6 44150.4 47436.3 43158.7 65599.7 34047.3 19589.1 444.107 2370.12 10503.6 1450.78 172.856 693.415 135.057 29.1119 142.194 27.0915 352.576 131.391
threshold=1.0000000180025095e-35 0.33030201494693762 -0.91597560048103321 56.704708099365241 0.98092535138130199 32.575725555419929 -0.6035533845424651 2.0367377996444707 0.91597560048103344 1.9713853001594546 0.0004097924975212664 -14.359344482421873 12.485296726226808 0.78656607866287243 1.0000000180025095e-35 0.018378766253590587 0.33584953844547277 3.493651390075684 0.53466820716857921 0.011456623673439028
decision_type=2 10 2 10 10 10 2 10 2 8 10 2 10 2 10 8 10 10 10 10
left_child=1 8 4 7 5 -3 -5 -4 12 10 -10 -11 14 -14 -1 16 17 18 -2 -19
right_child=15 2 3 6 -6 -7 -8 -9 9 11 -12 -13 13 -15 -16 -17 -18 19 -20 -21
leaf_value=-0.059286694527730464 0.086674677720174606 0.086953192832049636 0.013407930314788045 0.059440852837321916 -0.061251804554489461 -0.054329989598939137 -0.044318255485603655 -0.048826321459814172 -0.058680068576338881 0.087519325707093892 0.15072421369188677 -0.058628310227182616 -0.05577393851903286 0.052275927365114529 -0.05515217882844619 0.093580620337887804 0.093402864672657016 0.094332796682103412 0.043228344243077185 0.068601284320299466
leaf_weight=45704.083535384387 6210.0311597138643 42021.741493687034 19443.869542280212 31824.033608935773 15006.832826174796 15113.274597302079 16111.762338466942 142059.98558888026 3452.9583844281733 226.90554210729897 1053.9591383319348 17961.174171701074 969.70131980441511 245.84006848931313 88951.470626428723 4583601.5914378166 41332.906828001142 4638.806627035141 762.02321344614029 1010.9065446406603
leaf_count=2526392 1829 408569 795424 410500 396029 559592 808995 7572593 181416 7860 41686 1061787 49145 8913 5135203 725878 6835 774 765 602
internal_value=0.0830216 -0.0279881 -0.0127299 -0.0262488 0.0265114 0.0495729 0.0245571 -0.0413311 -0.05508 -0.0474024 -0.0095225 -0.0567624 -0.0563579 -0.0334846 -0.0565603 0.0935576 0.0915887 0.0855857 0.0820135 0.0898561
internal_weight=5.0777e+06 440148 281581 209440 72141.8 57135 47935.8 161504 158566 22695 4506.92 18188.1 135871 1215.54 134656 4.63756e+06 53954.7 12621.8 6972.05 5649.71
internal_count=20700787 19964104 10951702 9587512 1364190 968161 1219495 8368017 9012402 1292749 223102 1069647 7719653 58058 7661595 736683 10805 3970 2594 1376
is_linear=0
shrinkage=0.0581682


Tree=15
num_leaves=20
num_cat=0
split_feature=18 11 21 0 4 21 4 22 11 21 4 4 9 11 4 7 0 11 2
split_gain=1.59598e+06 52038.9 41055.8 21849.9 44498.4 10747.4 5177.33 13818.4 2835.29 458.984 1401.31 6585.88 1326.83 182.732 567.826 169.214 31.7874 147.585 209.245
threshold=1.0000000180025095e-35 0.33030201494693762 0.37940952181816107 16.552665710449222 9.2711071968078631 -1.0000000180025095e-35 4.6339969635009775 -0.37940952181816096 0.99999997019767772 0.91597560048103344 14.991091728210451 8.2655978202819842 -14.359344482421873 0.25196279585361486 4.6339969635009775 -18.60026931762695 0.018378766253590587 0.0044542979449033746 0.16095508635044101
decision_type=2 10 2 10 10 2 10 2 10 2 8 10 2 10 10 2 8 10 10
left_child=1 9 3 4 -3 -5 7 -4 -8 13 11 -11 -12 15 -15 -1 17 18 -2
right_child=16 2 6 5 -6 -7 8 -9 -10 10 12 -13 -14 14 -16 -17 -18 -19 -20
leaf_value=0.033250199848013307 0.072912031099960764 0.028386498745026034 0.098113117183912288 0.044488577181553489 -0.03555413567434286 -0.057566193830179288 -0.055852654249968277 -0.053543237745585323 0.015121775081639881 -0.058870210435713041 0.07617478917728672 0.07673722423367163 -0.058470956974124154 -0.012665635210707248 -0.053305255254384946 -0.057086648909146581 0.090411749995102819 0.090225447926349317 0.089244604848733255
leaf_weight=61.978945724666119 5320.5669811218977 62923.679446689785 2889.8480564001948 43420.065902626142 88770.760305453092 3789.7078710049391 66038.259256576188 6822.8524319697171 1950.2258182913065 4648.4146303012967 245.57261061482131 1632.4581158868968 15170.120706485584 1286.6856574825943 15925.709999673069 111414.7974546738 4471582.7364505678 40455.976313814521 6925.2449261397123
leaf_count=3629 2521 1732521 121377 502489 4103640 166974 3929740 344280 50681 245626 7860 90031 949232 68832 953707 6693485 725878 7010 1274
internal_value=0.0802427 -0.0272556 -0.0122802 0.00172474 -0.00902853 0.0362832 -0.0481341 -0.00835546 -0.0538101 -0.054796 -0.0468243 -0.0235321 -0.0562791 -0.0561353 -0.0502945 -0.0570315 0.0903882 0.0883775 0.0822097
internal_weight=4.95128e+06 426991 276605 198904 151694 47209.8 77701.2 9712.7 67988.5 150386 21696.6 6280.87 15415.7 128689 17212.4 111477 4.52428e+06 52701.8 12245.8
internal_count=20700787 19964104 10951702 6505624 5836161 669463 4446078 465657 3980421 9012402 1292749 335657 957092 7719653 1022539 6697114 736683 10805 3795
is_linear=0
shrinkage=0.0581682


Tree=16
num_leaves=21
num_cat=0
split_feature=18 11 21 11 4 9 4 11 11 21 3 8 9 11 4 7 0 2 11 3
split_gain=1.45876e+06 50493 38587.5 20868.9 41220.5 12732.2 5108.58 11758.8 2760.29 475.166 2453 11132.8 1233.03 191.526 565.337 163.501 34.9934 143.433 289.763 2786.21
threshold=1.0000000180025095e-35 0.33030201494693762 0.37940952181816107 0.99999806284904491 9.2711071968078631 -34.654621124267571 4.6339969635009775 0.65387439727783214 0.99999997019767772 0.91597560048103344 1.9713853001594546 1.0000000180025095e-35 -14.359344482421873 0.25196279585361486 4.6339969635009775 -18.60026931762695 0.018378766253590587 0.33584953844547277 0.0099413916468620318 2.9512569904327397
decision_type=2 10 2 10 10 2 10 10 10 2 8 2 2 10 10 2 8 10 10 10
left_child=1 9 3 4 -3 -5 7 -4 -8 13 11 -11 -12 15 -15 -1 17 18 19 -2
right_child=16 2 6 5 -6 -7 8 -9 -10 10 12 -13 -14 14 -16 -17 -18 -19 -20 -21
leaf_value=0.030486952322539548 -0.041163295276192197 0.055720844754196128 0.093348296249411197 0.24222825617413954 -0.0084127535034815432 -0.04595210196308197 -0.055612331381970893 -0.048676514157550234 0.014072922173200327 -0.059012222663978181 0.067016915632511609 0.16168169651485603 -0.05846613727583827 -0.012081467938398628 -0.052935640450986192 -0.056909239620559895 0.087619040067280912 0.087385993974576123 0.088776609396496703 0.083938208055272301
leaf_weight=63.999573536217213 671.2611363530159 47467.736572375521 2756.8268789686263 522.64494715444744 118655.14730265737 31703.475596078672 62567.978254766203 6896.6590171363205 1973.2884271536022 3274.9429823085666 262.92700015753508 1007.4729118105024 16202.871955358423 1271.125047635287 15127.667539987713 105437.08210962266 4349317.7591917068 39253.272696852684 6039.8679787963629 5367.7152404338121
leaf_count=3629 1579 1106196 130897 21576 4203059 1174793 3929740 334760 50681 189998 7860 33104 1061787 68832 953707 6693485 725878 6835 1025 1366
internal_value=0.0777613 -0.0264634 -0.0117857 0.00159895 0.00991129 -0.0412336 -0.047571 -0.00805197 -0.0534748 -0.0545026 -0.0462198 -0.00688655 -0.0564208 -0.0559073 -0.0497973 -0.0568512 0.0875948 0.0855273 0.0794243 0.0699468
internal_weight=4.81584e+06 415192 272544 198349 166123 32226.1 74194.8 9653.49 64541.3 142648 20748.2 4282.42 16465.8 121900 16398.8 105501 4.40065e+06 51332.1 12078.8 6038.98
internal_count=20700787 19964104 10951702 6505624 5309255 1196369 4446078 465657 3980421 9012402 1292749 223102 1069647 7719653 1022539 6697114 736683 10805 3970 2945
is_linear=0
shrinkage=0.0581682


Tree=17
num_leaves=20
num_cat=0
split_feature=18 11 22 3 11 4 21 3 21 3 8 9 11 4 7 0 11 3 3
split_gain=1.33998e+06 49035.6 36714.1 42854.9 36756.5 51211.4 26487.7 17716 489.664 2411.88 9029.72 1151.61 200.571 562.175 158.321 38.1313 141.487 2678.79 1306.03
threshold=1.0000000180025095e-35 0.33030201494693762 -0.91597560048103321 56.704708099365241 0.98092535138130199 32.575725555419929 -0.6035533845424651 0.53466820716857921 0.91597560048103344 1.9713853001594546 1.0000000180025095e-35 -14.359344482421873 0.25196279585361486 4.6339969635009775 -18.60026931762695 0.018378766253590587 0.0044542979449033746 2.9512569904327397 0.35423782467842108
decision_type=2 10 2 10 10 10 2 10 2 8 2 2 10 10 2 8 10 10 10
left_child=1 8 4 7 5 -3 -5 -4 12 10 -10 -11 14 -14 -1 16 17 18 -2
right_child=15 2 3 6 -6 -7 -8 -9 9 11 -12 -13 13 -15 -16 -17 -18 -19 -20
leaf_value=0.028021257587029998 -0.15578624270555511 0.074044858883502179 0.022501999945054172 0.052333922572168137 -0.060976064921129808 -0.053684180119099444 -0.042306676743866435 -0.046195160225735443 -0.058940656927019004 0.059471018176470318 0.13030567463150564 -0.058377715854849667 -0.011517694703866372 -0.052554419767638597 -0.056728516771529375 0.085142818146372631 0.084847133360169594 0.084052978213622981 0.01678184535801169
leaf_weight=65.907879836857319 199.48888801038265 45156.398787254468 14011.732412705198 33125.903369089589 13943.681386271492 13879.483165153302 14327.428318505175 134832.63064191211 3093.5270959930494 279.08688968233764 1172.5878301672637 15309.754219166934 1256.4503180412576 14373.380257069133 99786.697031740099 4219298.8600857407 38231.400516301394 10907.865230634809 531.66670401394367
leaf_count=3629 865 408569 561022 410500 396029 559592 808995 7806995 189998 7860 33104 1061787 68832 953707 6693485 725878 7010 2206 724
internal_value=0.0755294 -0.0256394 -0.0112813 -0.0243784 0.0239407 0.0440069 0.0237497 -0.0397251 -0.0542031 -0.0456195 -0.00675024 -0.0562261 -0.0556736 -0.0492852 -0.0566674 0.0851178 0.0829885 0.0768195 -0.0304099
internal_weight=4.67378e+06 404615 269277 196298 72979.6 59035.9 47453.3 148844 135337 19855 4266.11 15588.8 115482 15629.8 99852.6 4.26917e+06 49870.4 11639 731.156
internal_count=20700787 19964104 10951702 9587512 1364190 968161 1219495 8368017 9012402 1292749 223102 1069647 7719653 1022539 6697114 736683 10805 3795 1589
is_linear=0
shrinkage=0.0581682


Tree=18
num_leaves=21
num_cat=0
split_feature=18 11 21 3 22 22 4 22 11 21 3 2 9 12 22 0 0 2 11 3
split_gain=1.23386e+06 47302.8 34273.5 18952.5 25634 8692.29 5121.82 11873.6 2820.08 503.954 2371.4 7851.86 1082.77 211.473 732.884 168.998 41.2182 149.465 261.567 1770.93
threshold=1.0000000180025095e-35 0.33030201494693762 0.37940952181816107 116.18691253662111 -0.91597560048103321 0.37940952181816107 4.6339969635009775 -0.37940952181816096 0.99999997019767772 0.91597560048103344 1.9713853001594546 0.47854654490947729 -14.359344482421873 12.485296726226808 0.78656607866287243 1.0000000180025095e-35 0.018378766253590587 0.47854654490947729 0.016506616026163105 2.9512569904327397
decision_type=2 10 2 10 2 2 10 2 10 2 8 10 2 10 2 10 8 10 10 10
left_child=1 9 3 4 -3 -5 7 -4 -8 13 11 -11 -12 15 -15 -1 17 18 19 -2
right_child=16 2 6 5 -6 -7 8 -9 -10 10 12 -13 -14 14 -16 -17 -18 -19 -20 -21
leaf_value=-0.059052144318605379 -0.010764876748585051 0.022789836879183865 0.085857327606458658 0.015462021715903069 -0.021783593593284686 0.10362660155463767 -0.055162868124536614 -0.052887024809002238 0.016209956690713106 -0.047926610554333123 0.053149334486698611 0.14465472802231907 -0.058290209625022613 -0.054595546675686231 0.063226946943597512 -0.053956689300553827 0.082935415455593603 0.082695348304302835 0.083858679249907281 0.078451837828351731
leaf_weight=36641.316574971192 868.72463531792164 73166.792476780713 3131.0666332580149 6944.1683524530381 108208.86829556711 8345.4252703515813 56790.368563170545 6234.4469081237912 1926.3445820510387 3338.5120134316385 294.15388559736311 907.07287435233593 14465.678547493182 788.24636766221374 223.92584692500532 71763.658464107662 4083646.9181977212 36565.966779097915 5660.8555516302586 5244.7571773082018
leaf_count=2526392 1611 1346820 121377 76684 5046095 36025 3929740 344280 50681 189826 7860 33276 1061787 49145 8913 5135203 725878 6744 1012 1438
internal_value=0.0735402 -0.0249258 -0.0108714 0.00144093 -0.00380039 0.0636264 -0.0464411 -0.00644111 -0.0528135 -0.053895 -0.0450064 -0.00658048 -0.0560271 -0.0554334 -0.0279763 -0.055685 0.0829096 0.0807138 0.0744976 0.0657104
internal_weight=4.52516e+06 393170 264747 196665 181376 15289.6 68082.2 9365.51 58716.7 128423 19005.4 4245.58 14759.8 109417 1012.17 108405 4.13199e+06 48340.3 11774.3 6113.48
internal_count=20700787 19964104 10951702 6505624 6392915 112709 4446078 465657 3980421 9012402 1292749 223102 1069647 7719653 58058 7661595 736683 10805 4061 3049
is_linear=0
shrinkage=0.0581682


Tree=19
num_leaves=21
num_cat=0
split_feature=18 11 21 0 4 21 4 22 11 21 3 4 9 11 4 7 0 2 11 3
split_gain=1.1406e+06 45752.9 32158 18016.7 35266.4 8859.46 5033.99 10281.7 2739.1 519.041 2332.72 7350 1023.72 221.591 590.738 157.9 44.4827 151.979 256.729 2215
threshold=1.0000000180025095e-35 0.33030201494693762 0.37940952181816107 16.552665710449222 9.2711071968078631 -1.0000000180025095e-35 4.6339969635009775 -0.37940952181816096 0.99999997019767772 0.91597560048103344 1.9713853001594546 8.2655978202819842 -14.359344482421873 0.25196279585361486 4.6339969635009775 -18.60026931762695 0.018378766253590587 0.47854654490947729 0.0099413916468620318 2.9512569904327397
decision_type=2 10 2 10 10 2 10 2 10 2 8 10 2 10 10 2 8 10 10 10
left_child=1 9 3 4 -3 -5 7 -4 -8 13 11 -11 -12 15 -15 -1 17 18 19 -2
right_child=16 2 6 5 -6 -7 8 -9 -10 10 12 -13 -14 14 -16 -17 -18 -19 -20 -21
leaf_value=0.028543198584422343 -0.033071019582778416 0.02325686373974447 0.074369885651299816 0.03939812973242738 -0.033875293094302136 -0.057224213327107754 -0.054902617044219691 -0.052496032534718164 0.01507218204012354 -0.05868590587827275 0.047780353492246179 0.10596254602665542 -0.058203314091709889 -0.0082926284690433821 -0.051750488410814428 -0.056357548370404603 0.080958261267565487 0.080690174652733482 0.081418563159468757 0.076690982092521329
leaf_weight=65.481206607073545 701.57442978024483 65418.777789665386 3396.3286139201373 44344.458681352437 82839.121048993431 3454.44040700607 53827.858310145326 5924.7162473872304 1950.8188739474863 2888.1866946443915 308.21683355048299 1338.6335657481104 13668.030479303561 1178.4558071587235 12976.722794615664 89464.897904693149 3944161.7783643007 35331.424257189035 5689.004777058959 5042.9886764585972
leaf_count=3629 1582 1732521 121377 502489 4103640 166974 3929740 344280 50681 160864 7860 62238 1061787 68832 953707 6693485 725878 6744 1091 1388
internal_value=0.0717291 -0.0241494 -0.0104131 0.00134715 -0.00866311 0.0324022 -0.0458344 -0.0062136 -0.0524472 -0.0535761 -0.0443712 -0.00639158 -0.0558232 -0.0551863 -0.0481644 -0.0562896 0.0809315 0.0786613 0.0723285 0.0632015
internal_weight=4.37397e+06 383045 261157 196057 148258 47798.9 65099.7 9321.04 55778.7 121889 18203.1 4226.82 13976.2 103686 14155.2 89530.4 3.99093e+06 46765 11433.6 5744.56
internal_count=20700787 19964104 10951702 6505624 5836161 669463 4446078 465657 3980421 9012402 1292749 223102 1069647 7719653 1022539 6697114 736683 10805 4061 2970
is_linear=0
shrinkage=0.0581682


Tree=20
num_leaves=21
num_cat=0
split_feature=18 11 21 11 4 7 4 11 6 21 3 8 9 12 22 0 0 2 11 3
split_gain=1.05776e+06 44178.8 30134 17065.2 29850.7 10529 4943.58 9927.06 2679.8 537.08 2788.21 8543.4 648.861 270.918 661.892 147.003 47.5535 154.218 250.35 2056.31
threshold=1.0000000180025095e-35 0.33030201494693762 0.37940952181816107 0.99999806284904491 9.2711071968078631 -13.04354667663574 4.6339969635009775 0.65387439727783214 40.786710739135749 0.78656607866287243 2.4444085359573369 1.0000000180025095e-35 -14.359344482421873 12.485296726226808 0.78656607866287243 0.10564571991562845 0.018378766253590587 0.47854654490947729 0.0099413916468620318 2.9512569904327397
decision_type=2 10 2 10 10 2 10 10 10 2 8 2 2 10 2 10 8 10 10 10
left_child=1 9 3 4 -3 -5 7 -4 -8 13 11 -11 -12 15 -15 -1 17 18 19 -2
right_child=16 2 6 5 -6 -7 8 -9 -10 10 12 -13 -14 14 -16 -17 -18 -19 -20 -21
leaf_value=-0.058499317671562391 -0.030898586308458501 0.045594524239510416 0.081045361868157903 0.20891664261842047 -0.0079098799752233863 -0.044268160937637656 -0.05464454829854918 -0.047570938467813517 0.014195238101193837 -0.055067509085519821 0.0099353720235853121 0.093732685855024117 -0.057794218471202627 -0.053219009695632709 0.061601123304037976 -0.053447007451356249 0.079179748848835468 0.078883694639852994 0.079499072802840812 0.074680934136008972
leaf_weight=40612.148078084923 707.35054941475391 50905.268064938486 2994.5683709830046 561.79555272962898 114902.09335487802 29049.392780512571 51025.585421015508 6280.4212881065905 1976.7454558052123 4528.5183250941336 478.54722700081766 1828.4732398847118 20531.326634402387 618.72325236164033 226.93789355829358 46890.02090672683 3802368.7445696294 34075.546407327056 5493.3488176316023 4882.3665051460266
leaf_count=3122929 1582 1106196 130897 24451 4203059 1171918 3906386 334760 74035 322882 20263 65005 1687229 42022 8913 3743159 725878 6744 1091 1388
internal_value=0.0700806 -0.0233881 -0.00997855 0.00124876 0.00851512 -0.0394209 -0.0452125 -0.00598355 -0.0520687 -0.053246 -0.0460142 -0.0121699 -0.0562308 -0.0554793 -0.021778 -0.0557993 0.0791521 0.0768056 0.0703517 0.0612353
internal_weight=4.22094e+06 373411 257696 195419 165807 29611.2 62277.3 9274.99 53002.3 115715 27366.9 6356.99 21009.9 88347.8 845.661 87502.2 3.84753e+06 45158.6 11083.1 5589.72
internal_count=20700787 19964104 10951702 6505624 5309255 1196369 4446078 465657 3980421 9012402 2095379 387887 1707492 6917023 50935 6866088 736683 10805 4061 2970
is_linear=0
shrinkage=0.0581682


Tree=21
num_leaves=21
num_cat=0
split_feature=18 0 22 4 2 9 4 21 3 10 4 1 22 10 5 0 2 1 3 3
split_gain=984478 36295.3 36674.6 37565 42472.4 14669.3 10341.1 6427.84 5899.74 2816.87 2584.36 4155.81 3502.36 2532.56 1872.31 50.6243 156.622 176.584 324.896 111.176
threshold=1.0000000180025095e-35 24.944375991821293 -0.91597560048103321 17.358285903930668 3.0521277189254765 26.172161102294925 2.0367377996444707 -1.0000000180025095e-35 96.758964538574233 0.58742189407348644 30.95413970947266 46.90684890747071 -0.91597560048103321 0.80695226788520824 13.899402618408205 0.018378766253590587 0.47854654490947729 0.034306513145565994 6.8354499340057382 3.493651390075684
decision_type=2 10 2 8 10 2 8 2 10 10 10 10 2 8 10 8 10 10 10 10
left_child=1 2 3 4 -1 6 -4 10 -7 -5 12 -12 -3 -9 -15 16 17 19 -19 -2
right_child=15 7 5 9 -6 8 -8 13 -10 -11 11 -13 -14 14 -16 -17 -18 18 -20 -21
leaf_value=-0.060567790358089235 0.064719967903761666 0.11454940383268326 -0.0108797286378144 -0.056521330782095563 0.058120666165933837 -0.019119012330990594 -0.047562011661323858 -0.057557748578315249 0.085953770697150642 0.028538842589425368 0.0047260203137327265 0.05080040482668928 -0.059242548586048403 -0.05864042497624658 0.074607329575147402 0.077573815281906711 0.077249535973425668 0.077183856809634938 0 0.078341937408210952
leaf_weight=13252.286426244304 5723.899124160409 2778.324046432972 29816.787685615011 25840.931177879684 44232.082698202692 3176.4455406954512 205032.04571766965 3472.7166054891422 4173.0606641089544 1379.1009876597673 10030.187062969431 19620.383916260675 450.72786270454526 525.46504105255008 1077.3651631195098 3659552.3518052995 32809.871605113149 370.78819467127323 360.73592153191566 4272.3380442857742
leaf_count=483952 2581 2327 1488478 1565416 365291 69922 15459973 231929 27730 33847 91076 106764 6225 23154 8020 725878 6744 72 546 862
internal_value=0.068563 -0.0225994 -0.0288514 0.00408928 0.0307491 -0.0403734 -0.0429068 0.031235 0.040503 -0.0521932 0.0406448 0.0352308 0.0901197 -0.0296261 0.030635 0.0775451 0.0751177 0.0685316 0.0392862 0.0706137
internal_weight=4.06795e+06 364858 326903 84704.4 57484.4 242198 234849 37955.2 7349.51 27220 32879.6 29650.6 3229.05 5075.55 1602.83 3.70309e+06 43537.6 10727.8 731.524 9996.24
internal_count=20700787 19964104 19494609 2448506 849243 17046103 16948451 469495 97652 1599263 206392 197840 8552 263103 31174 736683 10805 4061 618 3443
is_linear=0
shrinkage=0.0581682


Tree=22
num_leaves=21
num_cat=0
split_feature=18 0 4 22 2 21 8 9 10 2 6 21 10 6 10 21 0 2 6 6
split_gain=916951 33574.4 40785.2 36673.8 37306.3 17195.8 9891.34 3401.32 4762.39 4724.43 3238.45 12601.7 3124.9 2527.75 2068.7 71.7834 55.6635 164.086 204.073 144.467
threshold=1.0000000180025095e-35 16.552665710449222 14.991091728210451 -0.91597560048103321 3.4786671400070195 -1.0000000180025095e-35 1.0000000180025095e-35 26.172161102294925 0.24201478064060214 56.067022323608406 19.164445877075199 -0.7865660786628722 0.48989559710025793 40.786710739135749 0.80695226788520824 0.98296290636062633 0.018378766253590587 0.47854654490947729 0.0334557592868805 0.067296903580427184
decision_type=2 10 8 2 10 2 2 2 10 8 10 2 10 10 10 2 8 10 10 10
left_child=1 2 3 4 -1 7 -5 9 -9 -3 12 -12 -4 15 -15 -7 17 18 -2 -20
right_child=16 5 10 6 -6 13 -8 8 -10 -11 11 -13 -14 14 -16 -17 -18 -19 19 -21
leaf_value=-0.053378401180958469 0.068890982421518906 -0.013946967648581063 -0.054098061993544125 -0.058634795577816638 0.057189335689372123 -0.057834132426616641 -0.01634952598111411 0.10164731980601215 0.036727089729735533 0.039519629183196563 0.076178592126723996 -0.05262453084752123 -0.011683987248282967 -0.058206288226556629 0.067247619821549559 -0.03830854538034148 0.076118691732892291 0.07576573549216005 0.062032540072420359 0.005849781159629544
leaf_weight=13692.472264329903 9736.3538323193789 8744.5317145437002 139529.61804023199 28871.256038377061 41912.31452056393 8856.7371924268082 53333.966282301582 5022.182557657361 16190.492909215391 15453.382136346772 3310.7523538423702 11411.675786470063 6164.0307226777077 726.73909752536565 1125.6184127461165 863.8887480981648 3516791.8235195726 31544.072608888149 312.51889204978943 338.90086434781551
leaf_count=487730 3456 260023 11385804 2075974 288839 623333 3143083 5271 76815 171222 151117 779192 390341 48463 7585 69312 725878 6744 136 469
internal_value=0.0671935 -0.0219215 -0.0297391 -0.00652691 0.0299532 0.0189846 -0.0312077 0.0351204 0.0521339 0.0201826 -0.049677 -0.0236183 -0.0523067 -0.0442849 0.017792 -0.056158 0.0760886 0.0735451 0.0667343 0.0336467
internal_weight=3.91393e+06 355210 298226 137810 55604.8 56983.6 82205.2 45410.6 21212.7 24197.9 160416 14722.4 145694 11573 1852.36 9720.63 3.55872e+06 41931.8 10387.8 651.42
internal_count=20700787 19964104 18702080 5995626 776569 1262024 5219057 513331 82086 431245 12706454 930309 11776145 748693 56048 692645 736683 10805 4061 605
is_linear=0
shrinkage=0.0581682


Tree=23
num_leaves=22
num_cat=0
split_feature=18 8 4 22 2 21 22 9 22 21 10 10 9 22 2 21 0 2 1 3 3
split_gain=856095 30849.8 37356.3 32951.3 33136.7 13883.8 9915.66 8764.04 8381.92 7161.43 3096.38 2243.25 1622.99 1705.01 132.241 101.957 61.1098 173.357 213.648 268.022 119.861
threshold=1.0000000180025095e-35 14.947826385498049 14.991091728210451 -0.91597560048103321 3.0521277189254765 -1.0000000180025095e-35 0.91597560048103344 -34.654621124267571 0.60355338454246532 -0.6035533845424651 0.24201478064060214 0.48989559710025793 26.172161102294925 0.37940952181816107 108.40637969970705 0.98296290636062633 0.018378766253590587 0.33584953844547277 0.034306513145565994 6.8354499340057382 4.1257457733154306
decision_type=2 2 8 2 10 2 2 2 2 2 10 10 2 2 10 2 8 10 10 10 10
left_child=1 2 3 4 -1 8 -5 9 10 -4 -3 -9 15 -14 -10 -7 17 18 20 -20 -2
right_child=16 5 7 6 -6 12 -8 11 14 -11 -12 -13 13 -15 -16 -17 -18 -19 19 -21 -22
leaf_value=-0.060282273129441066 0.060826959035533291 0.077111909065068832 0.090366415457205626 -0.040158394832874283 0.050368980704239334 -0.057412483591771167 0.012422195823409862 -0.051715394449896875 -0.060402810326145501 -0.047507807967348867 0.0342499488114794 -0.012671658062466262 -0.059036427686755578 0.040547879100802743 -0.027972302388224672 -0.03140182258285297 0.074796093701813823 0.07437503647668775 0.073540112957388271 -0.0071248772038758554 0.07542460552789397
leaf_weight=11499.464156010188 5362.163507014513 6961.4066218836233 2765.7733970927075 64856.33719290141 44851.46178724803 6885.2236143732443 14912.563493785448 147235.71470790077 2698.9916247241199 2353.481092909351 32138.360806434415 5184.9870957806706 981.6566623551771 1414.1560735497624 578.44928806833923 646.58858747035265 3374986.9271640033 30570.227998107672 239.43881586194038 305.46196404099464 3859.3752255141735
leaf_count=458530 2582 51148 69640 4422021 318027 508915 796357 12283756 89878 167097 325144 329295 53945 29940 7584 52827 725878 6835 50 502 836
internal_value=0.065932 -0.0212591 -0.0285903 -0.00626735 0.0277785 0.0198924 -0.0303235 -0.0478749 0.0344027 0.0269172 0.0418992 -0.0503902 -0.041994 -0.000122968 -0.0548457 -0.0552521 0.0747644 0.0720944 0.0648847 0.0279001 0.0670126
internal_weight=3.76129e+06 345965 293660 136120 56350.9 52304.8 79768.9 157540 42377.2 5119.25 39099.8 152421 9927.62 2395.81 3277.44 7531.81 3.41532e+06 40336.7 9766.44 544.901 9221.54
internal_count=20700787 19964104 18844723 5994935 776557 1119381 5218378 12849788 473754 236737 376292 12613051 645627 83885 97462 561742 736683 10805 3970 552 3418
is_linear=0
shrinkage=0.0581682


Tree=24
num_leaves=20
num_cat=0
split_feature=18 11 21 11 4 9 4 11 11 21 4 8 9 12 22 0 0 11 6
split_gain=801113 38944.5 23703.9 15484.7 22666.2 8219.16 5238.6 9746.09 2478.57 648.43 1671.51 5090.35 737.243 298.013 653.02 181.074 66.6982 180.205 8.7771
threshold=1.0000000180025095e-35 0.33030201494693762 0.37940952181816107 0.99999806284904491 9.2711071968078631 -34.654621124267571 4.6339969635009775 0.70428475737571727 0.99999997019767772 0.78656607866287243 21.005540847778324 1.0000000180025095e-35 -14.359344482421873 12.485296726226808 0.78656607866287243 0.10564571991562845 0.018378766253590587 0.0044542979449033746 0.0334557592868805
decision_type=2 10 2 10 10 2 10 10 10 2 8 2 2 10 2 10 8 10 10
left_child=1 9 3 4 -3 -5 7 -4 -8 13 11 -11 -12 15 -15 -1 17 18 -2
right_child=16 2 6 5 -6 -7 8 -9 -10 10 12 -13 -14 14 -16 -17 -18 -19 -20
leaf_value=-0.058276073875098061 0.064036544975714829 0.039988200273597764 0.07620242748163869 0.15191493734320802 -0.0066786636603945989 -0.043644256085550497 -0.053604470393692143 -0.051417034169986268 0.013866308637291812 -0.055455668873925903 0.020109327931609095 0.041625893916009918 -0.057203624385831563 -0.052334230619006321 0.065393165384576568 -0.052178756420185005 0.07359053387411274 0.073080733453418645 0.051832692269070328
leaf_weight=33666.139844141901 8457.7634202837944 52106.432214863598 3357.0172574687749 742.04616690985858 108582.00021678861 27251.678970716894 42272.13052113913 5087.0720014935359 1914.7570420503616 5282.222771352157 420.07469968404621 2784.6663058008999 14273.085972385481 536.36834207642823 219.82886891625822 38754.089928280562 3234883.1069635451 29595.360136568546 705.6670143455267
leaf_count=3122929 3390 1106196 153960 21576 4203059 1174793 3929740 311697 50681 471631 20263 177502 1425983 42022 8913 3743159 725878 7010 405
internal_value=0.0647632 -0.0205977 -0.00813206 0.00149472 0.0084522 -0.0384232 -0.0426489 -0.000620416 -0.0506706 -0.0519472 -0.0432633 -0.0218896 -0.0549608 -0.0546399 -0.0174061 -0.0550221 0.0735572 0.0707543 0.0631655
internal_weight=3.61089e+06 337250 241313 188682 160688 27993.7 52631 8444.09 44186.9 95936.5 22760 8066.89 14693.2 73176.4 756.197 72420.2 3.27364e+06 38758.8 9163.43
internal_count=20700787 19964104 10951702 6505624 5309255 1196369 4446078 465657 3980421 9012402 2095379 649133 1446246 6917023 50935 6866088 736683 10805 3795
is_linear=0
shrinkage=0.0581682


Tree=25
num_leaves=18
num_cat=0
split_feature=18 11 21 11 4 6 4 22 11 0 3 4 4 0 11 3 6
split_gain=752517 37417.3 22116.4 14142.4 19530.1 7380.32 5108.99 12893.6 2700.26 674.66 5218.45 9987.4 998.73 73.1187 185.422 2541.45 3048.78
threshold=1.0000000180025095e-35 0.33030201494693762 0.37940952181816107 0.99999806284904491 9.2711071968078631 14.539714813232424 9.2711071968078631 -0.37940952181816096 0.99999997019767772 1.0000000180025095e-35 1.9713853001594546 8.2655978202819842 2.0367377996444707 0.018378766253590587 0.0044542979449033746 2.9512569904327397 1.0000000180025095e-35
decision_type=2 10 2 10 10 10 10 2 10 10 10 10 10 8 10 10 10
left_child=1 9 3 4 -3 -5 7 -4 -8 -1 11 -11 -12 14 15 16 -2
right_child=13 2 6 5 -6 -7 8 -9 -10 10 12 -13 -14 -15 -16 -17 -18
leaf_value=-0.058787727860913436 -0.16709757465695746 0.03664610657668272 0.064036863463685131 -0.053450865847735438 -0.0063220699913812397 0.020517843566146377 -0.056747776011607132 -0.0543080248589769 0.014278338462154242 -0.05284999642001792 0.15019450998065395 0.15124185564093676 -0.052487464122916432 0.072488796474386372 0.071911411076493459 0.070646377077700426 0.079036586819704754
leaf_weight=29948.483415112831 343.15215235948563 53507.219064693898 4893.2954031787813 21221.294579743408 108050.84889071342 5802.8084766119719 35156.285772383213 8548.3442428205162 1898.4476262200624 2240.2774390820414 77.25438860245049 1265.1907053487375 57664.748426673003 3097092.4984716624 28363.583414360881 8175.3686601370573 327.67962598800659
leaf_count=2934479 1527 1106196 249029 998158 4203059 198211 3483620 664725 48704 143621 4781 67523 5861998 725878 7010 2206 62
internal_value=0.0636535 -0.0198578 -0.00776338 0.00138971 0.00790692 -0.0375523 -0.0419513 -0.0111892 -0.0530968 -0.0515581 -0.0480126 0.0207943 -0.052198 0.0724536 0.069501 0.0616955 -0.046547
internal_weight=3.46458e+06 330274 239079 188582 161558 27024.1 50496.4 13441.6 37054.7 91196 61247.5 3505.47 57742 3.1343e+06 37209.8 8846.2 670.832
internal_count=20700787 19964104 10951702 6505624 5309255 1196369 4446078 913754 3532324 9012402 6077923 211144 5866779 736683 10805 3795 1589
is_linear=0
shrinkage=0.0581682


Tree=26
num_leaves=24
num_cat=0
split_feature=18 0 4 22 10 21 21 6 21 10 3 22 22 6 10 21 0 4 10 10 4 4 4
split_gain=708346 28290 35537.6 27294.6 29220.3 13173.6 9874.87 3369.65 10721.9 3269.34 3051.09 11734.9 5520.06 2345.2 1593.54 87.5191 76.657 242.035 725.577 7023.47 0.919134 16.0823 23.0319
threshold=1.0000000180025095e-35 16.552665710449222 14.991091728210451 -0.91597560048103321 0.58742189407348644 -1.0000000180025095e-35 -1.0000000180025095e-35 19.164445877075199 -0.7865660786628722 0.48989559710025793 116.18691253662111 0.37940952181816107 0.37940952181816107 40.786710739135749 0.80695226788520824 0.98296290636062633 0.018378766253590587 67.408809661865249 0.0004097924975212664 1.0000000180025095e-35 5.514719009399415 2.8502613306045537 3.7096611261367802
decision_type=2 10 8 2 10 2 2 10 2 10 10 2 2 10 10 2 8 10 10 10 8 10 10
left_child=1 2 3 4 -1 10 -5 9 -9 -4 11 -3 -12 15 -15 -7 17 18 19 -2 21 -18 -23
right_child=16 5 7 6 -6 13 -8 8 -10 -11 12 -13 -14 14 -16 -17 20 -19 -20 -21 -22 22 -24
leaf_value=0.044579340847109572 -0.17088306545490389 0.037074163544584371 -0.053021602883140867 -0.05010370809274247 -0.063551418025574777 -0.057448110089906301 -0.0078816390768002426 0.066232618914589689 -0.051467046947576992 -0.0078889444059450538 0.013910780943379339 -0.059223550408110684 0.085385316711714856 -0.057919186421231929 0.056722763978813859 -0.034439893045174461 0.071352450239492132 0.071412325293840853 0.071644895350306992 0.072271796851708342 0.071513230099259834 0.0663231188529224 0.070624164796731267
leaf_weight=46503.5566524975 463.82479128241539 26073.214248329401 116692.65413981024 36667.835407001898 10328.30552043207 7420.3702479880303 38391.181232441217 3562.2773937219754 9834.2399090696126 5719.3577948706225 6646.2719594370574 5116.1515187863261 8168.5495969764888 616.36944267898798 1196.9717148728669 730.08909285161644 81778.383114725351 26002.443093240261 6388.3318422287703 2814.6929074972868 2844772.0879546404 13272.34787414968 22289.02016492188
leaf_count=560513 2100 306802 11385804 2484156 216056 623333 2734901 151117 779192 390341 42538 143152 20839 48463 7585 69312 20202 6450 1586 669 695536 4374 5766
internal_value=0.0626163 -0.0191338 -0.0269976 -0.00548767 0.0249178 0.0184711 -0.028515 -0.0478832 -0.0201282 -0.0509165 0.0316096 0.0212591 0.0533607 -0.0421383 0.0174898 -0.0554557 0.0714429 0.0683793 0.0601511 0.0375674 0.0714796 0.0706572 0.0690385
internal_weight=3.32145e+06 323667 267699 131891 56831.9 55968 75059 135809 13396.5 122412 46004.2 31189.4 14814.8 9963.8 1813.34 8150.46 2.99778e+06 35669.3 9666.85 3278.52 2.96211e+06 117340 35561.4
internal_count=20700787 19964104 18702080 5995626 776569 1262024 5219057 12706454 930309 11776145 513331 449954 63377 748693 56048 692645 736683 10805 4355 2769 725878 30342 10140
is_linear=0
shrinkage=0.0581682


Tree=27
num_leaves=20
num_cat=0
split_feature=18 11 21 11 4 21 4 22 10 0 6 0 3 4 4 3 4 4 4
split_gain=666790 34964.7 19814.2 12473.8 16521.5 6766.45 4982.8 11564.4 4929.04 3264.2 2608.65 738.462 5077.32 8270.62 873.779 148.71 1.37719 22.206 36.0659
threshold=1.0000000180025095e-35 0.33030201494693762 0.37940952181816107 0.99999806284904491 9.2711071968078631 -0.98296290636062611 9.2711071968078631 -0.37940952181816096 1.0000000180025095e-35 1.0000000180025095e-35 40.786710739135749 1.0000000180025095e-35 1.9713853001594546 8.2655978202819842 2.0367377996444707 2.9512569904327397 5.514719009399415 2.8502613306045537 3.7096611261367802
decision_type=2 10 2 10 10 2 10 2 10 8 10 10 10 10 10 10 10 10 10
left_child=1 11 3 4 -3 -5 7 -4 9 15 -8 -1 13 -13 -14 -2 17 -10 -19
right_child=8 2 6 5 -6 -7 10 -9 16 -11 -12 12 14 -15 -16 -17 -18 18 -20
leaf_value=-0.058738250252843946 -0.13590343629476939 0.033677731443933635 0.05752790128124128 0.063562012396660372 -0.0057640854946380184 -0.045159288401027876 -0.056491764597528214 -0.05396889837981269 0.07047271824231649 0.068446326090154483 0.013595665284089292 -0.052332008094993526 0.12693808338386214 0.12962414738457054 -0.051803985577153058 -0.22045021973825515 0.070591862181847917 0.06484709944694024 0.069763215569343409
leaf_weight=27364.637184871361 372.27268962562084 54386.55122865364 5162.0351435886696 2104.8292126012966 105857.2451664703 23409.933800246567 31847.91779995244 8046.083802700974 81839.659811854362 345.1890634894371 1893.0480230553076 2097.4051855374128 87.378551289439201 1408.1334036113694 52403.668183064088 139.45247808098793 2746767.7084172964 12828.665293678641 22200.439245477319
leaf_count=2934479 1530 1106196 249029 102258 4203059 1094111 3458289 664725 21107 89 74035 143621 4781 67523 5861998 741 702740 4494 5982
internal_value=0.0616682 -0.0185096 -0.00692787 0.00160345 0.00762049 -0.0361653 -0.0406883 -0.0103586 0.0705152 -0.0684713 -0.0525464 -0.0508339 -0.0469597 0.0207149 -0.0514882 -0.161399 0.070557 0.0697323 0.0679825
internal_weight=3.18056e+06 316069 232708 185759 160244 25514.8 46949.1 13208.1 2.86449e+06 856.914 33741 83361.2 55996.6 3505.54 52491 511.725 2.86364e+06 116869 35029.1
internal_count=20700787 19964104 10951702 6505624 5309255 1196369 4446078 913754 736683 2360 3532324 9012402 6077923 211144 5866779 2271 734323 31583 10476
is_linear=0
shrinkage=0.0581682


Tree=28
num_leaves=20
num_cat=0
split_feature=18 11 21 9 21 4 22 0 22 0 11 0 3 4 4 3 4 4 4
split_gain=629922 33468.2 18440 11398.1 14345.1 4896.46 10349.1 4587.82 3752.88 2791.08 2578.89 765.608 4846.8 6691.94 765.732 69.4628 2.61422 23.6002 37.4968
threshold=1.0000000180025095e-35 0.33030201494693762 0.37940952181816107 26.172161102294925 -1.0000000180025095e-35 9.2711071968078631 -0.37940952181816096 1.0000000180025095e-35 0.60355338454246532 1.0000000180025095e-35 0.99999997019767772 1.0000000180025095e-35 1.9713853001594546 8.2655978202819842 2.0367377996444707 2.9512569904327397 5.514719009399415 2.8502613306045537 3.7096611261367802
decision_type=2 10 2 2 2 10 2 10 2 8 10 10 10 10 10 10 10 10 10
left_child=1 11 3 4 -3 6 -4 9 -5 15 -7 -1 13 -13 -14 -2 17 -9 -19
right_child=7 2 5 8 -6 10 -8 16 -10 -11 -12 12 14 -15 -16 -17 -18 18 -20
leaf_value=-0.058703063193879843 -0.12587600750461378 -0.01826448583246337 0.051218685633981881 0.045623477277114695 0.016908515365161057 -0.056325855667051783 -0.05366190062228849 0.069612095334588661 -0.052496374986524763 0.06753233073021786 0.013690844514015981 -0.051910225649792772 0.10646371430430795 0.10785901210799316 -0.051411991159483299 -0.18885497940434809 0.069740477057120956 0.063806790356495724 0.068876240512465922
leaf_weight=25833.320151672233 378.68095806241035 96351.367374379188 5451.808592886664 21755.360026739538 66168.13425988052 30161.1228122795 7633.6052392823622 78141.369515091181 1396.7224328052253 330.01804211735725 1880.2995469262823 1994.5299506820738 98.587335897609591 1588.5461891274899 49808.47744730534 153.56282016634941 2622250.5285711735 12295.311914741993 21207.71958398819
leaf_count=2934479 1530 4541950 249029 101268 1821229 3483620 664725 21107 41177 89 48704 143621 4781 67523 5861998 741 702740 4494 5982
internal_value=0.0607523 -0.0178128 -0.00660787 0.00149612 -0.00394164 -0.039957 -0.00993226 0.0696618 0.039678 -0.0640027 -0.0522033 -0.0504075 -0.0463892 0.0188573 -0.0510828 -0.146189 0.0697042 0.0688454 0.0670363
internal_weight=3.04488e+06 310122 230798 185672 162520 45126.8 13085.4 2.73476e+06 23152.1 862.262 32041.4 79323.5 53490.1 3583.08 49907.1 532.244 2.73389e+06 111644 33503
internal_count=20700787 19964104 10951702 6505624 6363179 4446078 913754 736683 142445 2360 3532324 9012402 6077923 211144 5866779 2271 734323 31583 10476
is_linear=0
shrinkage=0.0581682


Tree=29
num_leaves=20
num_cat=0
split_feature=18 11 21 10 0 4 22 0 6 0 0 3 4 4 22 3 4 4 4
split_gain=595617 31968.2 17146.5 12200.9 14674.5 4806.01 9313.27 4280.88 2555.91 2424.71 793.016 4634.58 5541.26 683.018 193.857 28.3212 3.94285 25.1933 39.1629
threshold=1.0000000180025095e-35 0.33030201494693762 0.37940952181816107 0.0059515063185244807 0.23178546875715259 9.2711071968078631 -0.37940952181816096 1.0000000180025095e-35 40.786710739135749 1.0000000180025095e-35 1.0000000180025095e-35 1.9713853001594546 8.2655978202819842 2.0367377996444707 -0.98296290636062611 2.9512569904327397 5.514719009399415 2.8502613306045537 3.7096611261367802
decision_type=2 10 2 10 10 10 2 10 10 8 10 10 10 10 2 10 10 10 10
left_child=1 10 3 14 -5 6 -4 9 -7 15 -1 12 -12 -13 -3 -2 17 -9 -19
right_child=7 2 5 4 -6 8 -8 16 -10 -11 11 13 -14 -15 -16 -17 -18 18 -20
leaf_value=-0.058669722559548998 -0.11770830916515852 -0.034935324787655576 0.045890317536710933 0.0630203531640047 0.00035233062780224176 -0.056177068275783108 -0.053344015274435441 0.068818073095687354 0.013644669176439091 0.066676934709166025 -0.051475677929789777 0.091003139630774388 0.091717340162071254 -0.051005365252112786 -0.058391233134811406 -0.16661305678873961 0.068956079343364521 0.062813371974699425 0.068052938948738095
leaf_weight=24386.959129549563 381.60083378851414 1476.9838049756363 5722.6654654480517 13728.10945974011 159486.06047967076 28554.936397666112 7243.9402364781126 74551.184572428465 1880.1215114276856 315.30033893883228 1897.2820952655748 109.02542919479311 1754.6349708773196 47357.671884536278 10433.18423246406 164.16615964472294 2501379.7825230956 11778.638225495815 20244.254643082619
leaf_count=2934479 1530 46833 249029 359510 5488718 3458289 664725 21107 74035 89 143621 4781 67523 5861998 610563 741 702740 4494 5982
internal_value=0.0598958 -0.0171529 -0.00630858 0.00140446 0.00532287 -0.0392136 -0.00951661 0.0688753 -0.0518494 -0.060319 -0.0499668 -0.0458024 0.0172427 -0.0506624 -0.0555299 -0.134358 0.0689182 0.068022 0.0661471
internal_weight=2.91285e+06 304032 228526 185124 173214 43401.7 12966.6 2.60881e+06 30435.1 861.067 75505.6 51118.6 3651.92 47466.7 11910.2 545.767 2.60795e+06 106574 32022.9
internal_count=20700787 19964104 10951702 6505624 5848228 4446078 913754 736683 3532324 2360 9012402 6077923 211144 5866779 657396 2271 734323 31583 10476
is_linear=0
shrinkage=0.0581682


Tree=30
num_leaves=17
num_cat=0
split_feature=18 11 21 10 0 0 22 3 0 0 0 3 22 9 22 3
split_gain=564699 30538.7 15933.2 11364.8 12349.1 4001.91 3172.49 6369.81 2480.81 2132.06 820.625 4436.85 4318.85 560.539 202.901 5.54076
threshold=1.0000000180025095e-35 0.33030201494693762 0.37940952181816107 0.0059515063185244807 0.23178546875715259 1.0000000180025095e-35 -0.6035533845424651 9.0574059486389178 31.733256340026859 1.0000000180025095e-35 1.0000000180025095e-35 1.9713853001594546 0.12940952181816107 -14.359344482421873 -0.98296290636062611 2.9512569904327397
decision_type=2 10 2 10 10 10 2 10 10 8 10 10 2 2 2 10
left_child=1 10 3 14 -5 9 7 -4 -8 15 -1 12 -12 -13 -3 -2
right_child=5 2 6 4 -6 -7 8 -9 -10 -11 11 13 -14 -15 -16 -17
leaf_value=-0.058638114187576307 -0.11092929494643426 -0.033892917333100035 0.040562009659036141 0.056627382103701267 0.00033175237290354207 0.06819252709867335 -0.051221716622925163 -0.053176261351835057 0.020628973321967524 0.065873777455563193 -0.057137136262450407 -0.0076086832401219924 0.06961031906971793 -0.051224924263170241 -0.058224874402156665 -0.15006303288291756
leaf_weight=23020.924428272992 381.62206615507603 1435.2457127440721 4580.060697442852 14369.141921265982 159525.70830048062 2485991.5410110801 30215.259779461194 5266.9587077707984 1707.9519779873081 301.05503633618355 1572.6858668327332 1043.7685002540238 2140.8372394018807 44118.342596437782 9870.9363283701241 171.89551255106926
leaf_count=2934479 1530 46833 256603 359510 5488718 734323 3469339 664752 55384 89 97226 117099 113918 5749680 610563 741
internal_value=0.0590701 -0.0164745 -0.00600707 0.00131032 0.00498714 0.0681492 -0.0384572 -0.00953746 -0.0473628 -0.0572254 -0.0495111 -0.0451992 0.0158211 -0.0502265 -0.0551857 -0.124884
internal_weight=2.78571e+06 298868 226971 185201 173895 2.48685e+06 41770.2 9847.02 31923.2 854.573 71896.6 48875.6 3713.52 45162.1 11306.2 553.518
internal_count=20700787 19964104 10951702 6505624 5848228 736683 4446078 921355 3524723 2360 9012402 6077923 211144 5866779 657396 2271
is_linear=0
shrinkage=0.0581682


Tree=31
num_leaves=22
num_cat=0
split_feature=18 0 4 10 0 3 22 22 0 22 6 8 10 10 10 10 0 22 4 4 4
split_gain=536202 23582.3 31051.9 23388 30306.2 4504.43 6987.78 4731.26 3746.5 3737.54 3489.98 5910.33 3422.55 2833.31 2604.47 2589.73 1892.64 701.281 7.44918 30.0673 44.8533
threshold=1.0000000180025095e-35 16.552665710449222 14.991091728210451 0.58742189407348644 1.0000000180025095e-35 116.18691253662111 0.37940952181816107 0.37940952181816107 1.0000000180025095e-35 -0.12940952181816107 19.164445877075199 2.9492456912994389 0.48989559710025793 0.25956088304519659 0.29945032298564916 0.80695226788520824 1.0000000180025095e-35 -0.91597560048103321 5.514719009399415 2.8502613306045537 3.7096611261367802
decision_type=2 10 8 8 10 10 2 2 10 2 10 2 10 10 10 10 8 2 10 10 10
left_child=1 2 3 4 -1 6 9 13 16 -3 12 -12 -4 -7 -9 -8 -2 -5 19 -10 -21
right_child=8 5 10 17 -6 7 15 14 18 -11 11 -13 -14 -15 -16 -17 -18 -19 -20 20 -22
leaf_value=-0.059187085166453414 -0.11712566937397995 0.0041545122729093539 -0.051712414875455803 -0.063277589430678433 0.024957546768927058 -0.039093248467149781 -0.05815258436615011 0.084595695670790061 0.067403486419203296 0.045321395775573557 -0.047822754398175328 0.035820670202736556 -0.0035046129527006322 0.037497427880858115 -0.027925242239125975 0.02430011704466695 0.065117225677112478 -0.04376732912624428 0.067563441114710687 0.060850520810780753 0.06656261473422434
leaf_weight=17682.980097460095 556.48659329116344 18934.640965328086 96369.946866066661 9803.9614438777789 79897.576699322555 2540.1645346325822 6201.1799740171991 7711.2405098071322 67708.769639477134 12338.508193387184 7547.7502398258075 4590.2941520777531 5274.1062305979431 4553.5414694072679 757.29952363483608 1616.4343450805172 287.29507918655872 18160.437950339634 2271275.8545899764 10748.633669480681 18398.03313241154
leaf_count=1691853 2271 525248 11385804 216056 2924509 82355 323585 44687 21107 231271 613270 317039 390341 16051 6968 31859 89 1163208 702740 4494 5982
internal_value=0.0582828 -0.0158108 -0.0236843 -0.00373384 0.00970328 0.0186593 0.00810829 0.045127 0.0674777 0.0204133 -0.0456928 -0.0161566 -0.0492152 0.0100079 0.0744772 -0.0410489 -0.0545887 -0.0506305 0.0675215 0.0665306 0.0644793
internal_weight=2.66296e+06 293980 239327 125545 97580.6 54653 39090.8 15562.2 2.36898e+06 31273.1 113782 12138 101644 7093.71 8468.54 7817.61 843.782 27964.4 2.36813e+06 96855.4 29146.7
internal_count=20700787 19964104 18702080 5995626 4616362 1262024 1111963 150061 736683 756519 12706454 930309 11776145 98406 51655 355444 2360 1379264 734323 31583 10476
is_linear=0
shrinkage=0.0581682


Tree=32
num_leaves=19
num_cat=0
split_feature=18 11 21 11 11 6 4 22 0 11 0 0 3 4 4 4 4 4
split_gain=509048 28049.4 14454.5 10822.5 15181 6627.16 4673.33 7989.45 3507.49 2437.7 1694.21 865.489 4187.06 4683.59 632.465 9.02625 32.1549 47.0607
threshold=1.0000000180025095e-35 0.33030201494693762 0.37940952181816107 0.99999806284904491 0.99999138712883007 10.498467445373537 9.2711071968078631 -0.37940952181816096 1.0000000180025095e-35 0.99999997019767772 1.0000000180025095e-35 1.0000000180025095e-35 1.9713853001594546 8.2655978202819842 2.0367377996444707 5.514719009399415 2.8502613306045537 3.7096611261367802
decision_type=2 10 2 10 10 10 10 2 10 10 8 10 10 10 10 10 10 10
left_child=1 11 3 4 -3 -5 7 -4 10 -8 -2 -1 13 -13 -14 16 -10 -18
right_child=8 2 6 5 -6 -7 9 -9 15 -11 -12 12 14 -15 -16 -17 17 -19
leaf_value=-0.058580602421481248 -0.11077068910904302 0.0031542900620662798 0.040151005899713217 -0.055735380715872529 0.090514645760033291 0.0094360224990449708 -0.055756609029676447 -0.052658861689677948 0.066773190740720384 0.012924314706012395 0.064402241753595754 -0.051254917423463713 0.083305129573681178 0.078155285124630214 -0.049807909800014497 0.066944034347802897 0.059966480854766635 0.065894629574304905
leaf_weight=20574.419536326546 554.48140428960323 151849.08010600042 6045.1028917683288 16386.234105694108 7039.0075664687902 7771.9679177682847 25040.191635189112 6514.1163136721589 64467.847183667123 1868.2425661711022 274.02830757200718 1854.6870731050149 115.09971825033426 1920.1618743352592 41266.318052614573 2162170.0360869542 10286.407717615366 17529.192894332111
leaf_count=2934479 2271 5081505 249029 882375 227750 313994 3483620 664725 21107 48704 89 143621 4781 67523 5861998 702740 4494 5982
internal_value=0.0575529 -0.0152349 -0.00537037 0.00151193 0.00702941 -0.0347546 -0.0372964 -0.00795673 0.066856 -0.050972 -0.0523197 -0.0486201 -0.0440677 0.0144814 -0.0494192 0.0669001 0.0658623 0.0637265
internal_weight=2.54353e+06 288245 222514 183046 158888 24158.2 39467.7 12559.2 2.25528e+06 26908.4 828.51 65730.7 45156.3 3774.85 41381.4 2.25445e+06 92283.4 27815.6
internal_count=20700787 19964104 10951702 6505624 5309255 1196369 4446078 913754 736683 3532324 2360 9012402 6077923 211144 5866779 734323 31583 10476
is_linear=0
shrinkage=0.0581682


Tree=33
num_leaves=19
num_cat=0
split_feature=18 11 21 10 11 4 22 0 6 0 0 17 21 9 22 4 4 4
split_gain=484872 26690.8 13392 10163.4 10568.2 4563.12 7276.82 3286.7 2425.54 1525.8 893.129 2809.22 3427.6 620.844 219.636 10.708 34.4297 49.4619
threshold=1.0000000180025095e-35 0.33030201494693762 0.37940952181816107 0.0059515063185244807 0.99999806284904491 9.2711071968078631 1.0000000180025095e-35 1.0000000180025095e-35 40.786710739135749 1.0000000180025095e-35 1.0000000180025095e-35 0.081298872828483595 0.78656607866287243 -14.359344482421873 -0.98296290636062611 5.514719009399415 2.8502613306045537 3.7096611261367802
decision_type=2 10 2 10 10 10 2 10 10 8 10 10 2 2 2 10 10 10
left_child=1 10 3 14 -5 6 -4 9 -7 -2 -1 12 -12 -13 -3 16 -9 -18
right_child=7 2 5 4 -6 8 -8 15 -10 -11 11 13 -14 -15 -16 -17 17 -19
leaf_value=-0.058553500287464727 -0.10537624213498607 -0.031906999696847634 0.031733555449282809 0.010293588632489631 -0.03261879782086613 -0.055589429313142813 -0.057761818995813584 0.066187614225431068 0.013212401774155927 0.063724319131722704 -0.046966351821660986 -0.002234399507048936 0.043302787377039874 -0.050410832653784023 -0.05796474480892199 0.066369891497908992 0.059108026811834774 0.065268232207415511
leaf_weight=19420.508624787908 549.32915782928467 1351.0951729230583 6981.0582059607841 150591.50329368096 22285.435849661008 23726.841438995209 5483.286798208952 61347.112522877753 1858.8206824576482 261.25815325975418 3087.0151654365472 946.2417739611119 2631.4000119352713 36577.104800219182 8983.5326249962673 2057113.9735591412 9842.0034109503031 16692.721382856369
leaf_count=2934479 2271 46833 320110 4738184 1110044 3458289 593644 21107 74035 89 318041 117090 137408 5505384 610563 702740 4494 5982
internal_value=0.0568273 -0.0146068 -0.0051134 0.0014064 0.00475879 -0.0365134 -0.00761157 0.0662794 -0.0505739 -0.050335 -0.0481193 -0.0434185 -0.00535686 -0.049207 -0.0546117 0.0663237 0.0652355 0.0630085
internal_weight=2.42973e+06 283924 221262 183212 172877 38050 12464.3 2.14581e+06 25585.7 810.587 62662.3 43241.8 5718.42 37523.3 10334.6 2.145e+06 87881.8 26534.7
internal_count=20700787 19964104 10951702 6505624 5848228 4446078 913754 736683 3532324 2360 9012402 6077923 455449 5622474 657396 734323 31583 10476
is_linear=0
shrinkage=0.0581682


Tree=34
num_leaves=19
num_cat=0
split_feature=18 10 0 4 10 7 0 4 12 10 0 4 0 3 2 4 4 3
split_gain=462173 20642.7 13281.6 25310.2 39302.3 9689.64 3082.13 2614.5 3525.59 1448.78 1430.05 2103.93 1381.12 911.016 641.045 12.4984 36.8897 132.194
threshold=1.0000000180025095e-35 0.0072626415640115747 24.944375991821293 9.2711071968078631 0.48989559710025793 13.387241363525392 1.0000000180025095e-35 30.95413970947266 17.846457481384281 0.98217648267745983 1.0000000180025095e-35 12.72542190551758 1.0000000180025095e-35 5.5102598667144784 75.527488708496108 5.514719009399415 2.8502613306045537 2.4444085359573369
decision_type=2 10 10 10 10 2 10 10 10 10 10 10 8 10 10 10 10 10
left_child=1 10 3 4 -3 -5 12 9 -9 -4 -1 13 -2 -12 -13 16 -8 -18
right_child=6 2 7 5 -6 -7 15 8 -10 -11 11 14 -14 -15 -16 -17 17 -19
leaf_value=-0.058883989493668826 -0.10074151575608142 0.039399485904843323 0.084438422071270114 -0.035865542814067349 -0.049987134485019992 0.019421658787509136 0.065642719412760939 -0.002096169302084012 0.035365178917778531 -0.060319307809511426 0.029282320390406694 -0.048838112576121945 0.063079397394544004 -0.042414929636665058 0.0050109673635368246 0.065837028912374376 0.054029509539754071 0.064751676492461593
leaf_weight=26444.093313688412 541.60203082859516 54933.550150842406 3085.9441059096716 105883.07838486275 23870.24368345039 11922.153563638683 58346.763957604766 14668.666314567905 20145.512687198818 246.74547110497952 2023.2538074408658 14700.240429640748 248.9843829497695 844.63288149423897 773.20258524967358 1956113.5509184524 5796.1178707182407 19507.86170296371
leaf_count=3522692 2271 1651779 9868 10381682 1134417 477106 21107 260813 190563 8251 107903 2058411 89 79525 81094 702740 3177 7299
internal_value=0.0561348 -0.0140071 -0.00710058 -0.0131963 0.0123173 -0.0302665 0.0657439 0.0243044 0.0195714 0.073536 -0.0501962 -0.0376376 -0.0485833 0.00799505 -0.0461209 0.0657885 0.0646461 0.0623212
internal_weight=2.3201e+06 279541 234756 196609 78803.8 117805 2.04055e+06 38146.9 34814.2 3332.69 44785.4 18341.3 790.586 2867.89 15473.4 2.03976e+06 83650.7 25304
internal_count=20700787 19964104 14114479 13644984 2786196 10858788 736683 469495 451376 18119 5849625 2326933 2360 187428 2139505 734323 31583 10476
is_linear=0
shrinkage=0.0581682


Tree=35
num_leaves=19
num_cat=0
split_feature=18 11 21 10 10 4 11 10 11 10 10 3 21 9 22 4 4 3
split_gain=440506 24475.3 12156.4 9018.27 9870.72 4335.19 6647.15 2892.13 2333.37 1255.53 925.838 3893.28 4217.35 641.042 235.116 14.4005 39.5342 136.451
threshold=1.0000000180025095e-35 0.33030201494693762 0.37940952181816107 0.0059515063185244807 0.98217648267745983 9.2711071968078631 0.77988579869270336 1.0000000180025095e-35 0.99999997019767772 1.0000000180025095e-35 1.0000000180025095e-35 2.4444085359573369 0.78656607866287243 -14.359344482421873 -0.98296290636062611 5.514719009399415 2.8502613306045537 2.4444085359573369
decision_type=2 10 2 10 10 10 10 10 10 8 10 10 2 2 2 10 10 10
left_child=1 10 3 14 -5 6 -4 9 -7 -2 -1 12 -12 -13 -3 16 -9 -18
right_child=7 2 5 4 -6 8 -8 15 -10 -11 11 13 -14 -15 -16 -17 17 -19
leaf_value=-0.058503035375095908 -0.096718244457270369 -0.029886783738583934 0.036184166291351613 0.0079448213838233857 -0.054720778893606374 -0.05528106413980205 -0.04892976987201042 0.065134928226550454 0.012524692165186299 0.062463796505993527 -0.053155680456720401 -0.00014947017206764265 0.059665783119612077 -0.04997454704836158 -0.057652461099720699 0.065341890585383797 0.053094251654452973 0.064193335317823202
leaf_weight=17296.018957583234 531.78585363924503 1274.1867634230293 6043.1057141772471 162572.8547434737 8968.7696220437065 21809.487961740233 6372.0104023264721 55466.191003642976 1852.1431903792545 237.20369407534599 2042.4557898472995 912.63173108035699 2471.6443364988081 34885.46362174442 8092.7172233266756 1859148.063084431 5562.1607596576214 18560.90105778724
leaf_count=2934479 2271 46833 350208 5434430 413798 3483620 563546 21107 48704 89 200057 117096 86359 5674411 610563 702740 3177 7299
internal_value=0.0554835 -0.0134697 -0.00451918 0.00162731 0.00466481 -0.0353485 -0.00746999 0.065246 -0.0499553 -0.0470252 -0.0471725 -0.0422954 0.00852815 -0.0487156 -0.0539338 0.0652909 0.0640904 0.0616608
internal_weight=2.2141e+06 274593 216985 180909 171542 36076.7 12415.1 1.93951e+06 23661.6 768.99 57608.2 40312.2 4514.1 35798.1 9366.9 1.93874e+06 79589.3 24123.1
internal_count=20700787 19964104 10951702 6505624 5848228 4446078 913754 736683 3532324 2360 9012402 6077923 286416 5791507 657396 734323 31583 10476
is_linear=0
shrinkage=0.0581682


Tree=36
num_leaves=19
num_cat=0
split_feature=18 11 21 11 11 6 4 11 0 6 0 0 3 21 9 4 4 3
split_gain=420996 23198.9 11231.9 8431.62 13812.8 6569.08 4222.42 6085.33 2715.32 2298.98 1145.55 952.46 3741.84 3702.49 628.616 16.4174 42.3588 141.038
threshold=1.0000000180025095e-35 0.33030201494693762 0.37940952181816107 0.99999806284904491 0.99999138712883007 10.498467445373537 9.2711071968078631 0.83706271648406994 1.0000000180025095e-35 40.786710739135749 1.0000000180025095e-35 1.0000000180025095e-35 2.4444085359573369 0.78656607866287243 -14.359344482421873 5.514719009399415 2.8502613306045537 2.4444085359573369
decision_type=2 10 2 10 10 10 10 10 10 10 8 10 10 2 2 10 10 10
left_child=1 11 3 4 -3 -5 7 -4 10 -8 -2 -1 13 -13 -14 16 -10 -18
right_child=8 2 6 5 -6 -7 9 -9 15 -11 -12 12 14 -15 -16 -17 17 -19
leaf_value=-0.058479649106458434 -0.093194464076907194 0.0024229574775556395 0.029679328194091522 -0.05500447577012469 0.084094284825719123 0.011971031285533536 -0.055093045468317732 -0.052441962092862886 0.064660981088729447 0.012305703336895978 0.06187419312753302 -0.052818374478870389 -0.00014083728493740865 0.053185069511485814 -0.04951984158379974 0.064881278109109014 0.052168185965887251 0.063665871840675875
leaf_weight=16324.978988856077 520.29410983622074 151493.48449365795 6798.9763019252568 14534.393778298981 7342.8798519177362 7501.581263453234 20662.99030345073 5531.604336317163 52704.15143609792 1855.1757021695375 225.91019709408283 1939.0159953846596 912.49913666211069 2607.6630289200693 33207.622268749401 1766175.0500572324 5338.3470979034901 17652.893339492381
leaf_count=2934479 2271 5081505 400916 882375 227750 313994 3458289 512838 21107 74035 89 200057 117096 86359 5674411 702740 3177 7299
internal_value=0.0548312 -0.0129009 -0.0043011 0.00152309 0.00620329 -0.0321885 -0.0345377 -0.00713423 0.0647825 -0.0495213 -0.0456295 -0.0466258 -0.0416048 0.00788297 -0.0482111 0.0648276 0.0635652 0.061024
internal_weight=2.11333e+06 270713 215721 180872 158836 22036 34848.7 12330.6 1.84262e+06 22518.2 746.204 54991.8 38666.8 4546.68 34120.1 1.84187e+06 75695.4 22991.2
internal_count=20700787 19964104 10951702 6505624 5309255 1196369 4446078 913754 736683 3532324 2360 9012402 6077923 286416 5791507 734323 31583 10476
is_linear=0
shrinkage=0.0581682


Tree=37
num_leaves=18
num_cat=0
split_feature=18 11 22 2 11 4 12 21 0 0 0 17 21 9 4 4 4
split_gain=403046 21966.8 11374.7 22213.7 22102.5 24067.6 14264.8 7966.2 2550.53 1048.52 978.714 2556.71 2510.99 607.506 18.5541 45.3661 63.545
threshold=1.0000000180025095e-35 0.33030201494693762 -0.91597560048103321 41.817768096923835 0.98092535138130199 32.575725555419929 0.17928858846426013 -0.7865660786628722 1.0000000180025095e-35 1.0000000180025095e-35 1.0000000180025095e-35 0.081298872828483595 0.78656607866287243 -14.359344482421873 5.514719009399415 2.8502613306045537 3.7096611261367802
decision_type=2 10 2 10 10 10 10 2 10 8 10 10 2 2 10 10 10
left_child=1 10 4 6 5 -3 -4 -5 9 -2 -1 12 -12 -13 15 -10 -17
right_child=8 2 3 7 -6 -7 -8 -9 14 -11 11 13 -14 -15 -16 16 -18
leaf_value=-0.058457332630395806 -0.090083996374298245 0.04423704921866678 0.02099208162552537 0.037407476110794986 -0.060703535912919965 -0.05174089331719723 -0.040375442386094855 -0.011410599126689354 0.064217993627354822 0.061307540778277408 -0.045154520825187235 -0.00012994350142349519 0.032636767438028493 -0.048739608942949771 0.064452344386623117 0.055760326753680721 0.063136622938833986
leaf_weight=15408.184753594454 507.47893773019314 51922.032458413392 15325.514473705087 29226.524801248685 11231.298039877322 10646.552429422736 77956.834123722278 18428.446924218442 50058.835637882352 215.09592448920012 2695.2911087637767 912.33095438126475 2918.1599043533206 30585.98690317478 1677133.3294517621 8193.8767204582691 13713.816788829863
leaf_count=2934479 2271 408569 667508 354449 396029 559592 7407144 1158411 21107 89 318041 117090 137408 5505384 702740 4494 5982
internal_value=0.0541887 -0.0123423 -0.0040926 -0.0137815 0.0144048 0.0278968 -0.0302885 0.0185216 0.0643505 -0.0443711 -0.046062 -0.0408987 -0.00464976 -0.0473445 0.0643957 0.0630674 0.0604077
internal_weight=2.01708e+06 267257 214737 140937 73799.9 62568.6 93282.3 47655 1.74982e+06 722.575 52520 37111.8 5613.45 31498.3 1.7491e+06 71966.5 21907.7
internal_count=20700787 19964104 10951702 9587512 1364190 968161 8074652 1512860 736683 2360 9012402 6077923 455449 5622474 734323 31583 10476
is_linear=0
shrinkage=0.0581682


Tree=38
num_leaves=19
num_cat=0
split_feature=18 10 21 8 21 22 4 22 6 0 0 4 21 0 2 4 4 4
split_gain=385169 17657.6 12046.2 7846.11 18740.3 6396.73 4662.9 6147.37 2472.87 2396.72 1579.78 1995.12 2367.69 962.355 684.511 20.8273 48.5795 66.7127
threshold=1.0000000180025095e-35 0.0072626415640115747 0.37940952181816107 14.947826385498049 -1.0000000180025095e-35 0.60355338454246532 12.72542190551758 -0.37940952181816096 40.786710739135749 1.0000000180025095e-35 1.0000000180025095e-35 12.72542190551758 0.78656607866287243 1.0000000180025095e-35 75.527488708496108 5.514719009399415 2.8502613306045537 3.7096611261367802
decision_type=2 10 2 2 2 2 10 2 10 10 10 10 2 8 10 10 10 10
left_child=1 10 3 4 -3 -5 7 -4 -8 13 -1 12 -12 -2 -13 16 -11 -18
right_child=9 2 6 5 -6 -7 8 -9 -10 15 11 14 -14 -15 -16 -17 17 -19
leaf_value=-0.058832140585743889 -0.087319382830230177 -0.025996098889700947 0.034316342862579501 0.027934661367087131 0.017006596242647519 -0.053097187065189351 -0.053746276746955278 -0.041445091254533037 0.017080825855213734 0.063803322955928637 -0.023540169629885453 -0.047159947085589994 0.095732611957688424 0.060761064049299401 0.011244069604677042 0.064052494942515178 0.054978436678859197 0.062662476928095415
leaf_weight=21830.246912948322 493.64032129943371 74622.171346945688 6486.442132442724 42067.054142526817 63423.221984060481 3569.3154011317529 24443.598479744513 8194.2567015625536 1779.0957585559227 47528.007997833192 1976.2681531081907 12584.187736775726 781.38706347672269 204.75115850567818 704.6035537882708 1591946.9883536845 7837.6334608644247 13033.922254532576
leaf_count=3522692 2271 5459942 343191 482803 2122844 156713 4557498 925372 66116 21107 142155 2058411 45273 89 81094 702740 4494 5982
internal_value=0.0536006 -0.0118799 -0.00568144 0.000673906 -0.00623625 0.0215837 -0.0342277 -0.00794366 -0.0489237 0.0639474 -0.0486175 -0.0346839 0.0102103 -0.04323 -0.0440305 0.0639928 0.062594 0.0598083
internal_weight=1.92351e+06 262462 224585 183682 138045 45636.4 40903.4 14680.7 26222.7 1.66104e+06 37876.7 16046.4 2757.66 698.391 13288.8 1.66035e+06 68399.6 20871.6
internal_count=20700787 19964104 14114479 8222302 7582786 639516 5892177 1268563 4623614 736683 5849625 2326933 187428 2360 2139505 734323 31583 10476
is_linear=0
shrinkage=0.0581682


Tree=39
num_leaves=18
num_cat=0
split_feature=18 11 22 3 11 4 3 21 0 0 3 21 0 9 4 4 3
split_gain=368952 19787.7 9511.94 21411.7 19972.7 21370.5 13256.2 7471.29 2253 1014.98 3569.47 3086.36 885.411 622.949 23.2333 51.9838 163.273
threshold=1.0000000180025095e-35 0.33030201494693762 -0.91597560048103321 56.704708099365241 0.98092535138130199 32.575725555419929 0.53466820716857921 -0.7865660786628722 1.0000000180025095e-35 1.0000000180025095e-35 2.4444085359573369 0.78656607866287243 1.0000000180025095e-35 -9.3332371711730939 5.514719009399415 2.8502613306045537 2.4444085359573369
decision_type=2 10 2 10 10 10 10 2 10 10 10 2 8 2 10 10 10
left_child=1 9 4 6 5 -3 -4 -5 12 -1 11 -11 -2 -12 15 -10 -17
right_child=8 2 3 7 -6 -7 -8 -9 14 10 13 -13 -14 -15 -16 16 -18
leaf_value=-0.058415465509772453 -0.084847014021708037 0.04043931911798164 0.024998376786416459 0.039484924817401415 -0.060538830401119209 -0.051354519967460419 -0.037238779993842563 -0.011468619121535666 0.063414598575391695 -0.051994471032615952 -0.0088245557421827246 0.047210100760741669 0.06023220776960761 -0.048659777017789278 0.063679394703628475 0.049157648030741782 0.062272673060186974
leaf_weight=13720.126251120586 479.03368309140205 52958.212932961993 13515.926418228541 27500.985776511952 10645.180781697389 10233.333465482108 80423.716988046188 15054.113660252653 45109.062217786908 1722.3254189249128 1420.8741621002555 2743.6082159378566 194.86483755707741 28701.304715106264 1510528.7244432569 4670.0653209835291 15211.526571966708
leaf_count=2934479 2271 408569 561022 281634 396029 559592 7806995 937861 21107 200057 227803 86359 89 5563704 702740 3177 7299
internal_value=0.0530047 -0.0113854 -0.00367225 -0.0127716 0.0131432 0.0255652 -0.0282792 0.0214511 0.0635708 -0.0449563 -0.0395992 0.00884831 -0.0421895 -0.0467955 0.0636164 0.0621428 0.0592236
internal_weight=1.83483e+06 258640 210331 136495 73836.7 63191.5 93939.6 42555.1 1.57619e+06 48308.2 34588.1 4465.93 673.899 30122.2 1.57552e+06 64990.7 19881.6
internal_count=20700787 19964104 10951702 9587512 1364190 968161 8368017 1219495 736683 9012402 6077923 286416 2360 5791507 734323 31583 10476
is_linear=0
shrinkage=0.0581682


Tree=40
num_leaves=18
num_cat=0
split_feature=18 11 10 4 21 21 0 0 3 4 8 22 4 17 4 4 3
split_gain=353229 18611.7 8548.69 8530.45 37903.5 26299.6 2954.36 1039.32 3415.59 2850.41 633.568 135.104 974.397 99.4619 25.7626 55.5114 168.842
threshold=1.0000000180025095e-35 0.33030201494693762 0.0047894984018057593 9.2711071968078631 -1.0000000180025095e-35 -1.0000000180025095e-35 1.0000000180025095e-35 1.0000000180025095e-35 2.4444085359573369 8.2655978202819842 -1.0000000180025095e-35 -0.98296290636062611 7.3161756992340097 5.2593736648559579 5.514719009399415 2.8502613306045537 2.4444085359573369
decision_type=2 10 10 10 2 2 8 10 10 10 2 2 10 10 8 10 10
left_child=1 7 11 4 -4 -5 -2 -1 9 -9 -10 12 -3 -13 15 -8 -17
right_child=6 2 3 5 -6 -7 14 8 10 -11 -12 13 -14 -15 -16 16 -18
leaf_value=-0.058395915855436388 -0.082623745683611458 0.082603832927948914 -0.047353964757028903 0.0086441839159443999 0.043067343496594371 -0.048222405455489059 0.06304963589566763 -0.039551072471384806 -0.037892355231335745 0.052999456433418288 -0.055361742423459946 -0.058024296877362047 -0.060578891869176511 0.010809107968588671 0.063330947884932876 0.048247790976273471 0.061840269770510659
leaf_weight=12949.027881041868 463.8761583417654 190.72645572572947 22765.854765670374 83456.00355781801 50398.355752598494 41042.815838774201 42799.12802503258 2172.5503886602819 15077.342578046024 2324.6582984887064 13684.952833102085 9173.0305934748612 876.08868299843743 60.475338690448552 1432957.7155096456 4486.8991052359343 14458.029714480042
leaf_count=2934479 2271 3092 1064701 3150562 1265571 4515839 21107 190915 3060645 95501 2730862 907499 40190 4248 702825 3177 7303
internal_value=0.0524418 -0.0109521 -0.00353003 -0.000835235 0.0149251 -0.0101005 0.0632187 -0.0443433 -0.0388532 0.00820583 -0.0462253 -0.055182 -0.0343742 -0.0575254 0.0632645 0.0617117 0.058654
internal_weight=1.74934e+06 254172 207963 197663 73164.2 124499 1.49517e+06 46208.5 33259.5 4497.21 28762.3 10300.3 1066.82 9233.51 1.4947e+06 61744.1 18944.9
internal_count=20700787 19964104 10951702 9996673 2330272 7666401 736683 9012402 6077923 286416 5791507 955029 43282 911747 734412 31587 10480
is_linear=0
shrinkage=0.0581682


Tree=41
num_leaves=18
num_cat=0
split_feature=18 11 9 4 21 21 3 22 11 10 10 3 21 8 4 4 3
split_gain=339013 17507.3 8145.3 12578 34283 17186 3034.71 5407.72 3217.93 2766.15 1063.05 3267.01 2627.09 647.921 28.4431 59.2811 174.576
threshold=1.0000000180025095e-35 0.33030201494693762 26.172161102294925 9.2711071968078631 -1.0000000180025095e-35 -1.0000000180025095e-35 116.18691253662111 1.0000000180025095e-35 0.49940082430839544 1.0000000180025095e-35 1.0000000180025095e-35 2.4444085359573369 0.78656607866287243 -1.0000000180025095e-35 5.514719009399415 2.8502613306045537 2.4444085359573369
decision_type=2 10 2 10 2 2 10 2 10 8 10 10 2 2 8 10 10
left_child=1 10 3 4 -3 -5 7 -4 -8 -2 -1 12 -12 -13 15 -11 -17
right_child=9 2 6 5 -6 -7 8 -9 -10 14 11 13 -14 -15 -16 16 -18
leaf_value=-0.058377143420285507 -0.080614416161944993 -0.047803238974669371 0.035090955498028854 -0.0021829380433349959 0.035629983461228532 -0.050954600077008673 0.075511329048554773 -0.035172648447698122 -0.060338789554427424 0.062706489398026283 -0.051542379581322392 -0.037092169524300986 0.040761468140544814 -0.055167086030106963 0.063005221774635051 0.047337653590996842 0.061425040493717185
leaf_weight=12221.109924235614 448.35202600061893 24077.579731014092 13406.917554539628 63353.487050354481 54079.600936349016 39820.847691833507 5863.7838542829268 5112.632478560321 649.33468791143969 40595.093902289867 1620.1388521557674 14523.320933779702 2906.1790676652454 12955.889118996449 1358766.5589446872 4312.436131849885 13730.557287864387
leaf_count=2934479 2271 1234758 101001 3307192 1412165 4764437 12336 114077 5736 21107 200057 3060645 86359 2730862 702825 3177 7303
internal_value=0.051866 -0.0105018 -0.00338164 -0.00767729 0.00992069 -0.0210119 0.0277152 0.0156682 0.0618748 0.0628891 -0.043712 -0.0380925 0.0076165 -0.0456361 0.0629351 0.061298 0.0580925
internal_weight=1.66844e+06 250591 206364 181332 78157.2 103174 25032.7 18519.6 6513.12 1.41785e+06 44226.6 32005.5 4526.32 27479.2 1.4174e+06 58638.1 18043
internal_count=20700787 19964104 10951702 10718552 2646923 8071629 233150 215078 18072 736683 9012402 6077923 286416 5791507 734412 31587 10480
is_linear=0
shrinkage=0.0581682


Tree=42
num_leaves=18
num_cat=0
split_feature=18 11 10 10 3 0 0 3 2 9 22 4 17 17 4 4 3
split_gain=325295 16441.6 7941.82 8304.71 11646.8 2591.83 1085.7 3122.23 2457.98 667.356 136.843 851.992 134.031 97.6496 31.2956 101.339 189.405
threshold=1.0000000180025095e-35 0.33030201494693762 0.0047894984018057593 0.98217648267745983 0.53466820716857921 1.0000000180025095e-35 1.0000000180025095e-35 2.4444085359573369 0.47854654490947729 -9.3332371711730939 -0.98296290636062611 7.3161756992340097 0.0025077211903408174 5.2593736648559579 4.6339969635009775 2.8502613306045537 2.4444085359573369
decision_type=2 10 10 10 10 8 10 10 10 2 2 10 10 10 8 10 10
left_child=1 6 10 4 -4 -2 -1 8 -8 -9 11 -3 -5 -12 15 -7 -17
right_child=5 2 3 12 -6 14 7 9 -10 -11 13 -13 -14 -15 -16 16 -18
leaf_value=-0.058359087460931658 -0.078790087738621103 0.071131502557054749 0.068257541049068282 -0.037813950256179611 -0.0012019304529069475 0.062383334517857478 -0.03877587514421274 -0.0039810743752111003 0.046832251545758624 -0.04714211798666617 -0.057859059608802832 -0.060439229128449373 -0.05740586764043628 0.0099353693021699881 0.062696793388795094 0.044102990355097522 0.060691489695533625
leaf_weight=11533.974955902668 432.61717957258224 203.15710613690317 8558.7777149635367 1596.3549604900181 176838.51308447029 38493.702780090272 2109.331364845857 1296.1393560189754 2442.4230065555312 24971.989205474965 8533.8826488181949 806.7979057924822 7767.8836122895591 61.188029939774424 1293208.8670988232 3642.1500467061996 8363.9106613323092
leaf_count=2934479 2271 3092 268633 68986 9178460 21107 132736 227803 153680 5563704 907499 40190 480594 4248 705680 2923 4702
internal_value=0.0513112 -0.0100814 -0.00324305 -0.000693939 0.00200403 0.0625803 -0.0430649 -0.0373208 0.0070739 -0.0450286 -0.054866 -0.0333864 -0.0541278 -0.0573252 0.0626264 0.0608098 0.0557104
internal_weight=1.59086e+06 246720 204367 194762 185397 1.34414e+06 42353.9 30819.9 4551.75 26268.1 9605.03 1009.96 9364.24 8595.07 1.34371e+06 50499.8 12006.1
internal_count=20700787 19964104 10951702 9996673 9447093 736683 9012402 6077923 286416 5791507 955029 43282 549580 911747 734412 28732 7625
is_linear=0
shrinkage=0.0581682


Tree=43
num_leaves=19
num_cat=0
split_feature=18 10 21 10 3 3 22 6 0 2 21 9 0 12 12 17 3 2
split_gain=313311 13968 9091.95 6836.33 15108.5 4128.33 4792.27 2647.4 2430.1 1250.65 2050.77 1669.41 662.115 823.356 235.889 145.824 16.7249 68.1771
threshold=1.0000000180025095e-35 0.0037716338410973553 0.37940952181816107 0.98217648267745983 0.53466820716857921 9.0574059486389178 -0.37940952181816096 40.786710739135749 1.0000000180025095e-35 75.527488708496108 0.91597560048103344 -14.359344482421873 1.0000000180025095e-35 0.023376287892460827 0.30960357189178472 0.0025077211903408174 3.493651390075684 1.4977283477783205
decision_type=2 10 2 10 10 10 2 10 8 10 2 2 10 10 10 10 8 10
left_child=1 9 3 4 -3 6 -4 -7 -2 12 14 -12 -1 -14 -11 -5 17 -10
right_child=8 2 5 15 -6 7 -8 -9 16 10 11 -13 13 -15 -16 -17 -18 -19
leaf_value=-0.05873835051841933 -0.077126688753394443 0.082918248402681055 0.02656041106219259 -0.035363139757566997 -0.00070236952620179448 -0.052785132950601797 -0.036571367352156291 0.022690344190458768 0.062386457937278844 0.2715834692775112 0.43920930482168508 -0.041752464764673931 0.00045554284069150759 -0.04704355596847782 -0.025776628643575644 -0.057426839135021293 0.062413821111321127 0.058039993312307532
leaf_weight=16877.905386180151 416.80312685668468 7644.7143515953794 7328.8812356372364 1373.2522236313671 165110.45861755498 20354.536140300799 9125.173550714273 1693.956812471617 51993.922843806446 4.6776255075819781 64.034778960980475 34.64691886282526 1492.4002831657417 6713.9696579659358 393.31600993243046 6187.412171157077 1199101.811442025 22399.207579538226
leaf_count=3510557 2271 198081 431719 57693 8077172 4645255 1060604 68565 29681 1013 713 5896 178853 1319466 52310 356207 690422 14309
internal_value=0.0507169 -0.00960871 -0.00485156 0.000625494 0.0029977 -0.0305093 -0.00842773 -0.046965 0.0622906 -0.0502777 0.0403963 0.271903 -0.0520957 -0.0383613 -0.0183598 -0.053495 0.0623368 0.0610866
internal_weight=1.51831e+06 244399 218818 180316 172755 38502.5 16454.1 22048.5 1.27391e+06 25581 496.675 98.6817 25084.3 8206.37 397.994 7560.66 1.27349e+06 74393.1
internal_count=20700787 19964104 14895296 8689153 8275253 6206143 1492323 4713820 736683 5068808 59932 6609 5008876 1498319 53323 413900 734412 43990
is_linear=0
shrinkage=0.0581682


Tree=44
num_leaves=17
num_cat=0
split_feature=18 11 22 3 11 4 4 21 0 0 3 21 9 4 22 4
split_gain=302034 14870.8 7731.72 18165.5 17711.5 17579.2 12162.8 5596.04 2279.79 1101.94 3038.59 2440.04 638.671 37.7569 653.585 1593.25
threshold=1.0000000180025095e-35 0.33030201494693762 -0.91597560048103321 56.704708099365241 0.98092535138130199 32.575725555419929 4.6339969635009775 -0.7865660786628722 1.0000000180025095e-35 1.0000000180025095e-35 2.4444085359573369 0.78656607866287243 -9.3332371711730939 5.514719009399415 0.91597560048103344 2.8502613306045537
decision_type=2 10 2 10 10 10 10 2 8 10 10 2 2 8 2 10
left_child=1 9 4 6 5 -3 -4 -5 -2 -1 11 -11 -12 14 -10 -16
right_child=8 2 3 7 -6 -7 -8 -9 13 10 12 -13 -14 -15 15 -17
leaf_value=-0.058326029900058293 -0.075604029982693874 0.036603458436591886 0.0060572243940822199 0.035364165577157033 -0.060343107777953764 -0.050344597556495112 -0.040720221395467243 -0.0092490621560460274 0.062173133759260812 -0.051188965987044886 -0.0038512565847323003 0.038784759215425318 -0.04630588513329837 0.062147846192675243 0.057884380193019204 -0.02557608267670524
leaf_weight=10273.380524517735 401.02021835744381 53427.384306170046 27169.916665709578 27779.169953607023 9780.4736408526078 9218.9169954545796 60992.95871157595 14445.557216186309 45892.690069437027 1548.7158218659461 1286.5766382422298 2959.6431509172544 23290.678312466014 1156508.5834985189 3234.4568706080317 1006.5744762569666
leaf_count=2934479 2271 408569 1330964 281634 396029 559592 7037053 937861 27365 200057 227803 86359 5563704 702825 2172 2050
internal_value=0.050124 -0.00915942 -0.00280712 -0.0112732 0.0124283 0.0237993 -0.0263003 0.0200927 0.0620185 -0.0418783 -0.0360472 0.00776878 -0.0441008 0.0620649 0.0601376 0.0379758
internal_weight=1.44922e+06 242173 202814 130388 72426.8 62646.3 88162.9 42224.7 1.20704e+06 39359 29085.6 4508.36 24577.3 1.20664e+06 50133.7 4241.03
internal_count=20700787 19964104 10951702 9587512 1364190 968161 8368017 1219495 736683 9012402 6077923 286416 5791507 734412 31587 4222
is_linear=0
shrinkage=0.0581682


Tree=45
num_leaves=18
num_cat=0
split_feature=20 11 10 10 2 0 0 3 2 8 22 7 17 17 3 22 2
split_gain=290337 13911.5 7040.79 7169.25 7931.67 2139.93 1121.17 2893.48 2187.36 739.504 145.747 392.223 139.562 97.0412 21.3933 229.511 179.032
threshold=1.0000000180025095e-35 0.33030201494693762 0.0047894984018057593 0.98217648267745983 0.47854654490947729 1.0000000180025095e-35 1.0000000180025095e-35 2.4444085359573369 0.47854654490947729 -1.0000000180025095e-35 -0.98296290636062611 -0.53018879890441883 0.0025077211903408174 5.2593736648559579 3.493651390075684 0.91597560048103344 2.0143891572952275
decision_type=2 10 10 10 10 8 10 10 10 2 2 2 10 10 10 2 10
left_child=1 6 10 4 -4 -2 -1 8 -8 -9 11 -3 -5 -12 15 -7 -17
right_child=5 2 3 12 -6 14 7 9 -10 -11 13 -13 -14 -15 -16 16 -18
leaf_value=-0.058309705104830897 -0.07420503232503943 -0.06043933908542256 0.055847657975168385 -0.036042910025101148 -0.00071537971279689685 0.062002714084231719 -0.037749059747030925 -0.033686049566091496 0.043436970613201245 -0.054528040154756749 -0.0576086586432525 0.01652605238256238 -0.056807842212167205 0.010086369068997975 0.061895563443399991 0.056319118183914663 0.037270625433935056
leaf_weight=9695.4804220981896 385.3606229275465 584.86458956124261 8805.5706837042235 1483.41712145973 175002.78110921336 55645.660267651081 2017.6698703232687 12536.135857067537 2516.3714078869671 10992.236018483527 7573.2863629676867 348.02490230789408 6842.7271364429034 61.010111036710441 1076051.7903188244 9061.2783175110817 2270.1800578013062
leaf_count=2934479 2271 29503 238990 68986 9208103 35099 132736 3060645 153680 2730862 907499 13779 480594 4248 690385 6585 2343
internal_value=0.0495867 -0.00879605 -0.0026997 -0.000396457 0.00199345 0.0617628 -0.0411865 -0.0352481 0.00721939 -0.0434485 -0.0542808 -0.0313584 -0.0531771 -0.05701 0.0618093 0.0604137 0.052554
internal_weight=1.38187e+06 238460 200702 192134 183808 1.14341e+06 37757.9 28062.4 4534.04 23528.4 8567.19 932.889 8326.14 7634.3 1.14303e+06 66977.1 11331.5
internal_count=20700787 19964104 10951702 9996673 9447093 736683 9012402 6077923 286416 5791507 955029 43282 549580 911747 734412 44027 8928
is_linear=0
shrinkage=0.0581682


Tree=46
num_leaves=20
num_cat=0
split_feature=18 10 21 10 3 4 22 6 0 2 4 9 0 4 6 17 4 22 4
split_gain=280260 12072.1 7773.06 5834.54 10934.9 4326.82 4579.84 2571.39 2009.62 1240.13 1563.84 940.252 718.025 1324.76 225.062 152.435 45.1383 700.589 1572.21
threshold=1.0000000180025095e-35 0.0037716338410973553 0.37940952181816107 0.98217648267745983 0.53466820716857921 12.72542190551758 -0.37940952181816096 40.786710739135749 1.0000000180025095e-35 75.527488708496108 93.488227844238295 -14.359344482421873 1.0000000180025095e-35 21.005540847778324 1.656555235385895 0.0025077211903408174 5.514719009399415 0.91597560048103344 2.8502613306045537
decision_type=2 10 2 10 10 10 2 10 8 10 10 2 10 10 10 10 8 2 10
left_child=1 9 3 4 -3 6 -4 -7 -2 12 11 -11 -1 -14 -12 -5 17 -10 -19
right_child=8 2 5 15 -6 7 -8 -9 16 10 14 -13 13 -15 -16 -17 -18 18 -20
leaf_value=-0.058685054733011333 -0.072915140775914614 0.067027426513639299 0.028955173607066193 -0.033315066677817265 -0.00041621358818349894 -0.051799822141752286 -0.035140611471353632 0.02282678426878821 0.061664227570518468 0.30878211815212397 0.16794794876881466 -0.04046276946364126 0.0068797033179742503 -0.050166813800503376 -0.03014584771625714 -0.056797844518561659 0.061661821201136648 0.056985804241107565 -0.027639348353714659
leaf_weight=14465.243631022749 369.90071588754654 8556.9610048010945 7117.7629052679986 1271.7580384798348 162720.92327686911 19336.076324495953 8009.933987217024 1689.3388515934348 41176.8521123752 91.696237550582737 15.762316829059271 31.897390586091205 1809.4287517194171 5598.9838061558548 344.87085577915423 5414.6686784971971 1037439.4212364145 2928.5043928660452 984.65388819202781
leaf_count=3510557 2271 198081 354387 57693 8077172 4830681 952510 68565 27365 1399 3531 5868 206898 1291421 49134 356207 702825 2172 2050
internal_value=0.0489942 -0.00837399 -0.00412458 0.000868775 0.00295255 -0.0287126 -0.00495678 -0.0457813 0.0615222 -0.0490431 0.0422868 0.217241 -0.0510912 -0.0361842 -0.0184756 -0.0524158 0.0615688 0.0594133 0.035583
internal_weight=1.31937e+06 236475 214117 177964 171278 36153.1 15127.7 21025.4 1.0829e+06 22357.9 484.227 123.594 21873.7 7408.41 360.633 6686.43 1.08253e+06 45090 3913.16
internal_count=20700787 19964104 14895296 8689153 8275253 6206143 1306897 4899246 736683 5068808 59932 7267 5008876 1498319 52665 413900 734412 31587 4222
is_linear=0
shrinkage=0.0581682


Tree=47
num_leaves=18
num_cat=0
split_feature=18 11 8 11 4 22 22 0 11 0 3 22 2 2 4 22 4
split_gain=270728 12460.3 6923.36 10579.7 21070.8 14150 2702.28 1888.09 1628.67 1134.08 2840.03 3086.35 605.717 126.697 48.7565 715.744 1481.04
threshold=1.0000000180025095e-35 0.33030201494693762 26.510548591613773 0.80899307131767284 16.112847328186039 0.91597560048103344 0.60355338454246532 1.0000000180025095e-35 0.41253566741943365 1.0000000180025095e-35 1.5447739958763125 0.12940952181816107 75.527488708496108 108.40637969970705 5.514719009399415 0.91597560048103344 2.8502613306045537
decision_type=2 10 2 10 10 2 2 8 10 10 10 2 10 10 8 2 10
left_child=1 9 3 4 -3 -5 8 -2 -4 -1 11 -11 -12 -8 15 -9 -17
right_child=7 2 6 5 -6 -7 13 14 -10 10 12 -13 -14 -15 -16 16 -18
leaf_value=-0.058280115151865534 -0.071721852695631125 0.029477004092825679 -0.076666732876046889 -0.03822373891481768 -0.021675614160699509 0.033776196283058973 -0.060640160023569138 0.061432098304056861 0.031739198908527194 -0.059106695245754647 -0.042798626692455134 0.064866776607266211 -0.0006108448994245325 -0.023774781367590089 0.061440602079671502 0.056532677514422161 -0.025410306277746875
leaf_weight=8635.6459962157533 354.70330201089382 55500.366861382267 471.77706531016156 52272.197611008072 53509.548451237613 11207.896030274685 1048.8056600396521 38992.496118929237 24871.352688581683 1057.7715395051055 22356.126512708375 1874.1952275736257 1234.3976364212576 523.22608525957912 982235.60415169969 2784.5522257052362 1008.368117146194
leaf_count=2934479 2271 1409417 8039 3989382 4737516 557758 56337 27365 185320 76345 5658466 84267 258845 7933 702825 2172 2050
internal_value=0.0483993 -0.00797437 -0.00234247 -0.00662591 0.00436427 -0.0255039 0.0250904 0.0612956 0.0296925 -0.039901 -0.0338931 0.0199833 -0.0406085 -0.0487236 0.0613423 0.05907 0.0346385
internal_weight=1.25994e+06 234563 199405 172490 109010 63480.1 26915.2 1.02538e+06 25343.1 35158.1 26522.5 2931.97 23590.5 1572.03 1.02502e+06 42785.4 3792.92
internal_count=20700787 19964104 10951702 10694073 6146933 4547140 257629 736683 193359 9012402 6077923 160612 5917311 64270 734412 31587 4222
is_linear=0
shrinkage=0.0581682


Tree=48
num_leaves=18
num_cat=0
split_feature=18 11 8 4 21 11 4 21 22 0 0 3 4 8 4 22 4
split_gain=261158 11632.5 6614.11 13640.8 28357.6 8856.72 18203.1 8737.99 5027.75 1774.63 1149.44 2735.46 2314.7 796.755 52.5735 715.742 1770.05
threshold=1.0000000180025095e-35 0.33030201494693762 14.947826385498049 9.2711071968078631 -1.0000000180025095e-35 0.35090203583240515 81.461826324462905 -1.0000000180025095e-35 0.60355338454246532 1.0000000180025095e-35 1.0000000180025095e-35 2.4444085359573369 8.2655978202819842 -1.0000000180025095e-35 4.6339969635009775 0.91597560048103344 2.8502613306045537
decision_type=2 10 2 10 2 10 10 2 2 8 10 10 10 2 8 2 10
left_child=1 10 3 4 -3 6 -4 -5 -7 -2 -1 12 -12 -13 15 -11 -17
right_child=9 2 5 7 -6 8 -8 -9 -10 14 11 13 -14 -15 -16 16 -18
leaf_value=-0.058265002727556768 -0.070614373112344669 -0.046786448416636504 0.84578380408578979 -0.0087741727774087799 0.030935554929968998 0.019600863610145028 0.0049401193565423865 -0.049607831974290216 -0.052360411370617664 0.06123379548911706 -0.037906009336368174 -0.031228319743849861 0.046228926786479142 -0.054019905844371385 0.061227440302298514 0.056079716086730493 -0.042037124034105665
leaf_weight=8149.7092531977687 339.81941425800323 22259.26138849929 128.37424885714427 41002.66339170211 55410.777630553581 44216.736166946357 256.27548343408853 31280.091010566102 3541.9487816465553 33353.274038743228 2006.5261605349369 11398.498788334429 2450.9173802928999 9789.4322925542947 933575.60341105983 2647.8359761536121 804.53472895920277
leaf_count=2934479 2271 1234146 2524 2957846 1412092 833095 5287 4252668 254044 24711 190915 3060645 95501 2730862 705680 2172 1849
internal_value=0.0478333 -0.00762498 -0.00224143 -0.00826566 0.00865488 0.0165131 0.292982 -0.0264522 0.0142513 0.0610819 -0.0391654 -0.0330714 0.00826605 -0.0417865 0.0611287 0.0586076 0.033075
internal_weight=1.20261e+06 231891 198096 149953 77670 48143.3 384.65 72282.8 47758.7 970721 33795.1 25645.4 4457.44 21187.9 970381 36805.6 3452.37
internal_count=20700787 19964104 10951702 9856752 2646238 1094950 7811 7210514 1087139 736683 9012402 6077923 286416 5791507 734412 28732 4021
is_linear=0
shrinkage=0.0581682


Tree=49
num_leaves=18
num_cat=0
split_feature=20 11 22 2 4 2 11 11 0 0 17 4 22 4 22 4 11
split_gain=252098 10835.8 6337.19 16279.7 15732.7 14490.9 11578.8 4758.35 1668.62 1163.01 2050.69 1664.62 709.139 56.4507 746.857 1324.19 2.93667
threshold=1.0000000180025095e-35 0.33030201494693762 -0.91597560048103321 3.0521277189254765 32.575725555419929 41.817768096923835 0.99999138712883007 0.41253566741943365 1.0000000180025095e-35 1.0000000180025095e-35 0.081298872828483595 21.005540847778324 0.60355338454246532 5.514719009399415 0.91597560048103344 2.8502613306045537 0.86525118350982677
decision_type=2 10 2 10 10 10 10 8 8 10 10 10 2 8 2 10 10
left_child=1 9 3 16 -5 6 -4 -7 -2 -1 11 -11 -12 14 -10 -16 -3
right_child=8 2 5 4 -6 7 -8 -9 13 10 12 -13 -14 -15 15 -17 -18
leaf_value=-0.058250223649902476 -0.069583308580669662 -0.064575418359418907 -0.038736609959344095 0.033948771531945428 -0.049963401109711356 0.057611614073252354 0.011452135742966324 0.0074382856050035813 0.061006655941252041 0.02031864839096938 -0.047062708583741286 -0.057144034762556493 -0.021509829925301153 0.061036874856342363 0.055625585186723642 -0.021857848854236708 -0.058256405202439798
leaf_weight=7691.0747207088862 325.28997342288494 5884.5403862367384 57680.314543825109 53629.43909083819 8793.1182402605191 7656.6204889765941 21277.625997285591 38913.915758788818 34944.469647157937 3761.4319555808324 14817.850771647179 1245.6483307699673 4989.6367206084542 879979.64916521683 2518.0454600155354 1048.272729948163 2863.7749067498371
leaf_count=2934479 2271 100041 6450575 500092 572242 257194 1624077 1255666 27365 340346 4179660 115103 1442814 702825 2172 2050 191815
internal_value=0.047266 -0.00730786 -0.00216396 0.011699 0.0221195 -0.0100272 -0.0252068 0.0157005 0.0608802 -0.0384181 -0.0322459 0.000934884 -0.0406521 0.0609272 0.0584034 0.0327398 -0.0625828
internal_weight=1.14802e+06 229205 196699 71170.9 62422.6 125528 78957.9 46570.5 918816 32505.6 24814.6 5007.08 19807.5 918490 38510.8 3566.32 8748.32
internal_count=20700787 19964104 10951702 1364190 1072334 9587512 8074652 1512860 736683 9012402 6077923 455449 5622474 734412 31587 4222 291856
is_linear=0
shrinkage=0.0581682


Tree=50
num_leaves=22
num_cat=0
split_feature=18 11 21 8 21 11 22 9 11 21 4 4 9 11 8 12 5 1 4 22 4
split_gain=243183 10078.9 5668.12 4325.54 10752.1 5345.87 3141.2 3989.66 2187.98 1124.44 2287.61 3487.45 1200.35 710.645 900.721 636.03 591.992 230.104 59.6913 748.472 1562.11
threshold=1.0000000180025095e-35 0.33030201494693762 0.37940952181816107 14.947826385498049 -1.0000000180025095e-35 0.35090203583240515 -0.6035533845424651 0.32776866853237158 0.99999997019767772 0.78656607866287243 21.005540847778324 8.2655978202819842 -14.359344482421873 0.27015614509582525 -0.83690637350082386 1.0000000180025095e-35 0.99345141649246227 1.0000000180025095e-35 4.6339969635009775 0.91597560048103344 2.8502613306045537
decision_type=2 10 2 2 2 10 2 2 10 2 8 10 2 10 2 10 10 8 8 2 10
left_child=1 9 3 4 -3 -5 7 -4 -8 13 11 -11 -12 16 -15 17 -1 -2 19 -17 -21
right_child=15 2 6 5 -6 -7 8 -9 -10 10 12 -13 -14 14 -16 18 -18 -19 -20 20 -22
leaf_value=-0.055616126586441092 -0.056279293142978248 -0.021033282033499918 -0.037858068537033253 0.20419803033227518 0.01327999607309701 0.015154133304444201 -0.045641026330841473 0.046415637006025731 0.026258377565027548 -0.043129123950278923 0.07784017191329444 0.064058182916712642 -0.053873074333059254 0.02701983876289716 -0.042333106567167718 0.060833318866420502 -0.033906855490766948 0.053065816048483407 0.06082829722974431 0.055169001334403722 -0.036249518355411278
leaf_weight=13170.939888936002 211.72857564687729 61383.910306155216 3771.8237162795849 508.00570869073272 62197.590474902652 44362.451216662303 17397.412038162118 3820.667815472465 1550.4086410095915 1995.7807752257213 240.46826808247715 2103.3770278161392 4600.7293430059217 1002.7002799003385 1686.3537882254459 29880.379311621189 6498.5610964067746 86.023829333484173 836118.08897548914 2394.877842117101 849.8799616470933
leaf_count=4205323 1605 4191992 406669 4515 1680780 628337 3483121 514686 41602 359622 20263 289511 1425983 256460 421057 24712 2034183 71 706272 2172 1851
internal_value=0.0467108 -0.00700194 -0.00208113 0.0018534 -0.0037606 0.0173231 -0.0270649 0.0044997 -0.0397321 -0.0376412 -0.02011 0.0117838 -0.0471837 -0.0446282 -0.0163227 0.0606896 -0.0484731 -0.0230562 0.0607188 0.0579359 0.0310849
internal_weight=1.09583e+06 226291 194992 168452 123582 44870.5 26540.3 7592.49 18947.8 31298.9 8940.36 4099.16 4841.2 22358.6 2689.05 869541 19669.5 297.752 869243 33125.1 3244.76
internal_count=20700787 19964104 10951702 6505624 5872772 632852 4446078 921355 3524723 9012402 2095379 649133 1446246 6917023 677517 736683 6239506 1676 735007 28735 4023
is_linear=0
shrinkage=0.0581682


Tree=51
num_leaves=14
num_cat=0
split_feature=18 0 4 10 21 21 2 6 0 22 4 22 4
split_gain=235007 9907.09 6120.36 24882.6 20274.3 17801.3 12901.2 4243.84 1549.24 836.521 64.7863 777.633 1186.84
threshold=1.0000000180025095e-35 1.0000000180025095e-35 9.2711071968078631 0.48989559710025793 -1.0000000180025095e-35 -1.0000000180025095e-35 11.170331478118898 0.30292314291000372 1.0000000180025095e-35 -0.91597560048103321 5.514719009399415 0.91597560048103344 2.8502613306045537
decision_type=2 10 10 10 2 2 10 10 8 2 8 2 10
left_child=1 -1 3 4 -3 6 -4 -7 -2 -5 11 -10 -13
right_child=8 2 5 9 -6 7 -8 -9 10 -11 -12 12 -14
leaf_value=-0.058678898050128825 -0.068762561394488192 -0.04052391862519681 -0.046987621274104399 -0.065000650790563441 0.045577319941876172 0.033248963266220101 0.013431333822637434 -0.045028987885220348 0.060626732496081213 -0.039146278231344041 0.060678792811512353 0.054708748971588513 -0.018941053459348545
leaf_weight=11744.500540566398 307.24357385188341 11556.37665241072 14212.464021545835 6457.3106849547476 46291.811736678239 2468.6534452987835 75219.034608729417 43252.052282346878 31295.336180455983 12905.529993260279 787843.6565448381 2278.0370160117745 1083.0854357816279
leaf_count=3522692 2271 751925 1867292 187830 1027090 270954 3725692 7664039 27365 946590 702825 2172 2050
internal_value=0.0461243 -0.00668087 -0.00380215 0.00925958 0.0283681 -0.0112672 0.00382325 -0.0407909 0.0605073 -0.0478018 0.0605564 0.057756 0.0308637
internal_weight=1.04692e+06 224108 212363 77211 57848.2 135152 89431.5 45720.7 822807 19362.8 822500 34656.5 3361.12
internal_count=20700787 19964104 16441412 2913435 1779015 13527977 5592984 7934993 736683 1134420 734412 31587 4222
is_linear=0
shrinkage=0.0581682


Tree=52
num_leaves=14
num_cat=0
split_feature=18 0 9 4 10 21 3 3 11 0 4 22 4
split_gain=226999 9418.3 5639.7 10470.6 19722.7 10834.9 2536.5 4609.37 2764.29 1457.85 69.217 792.381 1121.6
threshold=1.0000000180025095e-35 1.0000000180025095e-35 26.172161102294925 14.991091728210451 0.58742189407348644 -1.0000000180025095e-35 116.18691253662111 60.475545883178718 0.49940082430839544 1.0000000180025095e-35 5.514719009399415 0.91597560048103344 2.8502613306045537
decision_type=2 10 2 10 10 2 10 10 10 8 8 2 10
left_child=1 -1 3 4 -3 -5 7 -4 -8 -2 11 -11 -13
right_child=9 2 6 5 -6 -7 8 -9 -10 10 -12 12 -14
leaf_value=-0.058645608793129494 -0.067855382693213659 0.018970219943633779 0.038256586140232154 -0.0063775542767402433 -0.046210782400143938 -0.049003570353103557 0.066752792241216441 -0.020229438091948156 -0.060787481183909621 0.060451740771624331 0.060514785328035038 0.054243671623461442 -0.017552718249056937
leaf_weight=11086.94179518451 293.69963027536869 78489.351664779009 9934.0885442716535 56019.501290590269 19630.27889127261 31554.244198204018 5751.7839331389405 8411.0976742396597 632.10684159724042 29609.850562732667 745278.98783918843 2167.2354647070169 1100.5684747844934
leaf_count=3522692 2271 2924475 103642 4846722 1380320 7038197 32249 110071 5736 27365 702825 2172 2050
internal_value=0.0455525 -0.00640053 -0.00364473 -0.00712163 0.00592425 -0.0217426 0.0224442 0.0114211 0.0540287 0.0603363 0.0603856 0.0574367 0.0299503
internal_weight=999960 221509 210422 185693 98119.6 87573.7 24729.1 18345.2 6383.89 778450 778157 32877.7 3267.8
internal_count=20700787 19964104 16441412 16189714 4304795 11884919 251698 213713 37985 736683 734412 31587 4222
is_linear=0
shrinkage=0.0581682


Tree=53
num_leaves=14
num_cat=0
split_feature=18 0 0 4 10 11 21 11 11 0 4 22 4
split_gain=219347 8955.54 5358.28 16616.8 15304.8 4178.68 3439.77 3740.07 2073.83 1372.26 73.8898 796.488 1313.54
threshold=1.0000000180025095e-35 1.0000000180025095e-35 16.552665710449222 18.531650543212894 0.64994147419929515 0.99999985098838817 -1.0000000180025095e-35 0.35090203583240515 0.99999997019767772 1.0000000180025095e-35 4.6339969635009775 0.91597560048103344 2.8502613306045537
decision_type=2 10 10 10 10 10 2 10 10 8 8 2 10
left_child=1 -1 3 4 -3 -5 7 -4 -8 -2 11 -11 -13
right_child=9 2 6 5 -6 -7 8 -9 -10 10 -12 12 -14
leaf_value=-0.058613629437377295 -0.067002374412994989 0.014630777461899364 0.15218634064669495 -0.038806188364412714 -0.044841800584511871 0.049011375919426593 -0.051726006649469282 0.015824628022951412 0.027147827029322724 0.060312339865815745 0.060353053363654194 0.053772660727743525 -0.030002930502307963
leaf_weight=10465.9754132214 280.58095999807119 86528.693325169384 687.27242059260607 50415.478757158155 17616.555670305854 1894.948689447483 4113.9622514878865 45873.282424114645 1542.8383508045226 25307.574891861528 707833.55609707162 2062.193921405822 903.02682518959045
leaf_count=3522692 2271 3765795 15571 9881044 1330742 201807 716043 497760 32650 24711 705680 2172 1849
internal_value=0.0449708 -0.00611606 -0.00347996 -0.00886631 0.00456547 -0.0356135 0.0126506 0.0178602 -0.0301391 0.060174 0.0602234 0.0569549 0.0281188
internal_weight=955526 219139 208673 156456 104145 52310.4 52217.4 46560.6 5656.8 736387 736106 28272.8 2965.22
internal_count=20700787 19964104 16441412 15179388 5096537 10082851 1262024 513331 748693 736683 734412 28732 4021
is_linear=0
shrinkage=0.0581682


Tree=54
num_leaves=14
num_cat=0
split_feature=18 0 0 10 3 11 11 9 10 0 3 8 11
split_gain=212133 8512.98 4791.04 6174.04 9941.99 3048.38 5897.62 2033.64 1603.62 1292.05 48.5602 714.871 4605.36
threshold=1.0000000180025095e-35 1.0000000180025095e-35 24.944375991821293 0.64994147419929515 14.330716133117678 0.86525118350982677 0.62909039855003368 10.762580871582033 0.98217648267745983 1.0000000180025095e-35 3.493651390075684 -1.0000000180025095e-35 0.80899307131767284
decision_type=2 10 10 10 10 10 10 2 10 8 10 2 10
left_child=1 -1 3 4 -3 6 -4 -5 -7 -2 11 12 -11
right_child=9 2 5 7 -6 8 -8 -9 -10 10 -12 -13 -14
leaf_value=-0.058582878835388028 -0.066197952632229204 0.0084246530162238962 0.020929048083058024 -0.046791514233835957 -0.02239080536939423 0.035012509174427553 -0.048343894589368365 0.002101917225291241 -0.061676010279693952 0.058722959222448044 0.060212075884039568 0.06034963797260174 -0.12173927145732917
leaf_weight=9879.5903505423339 267.89948078244925 91653.071538774529 13140.09792631329 16213.882365871454 57729.095095672878 18254.73103899206 6077.8664226098917 3480.176417137729 592.65503363288008 3559.4924541860819 654955.90019376203 37180.334843222052 547.36636938899755
leaf_count=3522692 2271 4780122 143814 1234941 9655696 159614 147395 301158 18672 3748 690385 38125 2154
internal_value=0.0443734 -0.00584064 -0.00332199 -0.0075211 -0.00348169 0.0153176 -0.000964498 -0.0381327 0.0319373 0.0600198 0.0600693 0.0577889 0.0344693
internal_weight=913532 217021 207142 169076 149382 38065.4 19218 19694.1 18847.4 696511 696243 41287.2 4106.86
internal_count=20700787 19964104 16441412 15971917 14435818 469495 291209 1536099 178286 736683 734412 44027 5902
is_linear=0
shrinkage=0.0581682


Tree=55
num_leaves=14
num_cat=0
split_feature=18 0 22 2 3 2 2 22 0 3 8 22 3
split_gain=205293 8093.27 4848.4 15112.7 13489 10907.1 13337.6 4145.85 1216.84 52.3141 730.418 4600.92 11.2934
threshold=1.0000000180025095e-35 1.0000000180025095e-35 -0.91597560048103321 3.0521277189254765 31.943324089050297 41.817768096923835 0.80494555830955516 -0.12940952181816107 1.0000000180025095e-35 3.493651390075684 -1.0000000180025095e-35 0.91597560048103344 19.309776306152347
decision_type=2 10 2 10 10 10 10 2 8 10 2 2 10
left_child=1 -1 3 12 -5 6 -4 -7 -2 10 11 -10 -3
right_child=8 2 5 4 -6 7 -8 -9 9 -11 -12 -13 -14
leaf_value=-0.058553276678285832 -0.065437124389530213 -0.062486242943286016 0.021818371106505443 0.029215770548728866 -0.05264543824631427 -0.010568812640959815 -0.034280217737729796 0.02470965236771748 0.060075503596522521 0.060073226506266564 0.060207731385670885 -0.11390933529007896 -0.019638456508725682
leaf_weight=9325.8839018828003 255.66258313506842 8749.3583339035977 18235.552057626192 55008.775066480739 7765.997730710078 17484.658422443783 66950.916934942827 31639.763731642626 3380.2220010086894 619331.48430267721 35159.582610148937 601.00820055231452 53.106195922009647
leaf_count=3522692 2271 398834 1026225 832598 850971 1061126 10888895 1360757 3678 690385 38125 2224 22006
internal_value=0.0437582 -0.00556299 -0.00315961 0.00906464 0.0190792 -0.00967723 -0.0222662 0.0121452 0.0598726 0.0599223 0.057517 0.0336139 -0.0622829
internal_weight=873942 215214 205888 71577.2 62774.8 134311 85186.5 49124.4 658728 658472 39140.8 3981.23 8802.46
internal_count=20700787 19964104 16441412 2104409 1683569 14337003 11915120 2421883 736683 734412 44027 5902 420840
is_linear=0
shrinkage=0.0581682


Tree=56
num_leaves=14
num_cat=0
split_feature=18 10 4 21 10 21 2 12 10 11 4 22 8
split_gain=198465 7684.84 4518 20042.8 15336.2 14776.2 11688.6 4002.11 1146.3 782.237 90.2813 886.777 6026.17
threshold=1.0000000180025095e-35 1.0000000180025095e-35 9.2711071968078631 -1.0000000180025095e-35 0.48989559710025793 -1.0000000180025095e-35 10.524652481079103 0.10600665211677553 1.0000000180025095e-35 0.54019388556480419 5.514719009399415 0.91597560048103344 -1.0000000180025095e-35
decision_type=2 10 10 2 10 2 10 10 8 10 8 2 2
left_child=1 -1 3 9 -5 6 -4 -7 -2 -3 11 -10 -13
right_child=8 2 5 4 -6 7 -8 -9 10 -11 -12 12 -14
leaf_value=-0.058524749622796975 -0.064715397791736781 -0.020620576301369025 -0.049013545063736709 0.038694711032876701 -0.043834467259824539 0.033227543266048466 0.012376047640923612 -0.043256507570985536 0.059837649815438237 -0.049385883568518765 0.05994370454206821 -0.17841616284938278 0.060210275364368529
leaf_weight=8803.0556264448678 243.87384245544672 4141.4528341363184 12192.943952408154 47818.771172895562 9054.230962229427 2454.7684816643596 75105.327673688298 38263.663534986787 23724.526129346341 15040.64813867351 596101.36385912076 414.6180988997221 2443.2750480510294
leaf_count=3522692 2271 388877 1740360 1027090 548598 262538 3852624 7672455 27365 948870 702825 1920 2302
internal_value=0.0431626 -0.00532337 -0.00302525 0.00820048 0.0255466 -0.00969766 0.00379516 -0.0386327 0.0597324 -0.0432023 0.0597822 0.0561368 0.0252305
internal_weight=835803 212875 204072 76055.1 56873 128017 87298.3 40718.4 622928 19182.1 622684 26582.4 2857.89
internal_count=20700787 19964104 16441412 2913435 1575688 13527977 5592984 7934993 736683 1337747 734412 31587 4222
is_linear=0
shrinkage=0.0581682


Tree=57
num_leaves=14
num_cat=0
split_feature=18 10 11 10 4 3 4 10 7 17 4 7 4
split_gain=191968 7294.37 4348.92 4677.49 4828.67 1957.5 2132.55 1080.11 865.169 210.576 95.2859 301.118 974.463
threshold=1.0000000180025095e-35 1.0000000180025095e-35 0.33030201494693762 0.98217648267745983 9.2711071968078631 2.4444085359573369 8.2655978202819842 1.0000000180025095e-35 -0.86215555667877186 0.0025077211903408174 5.514719009399415 -1.0000000180025095e-35 2.8502613306045537
decision_type=2 10 10 10 10 10 10 8 2 10 8 2 10
left_child=1 -1 5 4 -4 6 -3 -2 -7 -5 11 12 -9
right_child=7 2 3 9 -6 8 -8 10 -10 -11 -12 -13 -14
leaf_value=-0.058497220675471535 -0.064028722124432585 -0.038320690939702501 0.01402708195575416 -0.025604346763049537 -0.0058443799546370485 -0.012360108973012054 0.041579017776849386 0.058110607575628671 -0.044311640611695992 -0.055339208320592935 0.059819004975213586 0.059418125922956873 0.0042669144322033852
leaf_weight=8309.4025429217145 232.53357945382595 2036.6979509470984 66968.385295599466 1039.6033225813881 108223.36706212908 3744.3419898820575 2524.8663286371157 4364.6485164798796 12849.843129512155 4997.6083611301146 563554.47694097087 19301.732753830031 1560.6760375071317
leaf_count=3522692 2271 190915 1944348 68986 7869561 1299253 95501 5465 4492254 480594 702825 23134 2988
internal_value=0.0425539 -0.00509514 -0.00289939 1.19976e-05 0.00174952 -0.0278532 0.00581464 0.0595989 -0.0371312 -0.0503072 0.0596489 0.0558231 0.0440096
internal_weight=799708 210694 202385 181229 175192 21155.7 4561.56 589014 16594.2 6037.21 588782 25227.1 5925.32
internal_count=20700787 19964104 16441412 10363489 9813909 6077923 286416 736683 5791507 549580 734412 31587 8453
is_linear=0
shrinkage=0.0581682


Tree=58
num_leaves=14
num_cat=0
split_feature=18 0 0 4 11 9 21 11 11 0 4 22 7
split_gain=186059 6930.28 4123.95 13361 12312.3 5299.89 2538.23 3008.53 1968.89 1017.96 101.751 926.725 1763.13
threshold=1.0000000180025095e-35 1.0000000180025095e-35 16.552665710449222 19.76630783081055 0.80899307131767284 -14.359344482421873 -1.0000000180025095e-35 0.35090203583240515 0.99999997019767772 1.0000000180025095e-35 4.6339969635009775 0.91597560048103344 -0.032401250675320618
decision_type=2 10 10 10 10 2 2 10 10 8 8 2 2
left_child=1 -1 3 4 -3 -5 7 -4 -8 -2 11 -11 -13
right_child=9 2 6 5 -6 -7 8 -9 -10 10 -12 12 -14
leaf_value=-0.058470617325758853 -0.063373414392072919 0.019814411165108754 0.13078006239261689 0.01239627035170255 -0.021306867606150408 -0.042253865657806707 -0.050710858446793967 0.013737598488680426 0.028070811709759443 0.059609866870444492 0.059691429700142601 -0.05357684216145249 0.053364880982026033
leaf_weight=7843.3134983151685 221.63939364254475 63646.879194574896 751.89669655566104 7089.443601986859 40184.053007911192 38775.05878325901 3621.6075075259432 46033.57755377423 1514.2532802862115 19207.312661541626 534984.61085494421 734.97750686854124 1751.5856672897935
leaf_count=3522692 2271 2685199 15571 926808 2672606 8894775 716043 497760 32650 24711 705680 1992 2029
internal_value=0.0418928 -0.00483936 -0.00274978 -0.0076508 0.00389582 -0.0337973 0.0113722 0.0156392 -0.0274012 0.0594702 0.0595203 0.0552718 0.0215562
internal_weight=766360 209460 201617 149695 103831 45864.5 51921.3 46785.5 5135.86 556900 556678 21693.9 2486.56
internal_count=20700787 19964104 16441412 15179388 5357805 9821583 1262024 513331 748693 736683 734412 28732 4021
is_linear=0
shrinkage=0.0581682


Tree=59
num_leaves=14
num_cat=0
split_feature=20 0 3 4 10 10 21 21 0 10 4 8 11
split_gain=180063 6577.17 3964.03 5894.79 13339.6 13281.2 3603.08 3179.59 959.602 639.728 108.014 734.2 5094.16
threshold=1.0000000180025095e-35 1.0000000180025095e-35 116.18691253662111 14.991091728210451 0.44776910543441778 0.58742189407348644 -0.91597560048103321 -0.37940952181816096 1.0000000180025095e-35 0.27818225324153906 5.514719009399415 -1.0000000180025095e-35 0.80899307131767284
decision_type=2 10 10 10 10 10 2 2 8 10 8 2 10
left_child=1 -1 3 5 -5 -3 9 -8 -2 -4 11 12 -10
right_child=8 2 6 4 -6 -7 7 -9 10 -11 -12 -13 -14
leaf_value=-0.058444865630498596 -0.062746134284344265 0.014460957691395722 -0.056060850534910861 -0.031394573408625982 0.018237550938283328 -0.043040481238012261 0.045602185099465592 -0.033496879405126988 0.057871785447256283 0.010340666490032924 0.059587797248300024 0.059462804709270713 -0.1550143848458205
leaf_weight=7403.2649238808081 211.18656739592552 80225.060514128301 1937.9791452118661 59857.365827511647 26390.200872106478 16356.88334270427 12815.748284988338 1976.6328937984072 2841.2358386963606 642.60821247030981 503556.33829921298 19449.907367879525 434.0127334818244
leaf_count=3522692 2271 2924507 60604 10472141 969760 1380354 157371 474636 3813 2039 702825 25877 1897
internal_value=0.0412569 -0.00461845 -0.00262478 -0.00514984 -0.0162033 0.00471701 0.0239201 0.0349988 0.0593471 -0.0393821 0.0593974 0.0551498 0.02937
internal_weight=734098 207606 200202 182830 86247.6 96581.9 17373 14792.4 526493 2580.59 526281 22725.2 3275.25
internal_count=20700787 19964104 16441412 15746762 11441901 4304861 694650 632007 736683 62643 734412 31587 5710
is_linear=0
shrinkage=0.0581682


Tree=60
num_leaves=14
num_cat=0
split_feature=20 0 10 3 22 22 0 17 22 2 4 22 8
split_gain=174235 6240.37 3658.62 4548.87 35358.5 13349.2 904.784 229.737 414.37 117.798 113.846 978.453 4612.97
threshold=1.0000000180025095e-35 1.0000000180025095e-35 0.98217648267745983 0.53466820716857921 0.91597560048103344 0.78656607866287243 1.0000000180025095e-35 0.0025077211903408174 -0.6035533845424651 0.057478874921798713 5.514719009399415 0.91597560048103344 -1.0000000180025095e-35
decision_type=2 10 10 10 2 2 8 10 2 10 8 2 2
left_child=1 -1 3 4 -3 -5 -2 8 -4 -9 11 -8 -13
right_child=6 2 7 5 -6 -7 10 9 -10 -11 -12 12 -14
leaf_value=-0.058419898385419992 -0.062143820055235902 -0.053399689325923705 0.028762392941972522 0.002098270727412371 0.15340090146596291 -0.048471107237319552 0.059336116033055331 0.02880732548414416 -0.050737412838069186 -0.055813163313902743 0.05948035885858468 -0.13782687673880378 0.059540666175620802
leaf_weight=6987.815668212832 201.16850336641073 6581.9716576389037 333.88207129109651 162006.81263994798 4856.8849493688904 19817.939319849713 19056.341505419463 47.59834068454802 619.38414789084345 4493.0498897160869 475934.02583727241 494.38465531170368 2023.2149746194482
leaf_count=3522692 2271 319264 28296 12555790 53138 2963499 27365 3956 40690 476779 702825 1920 2302
internal_value=0.0406165 -0.00440717 -0.00250497 -0.00117171 0.0343973 -0.00341237 0.0592292 -0.0492951 -0.0224721 -0.0548114 0.0592796 0.0548221 0.0204524
internal_weight=703454 205745 198758 193264 11438.9 181825 497709 5493.91 953.266 4540.65 497508 21573.9 2517.6
internal_count=20700787 19964104 16441412 15891691 372402 15519289 736683 549721 68986 480735 734412 31587 4222
is_linear=0
shrinkage=0.0581682


Tree=61
num_leaves=14
num_cat=0
split_feature=18 10 11 21 4 10 3 2 2 10 4 22 1
split_gain=169017 5919.69 3558.63 3875.32 3880.97 3707.99 2096.44 2043.12 1050.31 853.279 119.144 979.413 1580.9
threshold=1.0000000180025095e-35 1.0000000180025095e-35 0.30915790796279913 0.60355338454246532 4.6339969635009775 0.98217648267745983 2.4444085359573369 0.47854654490947729 75.527488708496108 1.0000000180025095e-35 5.514719009399415 0.91597560048103344 1.5061369538307192
decision_type=2 10 10 2 10 10 10 10 10 8 8 2 8
left_child=1 -1 6 5 -5 -4 7 -3 -8 -2 11 -11 -13
right_child=9 2 3 4 -6 -7 8 -9 -10 10 -12 12 -14
leaf_value=-0.058395642908199437 -0.061563668867433745 -0.036715974958305204 0.0045145987651334252 0.012984222834720375 -0.044090184630616688 -0.048507209540729991 -0.041167643177046305 0.043741635469458341 0.025191817663974676 0.059219063557690209 0.059377803959072793 0.053540392816708762 -0.044257238118923653
leaf_weight=6595.6033352386439 191.57703657448292 1876.4017851543613 156584.20536521927 5995.8316512589809 12229.957033415325 4588.3501246876549 13530.564107748447 2460.8206577575766 847.73074097232893 18013.998188178986 449792.41718797013 1619.5499171577394 845.21630300581455
leaf_count=3522692 2271 128817 6675655 318091 3199938 447498 5293173 140477 237763 27365 702825 2153 2069
internal_value=0.0399186 -0.00419963 -0.00239207 0.000124011 -0.0252937 0.00300139 -0.0265258 0.0088397 -0.0372209 0.0591163 0.0591668 0.0545022 0.0198231
internal_weight=675172 204709 198114 179398 18225.8 161173 18715.5 4337.22 14378.3 470463 470271 20478.8 2464.77
internal_count=20700787 19964104 16441412 10641182 3518029 7123153 5800230 269294 5530936 736683 734412 31587 4222
is_linear=0
shrinkage=0.0581682


Tree=62
num_leaves=14
num_cat=0
split_feature=18 0 3 22 22 3 3 0 13 0 4 22 8
split_gain=163826 5616.72 3447.33 6449.94 5819.45 12387.4 8052.8 3464.31 2357.3 804.853 125.856 987.133 3943.88
threshold=1.0000000180025095e-35 1.0000000180025095e-35 116.18691253662111 0.37940952181816107 -0.91597560048103321 3.493651390075684 0.53466820716857921 0.2863061279058457 3.5000000000000004 1.0000000180025095e-35 5.514719009399415 0.91597560048103344 -1.0000000180025095e-35
decision_type=2 10 10 2 2 10 10 10 10 8 8 2 2
left_child=1 -1 4 8 5 -3 -6 -5 -4 -2 11 -11 -13
right_child=9 2 3 7 6 -7 -8 -9 -10 10 -12 12 -14
leaf_value=-0.058372033871427934 -0.061003090345574121 -0.055958806468905546 -0.059038710286735151 0.57152329779838063 0.031513284190261941 0.017976667991569557 -0.018428053407648175 0.056006363320973716 0.0070888095823869969 0.059106009904439975 0.059279736532653692 -0.1177007252131088 0.059338157297097432
leaf_weight=6225.3394467958715 182.40272432565689 8775.9094215886435 2580.1687337355688 40.174737262073904 12274.11697916803 60409.028231785866 98737.578467691666 8421.9772248438094 6169.4879169680644 17027.615608954802 425056.69796431623 545.54067695885897 1872.4451811499894
leaf_count=3522692 2271 332246 477581 9377 443708 1647275 13323533 163815 43877 27365 702825 1920 2302
internal_value=0.0392193 -0.00398871 -0.00227043 0.0225939 -0.00464809 0.00858944 -0.0129016 0.0587966 -0.0123857 0.0590063 0.059057 0.054156 0.0190892
internal_weight=648318 203634 197408 17211.8 180197 69184.9 111012 8462.15 8749.66 444685 444502 19445.6 2417.99
internal_count=20700787 19964104 16441412 694650 15746762 1979521 13767241 173192 521458 736683 734412 31587 4222
is_linear=0
shrinkage=0.0581682


Tree=63
num_leaves=14
num_cat=0
split_feature=18 0 9 4 10 21 3 3 11 0 4 8 11
split_gain=158559 5325.38 3291.15 5650.38 11573.4 9089.75 1767.66 3688.17 2563.55 759.338 131.281 782.197 3785.34
threshold=1.0000000180025095e-35 1.0000000180025095e-35 26.172161102294925 14.991091728210451 0.58742189407348644 -1.0000000180025095e-35 116.18691253662111 60.475545883178718 0.49940082430839544 1.0000000180025095e-35 5.514719009399415 -1.0000000180025095e-35 0.80899307131767284
decision_type=2 10 2 10 10 2 10 10 10 8 8 2 10
left_child=1 -1 3 4 -3 -5 7 -4 -8 -2 11 12 -11
right_child=9 2 6 5 -6 -7 8 -9 -10 10 -12 -13 -14
leaf_value=-0.05834900076147248 -0.060459702852877134 0.013228340199539876 0.032947286494157464 -0.0030111150425037674 -0.04189971158779391 -0.046082438700895373 0.058794338427221482 -0.01970310427883953 -0.062089785945873555 0.057258422135854012 0.059185779686428679 0.058984926059758074 -0.11523059517447279
leaf_weight=5875.8059452973539 173.63510254770517 80537.718322772533 9841.5894268718548 51776.066680756281 15333.015041855164 24398.956506182905 5329.7255060065072 8281.0776848883834 661.14516254724003 2345.5845069438219 401655.2719785776 15594.454160470515 521.73748609423637
leaf_count=3522692 2271 2924475 103642 4846722 1380320 7038197 32249 110071 5736 3813 702825 25877 1897
internal_value=0.0385443 -0.00380192 -0.0021647 -0.00498736 0.0044058 -0.016814 0.0179552 0.00886797 0.0453514 0.058901 0.0589519 0.0538296 0.0256051
internal_weight=622326 202035 196159 172046 95870.7 76175 24113.5 18122.7 5990.87 420291 420117 18461.8 2867.32
internal_count=20700787 19964104 16441412 16189714 4304795 11884919 251698 213713 37985 736683 734412 31587 5710
is_linear=0
shrinkage=0.0581682


Tree=64
num_leaves=14
num_cat=0
split_feature=18 0 10 3 22 22 0 17 22 4 22 8 2
split_gain=153427 5047.77 3100.03 3381.25 26923.8 12142.8 716.532 246.619 436.45 137.164 1004.9 3214.25 120.252
threshold=1.0000000180025095e-35 1.0000000180025095e-35 0.98217648267745983 0.53466820716857921 0.91597560048103344 0.78656607866287243 1.0000000180025095e-35 0.0025077211903408174 -0.6035533845424651 5.514719009399415 0.91597560048103344 -1.0000000180025095e-35 0.057478874921798713
decision_type=2 10 10 10 2 2 8 10 2 8 2 2 10
left_child=1 -1 3 4 -3 -5 -2 8 -4 10 -8 -12 -9
right_child=6 2 7 5 -6 -7 9 12 -10 -11 11 -13 -14
leaf_value=-0.058326480209694963 -0.059931293508297213 -0.053025374956962773 0.035292642421932752 0.0022518247477530274 0.12128084478668708 -0.047638303330387662 0.058897205941049344 0.032073143338678986 -0.049742091816018297 0.059095582412050068 -0.096401332686367289 0.058968703328600214 -0.055140414731590225
leaf_weight=5545.8513975790702 165.26292616128922 6367.2667924512643 310.56407716218382 159583.54600703681 5656.6904566725716 18405.42980772478 15244.381684878841 45.74459450924769 561.44588656676933 379519.71792141348 610.02321097999811 1677.243160367012 3956.9945184075041
leaf_count=3522692 2271 319264 28296 12555790 53138 2963499 27365 3956 40690 702825 1920 2302 476779
internal_value=0.0378633 -0.00362461 -0.00206465 -0.000886911 0.0289585 -0.00290601 0.0587987 -0.0478478 -0.0189772 0.0588498 0.0534923 0.0172514 -0.0540101
internal_weight=597650 200434 194888 190013 12024 177989 397217 4874.75 872.01 397051 17531.6 2287.27 4002.74
internal_count=20700787 19964104 16441412 15891691 372402 15519289 736683 549721 68986 734412 31587 4222 480735
is_linear=0
shrinkage=0.0581682


Tree=65
num_leaves=14
num_cat=0
split_feature=18 0 0 4 11 6 11 11 11 0 4 22 8
split_gain=148744 4783.74 3044.34 10003.4 10315.3 4514.36 2170.02 7504.64 1590.87 676.272 142.53 1000.58 2836.37
threshold=1.0000000180025095e-35 1.0000000180025095e-35 16.552665710449222 19.76630783081055 0.80899307131767284 19.164445877075199 0.86525118350982677 0.62909039855003368 0.94035691022872936 1.0000000180025095e-35 5.514719009399415 0.91597560048103344 -1.0000000180025095e-35
decision_type=2 10 10 10 10 10 10 10 10 8 8 2 2
left_child=1 -1 3 4 -3 -5 7 -4 -8 -2 11 -11 -13
right_child=9 2 6 5 -6 -7 8 -9 -10 10 -12 12 -14
leaf_value=-0.058304405630855802 -0.059415805677602962 0.017743560203802158 0.018458636569630579 -0.039840995189641841 -0.020333030204429604 0.010204273605115201 0.048125148419643805 -0.047049531474816914 0.013819067619139872 0.058793409082944705 0.059008811630040708 -0.084788930085180583 0.0587891313056393
leaf_weight=5234.3873419195879 157.27432897686958 63797.850554157631 20722.080642372486 33322.761534732184 38651.019462426193 7448.2119374611648 6508.4265306033194 8276.812549952534 15565.564953351277 14407.598710808903 358584.66737032309 652.43474743887782 1587.1698453631252
leaf_count=3522692 2271 2685199 417678 8921003 2672606 900580 140585 380756 323005 27365 702825 1920 2302
internal_value=0.0371293 -0.00345179 -0.00197068 -0.00632046 0.00337421 -0.0306886 0.0102188 -0.000229144 0.0239597 0.0586998 0.058751 0.0531604 0.0167005
internal_weight=574916 199527 194293 143220 102449 40771 51072.9 28998.9 22074 375389 375232 16647.2 2239.6
internal_count=20700787 19964104 16441412 15179388 5357805 9821583 1262024 798434 463590 736683 734412 31587 4222
is_linear=0
shrinkage=0.0581682


Tree=66
num_leaves=14
num_cat=0
split_feature=18 0 10 3 22 22 0 17 22 4 22 8 2
split_gain=143875 4531.77 2842.84 3117.43 22590.1 11110.9 638.396 252.755 408.875 147.919 995.456 2525.95 117.916
threshold=1.0000000180025095e-35 1.0000000180025095e-35 0.98217648267745983 0.53466820716857921 0.91597560048103344 0.78656607866287243 1.0000000180025095e-35 0.0025077211903408174 -0.6035533845424651 5.514719009399415 0.91597560048103344 -1.0000000180025095e-35 0.057478874921798713
decision_type=2 10 10 10 2 2 8 10 2 8 2 2 10
left_child=1 -1 3 4 -3 -5 -2 8 -4 10 -8 -12 -9
right_child=6 2 7 5 -6 -7 9 12 -10 -11 11 -13 -14
leaf_value=-0.058282710269516723 -0.058911325343830714 -0.052437113205317645 0.033936500312606303 0.0020817473599162037 0.10635495756052897 -0.046927081834977888 0.058692037028663074 0.031120844995899594 -0.0490135425182767 0.058925132188229333 -0.075330281624296017 0.058612330890456206 -0.054782970789690466
leaf_weight=4940.3851407050388 149.65701455622911 5994.7705583272036 315.12875470379367 158942.653136026 6119.9834652538411 17356.290405733278 13616.243637997657 46.269466913770884 524.71288432786241 338787.89972331747 690.93765044212341 1501.8789869137108 3707.016156073194
leaf_count=3522692 2271 319264 28296 12555790 53138 2963499 27365 3956 40690 702825 1920 2302 476779
internal_value=0.0364343 -0.00329399 -0.00188308 -0.000778168 0.0277561 -0.00274187 0.0586035 -0.0470768 -0.0174018 0.0586549 0.052824 0.0161604 -0.0535827
internal_weight=552694 197947 193007 188414 12114.8 176299 354747 4593.13 839.842 354597 15809.1 2192.82 3753.29
internal_count=20700787 19964104 16441412 15891691 372402 15519289 736683 549721 68986 734412 31587 4222 480735
is_linear=0
shrinkage=0.0581682


Tree=67
num_leaves=14
num_cat=0
split_feature=18 0 11 21 10 3 2 1 0 8 3 8 11
split_gain=139414 4293.07 2742.01 3289.1 3037.34 1887.47 1775.28 1174.26 602.755 410.726 100.997 919.837 2586.85
threshold=1.0000000180025095e-35 1.0000000180025095e-35 0.30915790796279913 0.91597560048103344 0.98217648267745983 2.4444085359573369 0.47854654490947729 2.974762082099915 1.0000000180025095e-35 -9.1331305503845197 3.493651390075684 -1.0000000180025095e-35 0.77988579869270336
decision_type=2 10 10 2 10 10 10 10 8 2 10 2 10
left_child=1 -1 5 4 -4 6 -3 -7 -2 -5 11 12 -10
right_child=8 2 3 9 -6 7 -8 -9 10 -11 -12 -13 -14
leaf_value=-0.058261331047683156 -0.058416061381708739 -0.035074971528634494 0.0030387110388951375 0.052007135565919682 -0.046514818531914005 -0.05179805986438285 0.040883787862735367 -0.016659643951822463 0.058157476799322101 -0.047695422321629773 0.058840056489107125 0.058989993059836057 -0.069438156454804875
leaf_weight=4662.8724283302436 142.39838185161352 1764.2324272135738 165639.75290707813 136.4678415893577 4288.6633160492638 6745.9788841061527 2519.0027968075592 6243.8016954471823 1889.0564263612032 5104.4456140410621 314472.23184424825 17979.202465429902 744.54677940532565
leaf_count=3522692 2271 128817 8614132 52065 520396 2689696 140477 2841240 3652 1454589 690385 38125 2250
internal_value=0.0356838 -0.00313544 -0.00179637 0.000381978 0.00178456 -0.023905 0.00950008 -0.0349501 0.0585094 -0.0449818 0.058561 0.0542734 0.0218781
internal_weight=532333 197105 192442 175169 169928 17273 4283.24 12989.8 335227 5240.91 335085 20612.8 2633.6
internal_count=20700787 19964104 16441412 10641182 9134528 5800230 269294 5530936 736683 1506654 734412 44027 5902
is_linear=0
shrinkage=0.0581682


Tree=68
num_leaves=14
num_cat=0
split_feature=18 0 3 22 22 2 11 11 10 0 4 22 8
split_gain=135016 4067.55 2666.08 5523.82 4445.2 12888.3 10527.2 3270.11 1901.87 569.203 160.136 1007.43 2166.07
threshold=1.0000000180025095e-35 1.0000000180025095e-35 116.18691253662111 0.37940952181816107 -0.91597560048103321 3.0521277189254765 0.9965992569923402 0.80899307131767284 0.29945032298564916 1.0000000180025095e-35 5.514719009399415 0.91597560048103344 -1.0000000180025095e-35
decision_type=2 10 10 2 2 10 10 10 10 8 8 2 2
left_child=1 -1 4 7 5 -3 -6 -4 -5 -2 11 -11 -13
right_child=9 2 3 8 6 -7 -8 -9 -10 10 -12 12 -14
leaf_value=-0.058240204881119577 -0.057928343185832148 -0.062393118217736875 -0.051908293801604714 0.063253101099286571 -0.021338516575052945 0.016823905166348723 0.021847240486222101 0.020319822407394255 -0.033677666707563593 0.058500498810546427 0.058765968009674936 -0.065776120358953763 0.058263081918638819
leaf_weight=4400.9304107429343 135.48565452173352 7843.3915617919993 3862.6289422295522 7492.5256595019018 81779.169865559903 60605.897730796831 24905.449910143623 4684.0261878622696 745.45238661579788 12178.710430569947 302389.03665635921 730.49671497195959 1344.0276861805469
leaf_count=3522692 2271 420840 506294 166216 12032515 1558681 1734726 15164 6976 27365 702825 1920 2302
internal_value=0.0349267 -0.00297444 -0.00170375 0.0204353 -0.00382827 0.00773742 -0.0112526 -0.0122867 0.0544202 0.0584164 0.0584683 0.0521084 0.014347
internal_weight=513097 196319 191919 16784.6 175134 68449.3 106685 8546.66 8237.98 316778 316642 14253.2 2074.52
internal_count=20700787 19964104 16441412 694650 15746762 1979521 13767241 521458 173192 736683 734412 31587 4222
is_linear=0
shrinkage=0.0581682


Tree=69
num_leaves=15
num_cat=0
split_feature=18 0 8 4 11 9 22 11 0 4 22 8 11 8
split_gain=130500 3851.18 2535.45 7769.61 9837.25 9451.3 3690.21 2528.25 537.628 165.661 999.098 1955.81 102.317 1.04065
threshold=1.0000000180025095e-35 1.0000000180025095e-35 14.947826385498049 18.531650543212894 0.80899307131767284 -14.359344482421873 0.60355338454246532 0.35090203583240515 1.0000000180025095e-35 5.514719009399415 0.91597560048103344 -1.0000000180025095e-35 0.56196457147598278 3.3946293592453007
decision_type=2 10 2 10 10 2 2 10 8 8 2 2 10 2
left_child=1 -1 3 4 -3 -5 7 -4 -2 10 13 -12 -8 -10
right_child=8 2 6 5 -6 -7 12 -9 9 -11 11 -13 -14 -15
leaf_value=-0.058219264876173342 -0.05744660124418919 0.017602587113705909 0.12396974781996235 0.02838952566854833 -0.020138566497360851 -0.039274332973226883 -0.036494544096371886 0.012619038770452182 0.058703804926392975 0.058689782616538413 -0.059422317776708658 0.058091016031027308 -0.060215285251305019 0.042509584405744226
leaf_weight=4153.6909340248676 128.90597987920046 62555.543886797503 697.75789949577302 8702.6463204122847 37290.678647819906 35207.478196124546 1115.011850116658 43205.613961797906 11259.668130805716 285660.93801157922 761.05959912389517 1271.7376573923975 1931.3874564478174 249.26441730745137
leaf_count=3522692 2271 2508813 21324 974015 2559253 9279950 55808 833095 26707 702825 1920 2302 209154 658
internal_value=0.0342089 -0.00283669 -0.00162702 -0.00546177 0.00350272 -0.0258533 0.0101056 0.0144101 0.0583259 0.058378 0.0517544 0.0138662 -0.0517291 0.0584041
internal_weight=494191 194860 190706 143756 99846.2 43910.1 46949.8 43903.4 299332 299203 13541.7 2032.8 3046.4 11508.9
internal_count=20700787 19964104 16441412 15322031 5068066 10253965 1119381 854419 736683 734412 31587 4222 264962 27365
is_linear=0
shrinkage=0.0581682


Tree=70
num_leaves=15
num_cat=0
split_feature=18 0 10 3 22 22 0 17 21 4 22 1 2 7
split_gain=126140 3645.44 2479.91 2765.5 18568.2 9932.58 507.901 270.075 420.679 171.274 990.331 1336.9 119.255 1.6118
threshold=1.0000000180025095e-35 1.0000000180025095e-35 0.98217648267745983 0.53466820716857921 0.91597560048103344 0.78656607866287243 1.0000000180025095e-35 0.0025077211903408174 -0.37940952181816096 5.514719009399415 0.91597560048103344 1.5061369538307192 0.057478874921798713 3.3680456876754765
decision_type=2 10 10 10 2 2 8 10 2 8 2 10 10 2
left_child=1 -1 3 4 -3 -5 -2 8 -4 10 13 -12 -9 -8
right_child=6 2 7 5 -6 -7 9 12 -10 -11 11 -13 -14 -15
leaf_value=-0.058198449265966665 -0.056969358921298868 -0.05170694738706326 0.031117347610704758 0.0020130417685978387 0.092014809761610555 -0.04595720815558163 0.058625320988344609 0.033346208469029325 -0.053833940697645834 0.058615534672883308 0.052091074927634165 -0.044978510303600332 -0.054209611260470823 0.041944448624967774
leaf_weight=3920.3335955071379 122.64651834964752 5606.2946164766327 360.10731406416744 157078.87350142177 6633.8999408795498 16096.16772576503 10634.943642744794 45.054279749747366 418.54583806404844 269850.03826546203 1202.5014240704477 789.84420139342546 3364.4976212070324 241.45540108531713
leaf_count=3522692 2271 319264 30991 12555790 53138 2963499 26701 3956 37995 702825 2153 2069 476779 664
internal_value=0.0334778 -0.00270673 -0.00155593 -0.000553411 0.0261594 -0.00244442 0.0582367 -0.0457962 -0.0140829 0.058289 0.0513931 0.0133949 -0.0528944 0.0583088
internal_weight=476365 193524 189603 185415 12240.2 173175 282841 4188.21 778.653 282719 12868.7 1992.35 3409.55 10876.4
internal_count=20700787 19964104 16441412 15891691 372402 15519289 736683 549721 68986 734412 31587 4222 480735 27365
is_linear=0
shrinkage=0.0581682


Tree=71
num_leaves=15
num_cat=0
split_feature=18 0 3 22 22 2 11 11 4 0 4 22 1 7
split_gain=122062 3450.76 2327.26 5042.05 3665.4 11753.2 9288.02 2948.28 1735.89 479.892 179.143 986.202 1216.46 2.3814
threshold=1.0000000180025095e-35 1.0000000180025095e-35 116.18691253662111 0.37940952181816107 -0.91597560048103321 3.0521277189254765 0.9965992569923402 0.83706271648406994 196.68415832519534 1.0000000180025095e-35 5.514719009399415 0.91597560048103344 1.5061369538307192 3.3680456876754765
decision_type=2 10 10 2 2 10 10 10 10 8 10 2 10 2
left_child=1 -1 4 7 5 -3 -6 -4 -5 -2 11 13 -13 -11
right_child=9 2 3 8 6 -7 -8 -9 -10 10 -12 12 -14 -15
leaf_value=-0.058177693319036841 -0.056495237062326155 -0.062174425963493526 -0.04781577308197258 0.059979936179607098 -0.020107662625923221 0.015438710810841111 0.020437252361322596 0.021166277639549674 -0.0410761834630015 0.058543334213439824 0.058543162423312214 0.051510199688373247 -0.041067901724113509 0.041210982258146046
leaf_weight=3700.0833286296111 116.69452157616615 7400.3837971558096 4052.3518146399874 7458.940743445768 79265.951924817869 60793.299619774567 25179.96482507023 4325.6157122892328 615.34759712836239 10057.340885577723 254893.93023589812 1150.4957257919014 814.376908544451 231.82310917600989
leaf_count=3522692 2271 420840 511107 116447 12032515 1558681 1734726 10351 56745 26730 702788 2161 2069 664
internal_value=0.0326994 -0.002576 -0.00148457 0.0194127 -0.0034788 0.00700681 -0.0103288 -0.0121598 0.0522108 0.0581465 0.058199 0.050989 0.0129311 0.0582093
internal_weight=460057 192792 189092 16452.3 172640 68193.7 104446 8377.97 8074.29 267265 267148 12254 1964.87 10289.2
internal_count=20700787 19964104 16441412 694650 15746762 1979521 13767241 521458 173192 736683 734412 31624 4230 27394
is_linear=0
shrinkage=0.0581682


Tree=72
num_leaves=14
num_cat=0
split_feature=20 0 10 3 22 22 0 17 22 3 8 11 0
split_gain=117856 3265.59 2363.05 2290.91 15286.7 9083.55 453.514 266.982 440.055 125.964 988.06 2175.2 117.723
threshold=1.0000000180025095e-35 1.0000000180025095e-35 0.98217648267745983 0.53466820716857921 0.91597560048103344 0.78656607866287243 1.0000000180025095e-35 0.0025077211903408174 -0.6035533845424651 3.493651390075684 -1.0000000180025095e-35 0.77988579869270336 0.079789068549871459
decision_type=2 10 10 10 2 2 8 10 2 10 2 10 10
left_child=1 -1 3 4 -3 -5 -2 8 -4 10 11 -8 -9
right_child=6 2 7 5 -6 -7 9 12 -10 -11 -12 -13 -14
leaf_value=-0.058156931171208931 -0.056022932305578879 -0.051061440498261321 0.041682246421878434 0.0019718775723686949 0.07902842584923167 -0.045145870193684504 0.057619236811924171 0.011573523504668068 -0.048036542461354859 0.058466299530942352 0.058645780679506126 -0.06327628210671743 -0.054392300520786252
leaf_weight=3492.2079125293531 111.03737912327051 5317.5140366535634 290.56187674915418 156216.8808384093 7169.5972937704064 15184.59826603788 1483.9653237275779 82.593606363516301 482.5748804404866 236607.77394036762 13586.798392930999 754.75068543478847 3199.6769560856046
leaf_count=3522692 2271 319264 28296 12555790 53138 2963499 3652 7980 40690 690385 38125 2250 472755
internal_value=0.0319641 -0.00245604 -0.0014176 -0.000446279 0.0236005 -0.00220105 0.0580568 -0.0453148 -0.0137604 0.0581095 0.0527349 0.0166392 -0.0525978
internal_weight=443981 191436 187944 183889 12487.1 171401 252544 4055.41 773.137 252433 15825.5 2238.72 3282.27
internal_count=20700787 19964104 16441412 15891691 372402 15519289 736683 549721 68986 734412 44027 5902 480735
is_linear=0
shrinkage=0.0581682


Tree=73
num_leaves=15
num_cat=0
split_feature=18 0 10 4 21 21 0 17 22 4 22 8 0 8
split_gain=113951 3090.27 2198.7 2396.44 14486.7 10534.2 428.683 264.237 399.447 194.192 1009.88 1771.06 115.049 3.38927
threshold=1.0000000180025095e-35 1.0000000180025095e-35 0.98217648267745983 9.2711071968078631 -1.0000000180025095e-35 -1.0000000180025095e-35 1.0000000180025095e-35 0.0025077211903408174 -0.6035533845424651 6.4181721210479745 0.91597560048103344 -1.0000000180025095e-35 0.079789068549871459 3.3946293592453007
decision_type=2 10 10 10 2 2 8 10 2 10 2 2 10 2
left_child=1 -1 3 4 -3 -5 -2 8 -4 10 13 -12 -9 -8
right_child=6 2 7 5 -6 -7 9 12 -10 -11 11 -13 -14 -15
leaf_value=-0.058136100381407561 -0.05555122442422139 -0.042206937209867387 0.037703859341272801 0.0055614954196998804 0.021842159857809924 -0.0337032304873644 0.05838700150235502 0.010814426749809706 -0.047474794457464255 0.058415443722179841 -0.05503389708961505 0.057542240069854825 -0.054057090478163518 0.041910118227174338
leaf_weight=3296.0155454021879 105.66269448772073 15239.756236443529 302.61542937997729 80704.465398795786 55232.590366734192 32389.875232885941 9591.5096225943416 83.529321973212063 460.5863641910255 226708.09326614626 787.50060694664717 1164.8242488894612 3037.0705268691527 270.15114760771394
leaf_count=3522692 2271 1107324 28296 5527064 1393048 7864255 28578 7980 40690 700474 1985 2518 472755 857
internal_value=0.0311781 -0.00233644 -0.00135183 -0.000432775 0.00798401 -0.00568115 0.057969 -0.0446384 -0.0131589 0.058022 0.0504197 0.0119075 -0.0521803 0.0579949
internal_weight=429374 190747 187450 183567 70472.3 113094 238628 3883.8 763.202 238522 11814 1952.32 3120.6 9861.66
internal_count=20700787 19964104 16441412 15891691 2500372 13391319 736683 549721 68986 734412 33938 4503 480735 29435
is_linear=0
shrinkage=0.0581682


Tree=74
num_leaves=14
num_cat=0
split_feature=18 0 6 21 11 11 2 11 11 0 3 8 11
split_gain=110008 2923.5 2169.04 6997.73 8840.03 6560.8 15809.7 4666.03 3025.9 405.298 134.848 979.319 1911.31
threshold=1.0000000180025095e-35 1.0000000180025095e-35 16.470909118652347 -0.37940952181816096 0.99999806284904491 0.39200329780578619 44.766672134399421 0.89355298876762401 0.99999991059303295 1.0000000180025095e-35 3.493651390075684 -1.0000000180025095e-35 0.77988579869270336
decision_type=2 10 10 2 10 10 10 10 10 8 10 2 10
left_child=1 -1 3 8 -5 6 -4 -7 -3 -2 11 12 -11
right_child=9 2 5 4 -6 7 -8 -9 -10 10 -12 -13 -14
leaf_value=-0.058115134810971046 -0.055078961395124686 -0.035037588739814614 0.40042759748902668 0.0065819240961328528 -0.059003314969230433 -0.01268122293167751 0.038994483049222921 0.021876095696434356 0.070792663862977667 0.057418816333073393 0.058326388792171446 0.058514943028036878 -0.056390111061462883
leaf_weight=3110.8527424367494 100.55830850824714 26777.159150968189 444.73072016728111 91977.742382092401 7517.5583542465465 31284.471824563807 4712.2884009354748 22884.795470370678 940.04659278155304 1353.8145675994456 211113.99105395004 12124.114440156147 782.92522453516722
leaf_count=3522692 2271 4717822 38221 8294318 779249 1514046 309044 648883 139829 3652 690385 38125 2250
internal_value=0.0304205 -0.00222739 -0.00129188 -0.00557712 0.00162011 0.00788989 0.0705557 0.00191138 -0.0314232 0.0578823 0.0579355 0.0521049 0.0155016
internal_weight=415125 189650 186539 127213 99495.3 59326.3 5157.02 54169.3 27717.2 225475 225375 14260.9 2136.74
internal_count=20700787 19964104 16441412 13931218 9073567 2510194 347265 2162929 4857651 736683 734412 44027 5902
is_linear=0
shrinkage=0.0581682


Tree=75
num_leaves=15
num_cat=0
split_feature=18 0 3 4 10 10 22 0 11 0 4 22 8 8
split_gain=106267 2764.61 2133.84 2751.42 10786.1 9060.02 2216.05 2974.76 2226.42 383.262 207.225 1006.2 1536.37 5.57137
threshold=1.0000000180025095e-35 1.0000000180025095e-35 136.47906494140628 9.2711071968078631 0.48989559710025793 0.44776910543441778 0.37940952181816107 0.2863061279058457 0.80899307131767284 1.0000000180025095e-35 6.4181721210479745 0.91597560048103344 -1.0000000180025095e-35 3.3946293592453007
decision_type=2 10 10 10 10 10 2 10 10 8 10 2 2 2
left_child=1 -1 3 4 -3 -5 8 -8 -4 -2 11 13 -13 -11
right_child=9 2 6 5 -6 -7 7 -9 -10 10 -12 12 -14 -15
leaf_value=-0.058093967466857924 -0.054605065508508674 0.01645528969546434 -0.044604056414331288 -0.020897550919935427 -0.04169038847486832 0.015809230925934673 0.50709182290528698 0.052307163063418614 0.029201342960326809 0.058245218190191052 0.058279728053510033 -0.049218344539070452 0.057169489220288389 0.040121918873314379
leaf_weight=2936.1023620434571 95.712336983531713 59615.197442202596 2172.2550871755229 69285.45146608341 13174.462029513903 33858.423380750348 45.163890854455531 4009.9688186456915 3785.6622027116828 8575.3175839511678 202281.03617865685 811.78572810441256 1042.2993556829169 244.98225877154619
leaf_count=3522692 2271 1779015 303144 11581671 1134420 1539120 5124 91071 7847 28578 700474 1985 2518 857
internal_value=0.0296332 -0.00213008 -0.00124291 -0.00273175 0.00592393 -0.00884401 0.0248666 0.0580146 0.00221199 0.0577947 0.0578482 0.0496124 0.0103683 0.0578073
internal_weight=401934 188883 185947 175934 72789.7 103144 10013 4055.13 5957.92 213051 212955 10674.4 1854.09 8820.3
internal_count=20700787 19964104 16441412 16034226 2913435 13120791 407186 96195 310991 736683 734412 33938 4503 29435
is_linear=0
shrinkage=0.0581682


Tree=76
num_leaves=21
num_cat=0
split_feature=18 2 2 22 22 10 6 3 22 7 10 7 10 11 10 21 3 8 11 21
split_gain=102494 2709.9 8959.44 12285.3 7746.69 7029.38 3276.59 2894.63 1866.45 3825.52 2417.9 572.147 362.506 338.959 210.084 366.215 143.897 968.016 1690.43 115.417
threshold=1.0000000180025095e-35 0.33584953844547277 0.47854654490947729 0.91597560048103344 0.78656607866287243 0.48989559710025793 1.3725962042808535 136.47906494140628 0.98296290636062633 0.18357215821743014 0.29945032298564916 0.04745017550885678 1.0000000180025095e-35 0.093963094055652632 0.98217648267745983 -0.37940952181816096 3.493651390075684 -1.0000000180025095e-35 0.77988579869270336 -0.7865660786628722
decision_type=2 10 10 2 2 10 10 10 2 2 10 2 8 10 10 2 10 2 10 2
left_child=1 8 3 13 6 -5 -4 -6 14 11 -11 -10 -2 -3 19 -16 17 18 -14 -1
right_child=12 2 4 5 7 -7 -8 -9 9 10 -12 -13 16 -15 15 -17 -18 -19 -20 -21
leaf_value=-0.029220774024393388 -0.054128526836526719 0.018341343694055358 -0.020086484464491679 0.16643959706867628 -0.046595676881732148 -0.039994023728517764 0.0044480896056052792 0.094575617120755046 -0.056942929634206371 0.23137344968088905 -0.060131949450177392 0.014461249049303881 0.057204755058165545 -0.052200504340492247 0.012685903558715053 -0.054597901831866386 0.058189119809885816 0.05838923697037203 -0.050736151369295331 -0.050763787682390676
leaf_weight=1118.336470626411 91.11320374161005 251.8831810124102 21324.630694056978 3218.1827585001593 15024.88967619359 669.63066173158586 134851.8642501797 502.27490377618233 893.68850313185249 373.66016701888293 124.42244746349752 642.6961296267109 1236.3083106335253 1850.435058023053 564.1488941621501 512.26407760637812 188359.86541144457 10818.371784862131 805.40614491701126 5930.5011945237638
leaf_count=479593 2271 102641 3499656 32016 3354759 11433 10644754 51850 88714 1496 2306 8992 3652 171199 55179 60904 690385 38125 2250 1398612
internal_value=0.0288713 -0.00202921 -0.000356049 0.0695445 -0.00279867 0.130776 0.00109507 -0.0419779 -0.0312408 0.0184152 0.157872 -0.0268586 0.0577075 -0.0435388 -0.0437264 -0.0190575 0.0577613 0.0514456 0.0144123 -0.0474228
internal_weight=389165 187854 177694 5990.13 171704 3887.81 156176 15527.2 10159.7 2034.47 498.083 1536.38 201311 2102.32 8125.25 1076.41 201220 12860.1 2041.71 7048.84
internal_count=20700787 19964104 17868308 317289 17551019 43449 14144410 3406609 2095796 101508 3802 97706 736683 273840 1994288 116083 734412 44027 5902 1878205
is_linear=0
shrinkage=0.0581682


Tree=77
num_leaves=15
num_cat=0
split_feature=18 0 9 10 7 4 7 8 21 0 4 22 8 8
split_gain=98899 2554.32 2045.97 6682.75 4512.15 4073.86 3772.72 3104.14 2635.21 342.943 220.488 998.532 1337.71 7.91788
threshold=1.0000000180025095e-35 1.0000000180025095e-35 -4.9400854110717765 0.18275393545627597 -0.67571431398391713 9.2711071968078631 -0.032401250675320618 20.562743186950687 -0.6035533845424651 1.0000000180025095e-35 6.4181721210479745 0.91597560048103344 -1.0000000180025095e-35 3.3946293592453007
decision_type=2 10 2 10 2 10 2 2 2 8 10 2 2 2
left_child=1 -1 3 5 7 -3 -6 -4 -5 -2 11 13 -13 -11
right_child=9 2 4 8 6 -7 -8 -9 -10 10 -12 12 -14 -15
leaf_value=-0.058067474328298944 -0.053648402863542513 0.063784489322187998 -0.039245200462227008 -0.00090909780348335893 0.023666548854738432 0.010318611781761298 -0.0043700822381371783 0.083306078936927278 -0.057803933154447415 0.058105198889235272 0.05814601480707092 -0.044369076972809292 0.056785997890328586 0.038205398075327891
leaf_weight=2699.6658895098371 86.749659813940525 8388.0612433189235 14913.691142519005 7343.8813582900912 18815.385772504727 11389.922673657769 118414.75720460297 727.72039640787989 4417.4927779916907 7667.5113948723301 180481.9365475988 831.08144751191139 932.63145152665675 222.52573758922517
leaf_count=3522692 2271 47084 2143422 207376 1504727 1716817 10212339 1680 607967 28578 700474 1985 2518 857
internal_value=0.0280843 -0.00193995 -0.00111475 0.0123701 -0.00389974 0.0330234 -0.000522488 -0.0334962 -0.0223259 0.0576189 0.057673 0.0487658 0.00890331 0.0576161
internal_weight=377333 187111 184411 31539.4 152872 19778 137230 15641.4 11761.4 190222 190136 9653.75 1763.71 7890.04
internal_count=20700787 19964104 16441412 2579244 13862168 1763901 11717066 2145102 815343 736683 734412 33938 4503 29435
is_linear=0
shrinkage=0.0581682


Tree=78
num_leaves=21
num_cat=0
split_feature=18 2 2 22 22 10 11 3 22 7 10 0 11 0 10 22 3 8 11 21
split_gain=95308.1 2454.21 7461.83 9697.35 7132.25 5189.91 2996.52 2607.43 1729.44 3093.31 1764.34 585.957 328.038 324.511 205.555 354.299 153.136 954.396 1502.76 116.851
threshold=1.0000000180025095e-35 0.33584953844547277 0.47854654490947729 0.91597560048103344 0.78656607866287243 0.48989559710025793 0.80899307131767284 136.47906494140628 0.98296290636062633 0.18357215821743014 0.29945032298564916 0.059312861412763603 0.093963094055652632 1.0000000180025095e-35 0.98217648267745983 -0.6035533845424651 3.493651390075684 -1.0000000180025095e-35 0.77988579869270336 -0.7865660786628722
decision_type=2 10 10 2 2 10 8 10 2 2 10 10 10 8 10 2 10 2 10 2
left_child=1 8 3 12 6 -5 -4 -6 14 11 -11 -10 -3 -2 19 -16 17 18 -15 -1
right_child=13 2 4 5 7 -7 -8 -9 9 10 -12 -13 -14 16 15 -17 -18 -19 -20 -21
leaf_value=-0.027901535059112779 -0.053163807133019686 0.017668326910271988 0.006713518313955889 0.13960045831573278 -0.045897064709953375 -0.03884965083252321 -0.010537412654834292 0.083541163079707895 -0.065393659819288616 0.18992338588213489 -0.059458652660240453 0.0070000432110860272 -0.051689525240203746 0.056974528818274466 0.02012247002188778 -0.047412804769992552 0.058052621301355765 0.05826692404151286 -0.04600743311808618 -0.050023838849969693
leaf_weight=1071.4504136784817 82.610797893255949 253.94619051078917 105002.40217758477 3580.125210138096 14271.145955415181 645.80025027878582 50420.94291643484 540.70885508146603 683.64544596182532 428.29873428319115 118.22660701349378 819.46228144841734 1757.7962448438338 1130.2312000412494 450.92857828666456 601.45790517400019 168056.99399519712 9653.0991750704125 823.083316674456 5620.4203495434485
leaf_count=479593 2271 102641 10762945 32016 3354759 11433 3381465 51850 88240 1496 2306 9466 171199 3652 52130 63953 690385 38125 2250 1398612
internal_value=0.0273144 -0.00184209 -0.000266532 0.0621941 -0.00255907 0.112224 0.00111443 -0.0411216 -0.030178 0.0171677 0.135208 -0.0257565 -0.0427172 0.0575301 -0.0427629 -0.0181346 0.0575846 0.0507533 0.0133707 -0.046562
internal_weight=366013 186267 176473 6237.67 170235 4225.93 155423 14811.9 9793.89 2049.63 546.525 1503.11 2011.74 179746 7744.26 1052.39 179663 11606.4 1953.31 6691.87
internal_count=20700787 19964104 17868308 317289 17551019 43449 14144410 3406609 2095796 101508 3802 97706 273840 736683 1994288 116083 734412 44027 5902 1878205
is_linear=0
shrinkage=0.0581682


Tree=79
num_leaves=15
num_cat=0
split_feature=18 0 9 4 11 21 10 4 2 0 4 22 8 8
split_gain=91866.4 2374.91 1910.9 3233.13 8300.57 7612.2 1540.92 4591.35 1930 307.136 234.005 987.193 1167.71 10.4303
threshold=1.0000000180025095e-35 1.0000000180025095e-35 26.172161102294925 19.76630783081055 0.80899307131767284 -0.6035533845424651 0.25956088304519659 63.614341735839851 56.067022323608406 1.0000000180025095e-35 6.4181721210479745 0.91597560048103344 -1.0000000180025095e-35 3.3946293592453007
decision_type=2 10 2 10 10 2 10 10 10 8 10 2 2 2
left_child=1 -1 3 4 -3 -5 8 -8 -4 -2 11 13 -13 -11
right_child=9 2 6 5 -6 -7 7 -9 -10 10 -12 12 -14 -15
leaf_value=-0.058041412853729227 -0.052673929028596862 0.016229806337185813 -0.064992550431605872 0.0052314428801573639 -0.018802369191900859 -0.035821585099365713 0.030121485212515293 -0.032239372309739958 0.046831438267770177 0.05796504448191956 0.058012459448213476 -0.040261202797348475 0.056387058427344372 0.036156712250893119
leaf_weight=2498.2868545813253 78.686059350147843 61907.502101168735 562.47025453019887 33057.547236964252 36294.014311477076 28393.103729789233 9864.035316268215 6704.4017713117646 6332.4632211488206 6856.7398270377889 161033.5181942312 846.16449776291847 834.52980831079185 202.49402093049139
leaf_count=3522692 2271 2685208 32549 2781074 2699336 8024096 77953 71335 69861 28578 700474 1985 2518 857
internal_value=0.0265275 -0.00175809 -0.000986647 -0.00326677 0.00327804 -0.0137317 0.0145087 0.00486131 0.0376157 0.0574395 0.0574942 0.0478762 0.00751374 0.0574188
internal_weight=355466 185614 183116 159652 98201.5 61450.7 23463.4 16568.4 6894.93 169852 169773 8739.93 1680.69 7059.23
internal_count=20700787 19964104 16441412 16189714 5384544 10805170 251698 149288 102410 736683 734412 33938 4503 29435
is_linear=0
shrinkage=0.0581682


Tree=80
num_leaves=15
num_cat=0
split_feature=18 0 9 10 7 7 4 8 21 0 4 8 11 8
split_gain=88380.4 2244.93 1912.43 5869.18 4163.89 4801.38 3469.03 2807.66 2461.71 290.762 240.235 771.939 1542.18 4.35323
threshold=1.0000000180025095e-35 1.0000000180025095e-35 -4.9400854110717765 0.18275393545627597 -0.46183525025844568 -0.070849116891622529 9.2711071968078631 20.562743186950687 -0.6035533845424651 1.0000000180025095e-35 6.4181721210479745 -1.0000000180025095e-35 0.77988579869270336 3.3946293592453007
decision_type=2 10 2 10 2 2 10 2 2 8 10 2 10 2
left_child=1 -1 3 6 7 -6 -3 -4 -5 -2 11 12 -11 -13
right_child=9 2 4 8 5 -7 -8 -9 -10 10 -12 13 -14 -15
leaf_value=-0.058018422502463925 -0.05217801102442432 0.06025127220826211 -0.033871125481905864 -0.00080004721675614907 0.03286340568853971 -0.0037340929296641331 0.01059616812771241 0.078820728075425089 -0.057328065025065628 0.056950094091349844 0.057945086955253647 0.057632933716931366 -0.050079637554196102 0.039913527338429976
leaf_weight=2358.0205159702455 74.965258693322539 8247.3304849597334 18088.646205514029 7345.0881610442884 13504.189213387959 118783.43820309997 11314.36969362566 774.23588976985775 4048.8253450174816 1145.1994490809739 152105.24515770283 6190.5330931069329 747.49738430604339 242.25449250079691
leaf_count=3522692 2271 47084 2558759 207376 950016 10351663 1716817 1730 607967 4113 700474 26823 2048 954
internal_value=0.0257853 -0.0016766 -0.000943481 0.0122245 -0.0036432 0 0.0315603 -0.0292072 -0.0209366 0.0573481 0.0574032 0.0474305 0.0144518 0.0570553
internal_weight=344970 184464 182106 30955.6 151151 132288 19561.7 18862.9 11393.9 160506 160431 8325.48 1892.7 6432.79
internal_count=20700787 19964104 16441412 2579244 13862168 11301679 1763901 2560489 815343 736683 734412 33938 6161 27777
is_linear=0
shrinkage=0.0581682


Tree=81
num_leaves=22
num_cat=0
split_feature=18 6 4 11 5 0 11 4 22 11 3 21 0 8 9 3 0 4 22 8 8
split_gain=85033.1 2199.88 8856.52 7177.92 12073.8 11724.9 5543.44 16311.6 76546.6 4891.03 3957.55 2683.25 2641.66 2206.84 2408.29 664.372 275.33 246.102 966.003 1014.17 12.5052
threshold=1.0000000180025095e-35 16.470909118652347 19.76630783081055 0.80899307131767284 0.16374550759792331 6.9155161380767831 0.41253566741943365 87.526504516601577 0.37940952181816107 0.86525118350982677 116.18691253662111 -0.98296290636062611 24.944375991821293 -3.2655364274978633 -11.474374771118162 136.47906494140628 1.0000000180025095e-35 6.4181721210479745 0.91597560048103344 -1.0000000180025095e-35 3.3946293592453007
decision_type=2 10 8 8 8 8 10 10 2 10 10 2 10 2 2 10 8 10 2 2 2
left_child=1 2 3 5 -5 -1 7 8 -3 10 -8 -11 -9 14 -4 -15 -2 18 20 -20 -18
right_child=16 6 13 4 -6 -7 9 12 -10 11 -12 -13 -14 15 -16 -17 17 -19 19 -21 -22
leaf_value=0.0077035238078558971 -0.051675366581440924 0.058253208945187325 0.12469129969250181 0.030732153269623169 -0.041857535567515418 0.11732267642228865 -0.032043795802345197 0.032731394859230885 1.2704962078745918 0.096372380464512963 0.015798322988201129 0.014703923975242859 -0.058032857032991519 -0.044099752207912138 -0.013026619220933967 0.064290981160797595 0.057824256309008858 0.057877079478825907 -0.03634197972598583 0.055974363803023557 0.034406327435301823
leaf_weight=59694.541236844263 71.438563004136086 1262.4263947846775 488.53141550871078 11345.256432208058 24434.774877026706 3491.4334055572981 17994.293734707346 4932.281999197905 200.70384983348777 1446.177781744278 8651.7046206912491 22793.170225192123 1384.3018848275533 22031.593217455258 3329.8003564361134 186.34193409577711 6137.1032653329894 143673.70526380604 859.17288757860661 747.9238332384266 187.92574483528733
leaf_count=4261325 2271 27588 113296 447879 2444154 120532 1287185 323381 12352 42166 128792 684034 42950 8243665 1695075 89730 28578 700474 1985 2518 857
internal_value=0.025024 -0.00159219 -0.00595507 0.00198309 -0.0188285 0.0137747 0.0076971 0.053413 0.228124 0.000695886 -0.0164949 0.0196095 0.0127505 -0.0361392 0.00461246 -0.0431602 0.0572556 0.057311 0.0469816 0.00640909 0.0572159
internal_weight=335345 183667 125002 98966 35780 63186 58665.1 7779.71 1463.13 50885.3 26646 24239.3 6316.58 26036.3 3818.33 22217.9 151677 151606 7932.13 1607.1 6325.03
internal_count=20700787 19964104 17415656 7273890 2892033 4381857 2548448 406271 39940 2142177 1415977 726200 366331 10141766 1808371 8333395 736683 734412 33938 4503 29435
is_linear=0
shrinkage=0.0581682


Tree=82
num_leaves=22
num_cat=0
split_feature=18 2 2 22 22 21 6 2 22 4 9 11 0 4 22 8 21 22 6 8 21
split_gain=82020.9 2263.36 6050.28 7711.87 6284.43 4269.96 3029.52 1941.55 1571.65 3744.72 2240.12 322.307 260.779 252.438 947.457 931.154 210.009 617.021 117.921 13.4629 0.143054
threshold=1.0000000180025095e-35 0.33584953844547277 0.47854654490947729 0.91597560048103344 0.78656607866287243 0.12940952181816109 1.3725962042808535 44.766672134399421 0.98296290636062633 0.71729815006256115 0.060615954920649535 0.093963094055652632 1.0000000180025095e-35 6.4181721210479745 0.91597560048103344 -1.0000000180025095e-35 -0.37940952181816096 -0.37940952181816096 0.30292314291000372 3.3946293592453007 -1.0000000180025095e-35
decision_type=2 10 10 2 2 2 10 10 2 10 2 10 8 10 2 2 2 2 10 2 2
left_child=1 8 3 11 6 -5 -4 -6 16 -10 -11 -3 -2 14 19 -16 17 -1 -18 -14 -15
right_child=12 2 4 5 7 -7 -8 -9 9 10 -12 -13 13 20 15 -17 18 -19 -20 -21 -22
leaf_value=0.0092377839328297781 -0.051165362969735076 0.017766290192265961 -0.019406801183961257 0.031287795188055738 -0.048741001074163112 0.14550359302551 0.0044135411507639742 0.013186644772698401 -0.066173206755732211 -0.028028357811961176 0.14857062430997106 -0.051265381437336277 0.057747762723234793 0.058432048556612513 -0.03367103870213535 0.055759987969682463 -0.050460215442570233 -0.051674612982767189 -0.004863575759772829 0.033573876154380657 0.05708520872972131
leaf_weight=934.96973907737993 68.096518825739622 253.18124280203483 20916.864604464412 1957.95588155312 11828.455490289867 2585.939733092091 132251.19074570626 1989.6970847327902 988.08931300978293 357.40062331719673 725.30513779510511 1681.4881134669413 5797.7564914543182 72367.798021352384 873.2910071015358 708.31035134894773 4866.1972228236846 1368.5780474742351 221.06432360041072 181.67926282808185 63343.887580581009
leaf_count=260153 2271 102641 3499656 27560 2961728 15889 10644754 444881 43221 51306 6981 171199 28578 372984 1985 2518 1149422 568880 15833 857 327490
internal_value=0.0242143 -0.00160083 -8.70646e-05 0.0550441 -0.00222977 0.0964538 0.00115753 -0.0397937 -0.0292985 0.0153231 0.0900312 -0.0420061 0.0571605 0.0572164 0.0465136 0.0061723 -0.0418564 -0.0268081 -0.0485631 0.0571051 0.0578082
internal_weight=326267 182926 173465 6478.56 166986 4543.9 153168 13818.2 9461.6 2070.8 1082.71 1934.67 143341 143273 7561.04 1581.6 7390.81 2303.55 5087.26 5979.44 135712
internal_count=20700787 19964104 17868308 317289 17551019 43449 14144410 3406609 2095796 101508 58287 273840 736683 734412 33938 4503 1994288 829033 1165255 29435 700474
is_linear=0
shrinkage=0.0581682


Tree=83
num_leaves=24
num_cat=0
split_feature=18 2 2 22 22 10 6 3 22 4 10 11 4 22 10 1 0 21 22 11 6 0 0
split_gain=78846.5 2080.95 5227.8 6464.48 5813.88 3705.83 2724.17 2368.24 1456.05 3266.19 2826.89 308.104 257.662 928.952 1107.96 1321.07 241.997 205.882 587.239 119.419 13.7937 5.58054 1.79368
threshold=1.0000000180025095e-35 0.33584953844547277 0.47854654490947729 0.91597560048103344 0.78656607866287243 0.48989559710025793 1.3725962042808535 116.18691253662111 0.98296290636062633 0.71729815006256115 0.077586166560649886 0.093963094055652632 6.4181721210479745 0.91597560048103344 0.21089407801628116 1.0264949202537539 1.0000000180025095e-35 -0.37940952181816096 -0.37940952181816096 0.081506669521331801 3.4019650220870976 0.61434668302536022 3.6841957569122319
decision_type=2 10 10 2 2 10 10 10 2 10 10 10 10 2 8 10 8 2 2 8 10 8 10
left_child=1 8 3 11 6 -5 -4 -6 17 -10 -11 -3 13 20 15 -15 -14 18 -1 -19 -2 -16 -22
right_child=12 2 4 5 7 -7 -8 -9 9 10 -12 -13 16 14 21 -17 -18 19 -20 -21 22 -23 -24
leaf_value=0.0086233619714998176 0.057816991763134984 0.016476055946974575 -0.018606762311346347 0.10715750636927153 -0.045001861090951091 -0.03999966740448857 0.0041471556065546013 0.061249757805805924 -0.065618618847134005 -0.059380641930570063 0.14003099820402573 -0.050745985645247252 -0.050382526375240058 0.061413432310999834 0.040787670655218496 -0.089768656380300585 0.057738277330363387 -0.028178965926971 -0.051256378482703306 -0.052444427815831134 0.020294938237313327 0.065567182616005054 0.045291082298952186
leaf_weight=943.37872000582865 5388.2323144050315 257.34182540842448 20558.315477244963 4098.9101858433569 12554.118525360973 667.49468099791557 132550.21304282549 745.47162868216401 939.93652405557805 336.98581660530181 799.63208567164838 1602.2783087632561 62.996229277923703 290.49348359927535 174.91116943210363 567.0572015941143 128194.04683985608 950.24323438823922 1301.5064747821889 3922.3720685215958 103.78239912353456 525.19932678341866 162.52969884406775
leaf_count=260153 28140 102641 3499656 32016 3312513 11433 10644754 94096 43221 56595 1692 171199 2191 669 859 2050 700474 866123 568880 299132 559 944 797
internal_value=0.0234547 -0.00152854 -9.30696e-05 0.0505558 -0.00211348 0.0864479 0.00108887 -0.038998 -0.0284881 0.0142023 0.0805588 -0.0412127 0.0570631 0.0460031 0.00592047 -0.0380415 0.0576803 -0.0410003 -0.0259479 -0.0478237 0.056961 0.0602357 0.0375109
internal_weight=317697 182228 173034 6626.03 166408 4766.4 153109 13299.6 9194.05 2076.55 1136.62 1859.62 135469 7212.21 1557.66 857.551 128257 7117.5 2244.89 4872.62 5654.54 700.11 266.312
internal_count=20700787 19964104 17868308 317289 17551019 43449 14144410 3406609 2095796 101508 58287 273840 736683 34018 4522 2719 702665 1994288 829033 1165255 29496 1803 1356
is_linear=0
shrinkage=0.0581682


Tree=84
num_leaves=19
num_cat=0
split_feature=20 0 10 9 4 22 17 21 4 22 10 2 0 0 8 0 0 21
split_gain=75750.7 2026.32 1689.23 1653.12 3145.3 1202.14 316.863 398.62 261.473 903.917 1015.63 992.654 229.503 130.716 15.4711 5.39733 4.55182 2.34277
threshold=1.0000000180025095e-35 1.0000000180025095e-35 0.98217648267745983 26.172161102294925 19.76630783081055 0.60355338454246532 0.0025077211903408174 -0.37940952181816096 6.4181721210479745 0.91597560048103344 0.21089407801628116 1.2336007952690127 1.0000000180025095e-35 0.079789068549871459 3.3946293592453007 0.61434668302536022 3.6841957569122319 -1.0000000180025095e-35
decision_type=2 10 10 2 10 2 10 2 10 2 8 10 8 10 2 8 10 2
left_child=1 -1 3 4 -3 -5 7 -4 9 14 11 -11 -10 -8 -2 -12 -16 -14
right_child=8 2 6 5 -6 -7 13 -9 12 10 15 -13 17 -15 16 -17 -18 -19
leaf_value=-0.057984698829762364 0.057556063593023267 0.0044466866217120569 0.038808594158215269 0.01759043054075107 -0.012649689953828255 -0.044066014468455775 0.021444336117401663 -0.051866594325625209 -0.049847355261813477 0.060932496380763763 0.040038076254034195 -0.075457922077485015 0.058365912557177893 -0.053158223475739119 0.0067256245861441787 0.065133526441434206 0.039845509133391882 0.056858096018348687
leaf_weight=2116.533325472381 5177.7023126613349 93658.849654953578 331.43909847456962 21788.998349137837 59545.449026306975 1117.6964904302731 72.017167137935758 314.45652799890377 60.10179278999567 248.32404852099717 168.1064166771248 613.01620841305703 64533.361659955699 2575.962637427845 55.295601206365973 498.75202915072441 114.15259593259543 56561.735958997626
leaf_count=3522692 28639 4864430 30991 168129 10792119 67013 7980 37995 2191 640 859 2079 372984 472755 291 944 566 327490
internal_value=0.0227048 -0.00145931 -0.000788821 -1.41293e-05 -0.00219568 0.0145567 -0.0420325 -0.00477612 0.0569665 0.0455642 0.0057991 -0.0355663 0.0576086 -0.0509467 0.0568404 0.0597051 0.0317745 0.057667
internal_weight=309552 181521 179405 176111 153204 22906.7 3293.88 645.896 128031 6875.35 1528.2 861.34 121155 2647.98 5347.15 666.858 169.448 121095
internal_count=20700787 19964104 16441412 15891691 15656549 235142 549721 68986 736683 34018 4522 2719 702665 480735 29496 1803 857 700474
is_linear=0
shrinkage=0.0581682


Tree=85
num_leaves=17
num_cat=0
split_feature=18 0 9 10 8 21 2 21 10 0 3 8 11 8 21 22
split_gain=72718.7 1915.08 1581.9 4937.27 3496.88 4680.08 2893.83 2291.37 2207.74 223.597 182.55 825.022 1036.8 13.7097 3.15016 14.4663
threshold=1.0000000180025095e-35 1.0000000180025095e-35 -4.9400854110717765 0.18275393545627597 14.947826385498049 -0.37940952181816096 8.075111389160158 -0.6035533845424651 0.24201478064060214 1.0000000180025095e-35 4.1257457733154306 -1.0000000180025095e-35 0.77988579869270336 3.3946293592453007 -1.0000000180025095e-35 0.78656607866287243
decision_type=2 10 2 10 2 2 10 2 10 8 10 2 10 2 2 2
left_child=1 -1 3 6 5 -4 -3 -5 -6 -2 11 12 -11 -13 -12 -16
right_child=9 2 4 7 8 -7 -8 -9 -10 10 14 13 -14 -15 15 -17
leaf_value=-0.057959458822120356 -0.049660593277319885 0.054512116329365506 -0.030728070578720561 -0.00081174154591488095 0.044508365828937975 -0.0020278159004470148 0.0093483852903427766 -0.056851047339233352 0.0058617308930028747 0.056201108853003036 0.058328307153139969 0.057779005014541807 -0.032879418831607894 0.024993023308050578 0.0575508400985177 0.054260037786010872
leaf_weight=1997.777033290884 59.491151340305805 8434.5543046398379 24898.071023469704 7308.5982239802834 5901.004399106605 84475.361808405723 11198.776391170162 3735.2511365349055 32955.782893257798 897.7027720855549 59147.842585220002 6908.3658766383305 858.00665761344135 96.206151097081602 39668.039307451341 13372.716929620598
leaf_count=3522692 2271 133468 4457094 207376 115491 8506816 1630433 607967 782767 4006 362026 40390 2523 476 242536 82455
internal_value=0.0219625 -0.00138355 -0.000748159 0.0112712 -0.0032386 -0.00856584 0.0287791 -0.0198165 0.0117455 0.0568665 0.056924 0.0484524 0.012468 0.0574015 0.05758 0.0567332
internal_weight=301914 180905 178907 30677.2 148230 109373 19633.3 11043.8 38856.8 121008 120949 8760.28 1755.71 7004.57 112189 53040.8
internal_count=20700787 19964104 16441412 2579244 13862168 12963910 1763901 815343 898258 736683 734412 47395 6529 40866 687017 324991
is_linear=0
shrinkage=0.0581682


Tree=86
num_leaves=20
num_cat=0
split_feature=18 10 10 4 4 21 17 21 4 22 10 12 10 8 8 6 21 22 9
split_gain=69705.7 1809.48 1539.76 1617.83 2933.85 480.131 316.488 379.244 273.684 880.287 926.172 854.089 206.534 94.4015 17.6833 4.77303 4.72327 19.3653 2.23149
threshold=1.0000000180025095e-35 1.0000000180025095e-35 0.98217648267745983 0.28894722461700445 0.71729815006256115 -0.7865660786628722 0.0025077211903408174 -0.37940952181816096 6.4181721210479745 0.91597560048103344 0.21089407801628116 0.5000000298023225 1.0000000180025095e-35 0.095653712749481215 3.3946293592453007 0.99689260125160228 -1.0000000180025095e-35 0.78656607866287243 3.9469872713088994
decision_type=2 10 10 10 10 2 10 2 10 2 8 10 8 2 2 8 2 2 2
left_child=1 -1 3 5 -5 -3 7 -4 9 14 11 -11 -10 -8 -2 -12 -14 -18 -16
right_child=8 2 6 4 -6 -7 13 -9 12 10 15 -13 16 -15 18 -17 17 -19 -20
leaf_value=-0.057933518943519474 0.057395105483413783 0.013218699383519239 0.038044291709135425 0.03760847239465865 -0.00093012846395345704 -0.063490876158817711 0.0021585791191073536 -0.051459426569814525 -0.048745977652329485 0.044432653632212125 0.040352564841696609 -0.076935014460310813 0.058302210716281035 -0.052659883943551943 0.013450888257606864 0.065258068215725398 0.057535824673661425 0.053955906351087497 0.041899336542307132
leaf_weight=1885.7066531043965 4632.7409644527361 317.04133495874703 334.06857360433787 6959.6151821857784 165838.01758834632 1726.0997445562389 96.271826391923241 298.31816967809573 54.745191598311067 294.60401025228202 171.4376979614608 553.54029484512284 57508.708000860177 2405.1390947652399 84.819600963499397 440.05940493941307 37415.083297959995 13153.710427355021 73.274668131489307
leaf_count=3522692 28639 15306 30991 146673 15685594 44118 12720 37995 2191 820 958 1899 372984 468015 464 845 242144 85346 393
internal_value=0.021259 -0.00131677 -0.00071324 9.32623e-06 0.000620667 -0.0513901 -0.0410971 -0.00361539 0.0567602 0.0445507 0.00468505 -0.0342984 0.0574604 -0.0503909 0.0565981 0.0592611 0.0575199 0.0566173 0.0298673
internal_weight=294243 179860 177975 174841 172798 2043.14 3133.8 632.387 114383 6250.48 1459.64 848.144 108132 2501.41 4790.84 611.497 108078 50568.8 158.094
internal_count=20700787 19964104 16441412 15891691 15832267 59424 549721 68986 736683 34018 4522 2719 702665 480735 29496 1803 700474 327490 857
is_linear=0
shrinkage=0.0581682


Tree=87
num_leaves=24
num_cat=0
split_feature=18 2 21 11 22 21 22 9 3 10 11 0 3 0 10 11 3 8 11 12 2 8 21
split_gain=66884 1772.49 4865.8 4387.02 7972.21 5066.56 3933.46 3535.3 3314.47 2984.58 2599.47 2482.5 2195.08 1976.67 1298.99 606.529 207.335 790.841 922.284 909.72 95.8426 15.0983 7.11325
threshold=1.0000000180025095e-35 3.9391442537307744 0.60355338454246532 0.99999138712883007 0.91597560048103344 0.60355338454246532 0.78656607866287243 2.7435839176177983 1.1909478306770327 0.48989559710025793 0.30915790796279913 1.2316145300865176 105.18784332275392 31.733256340026859 0.0004097924975212664 0.99999997019767772 4.1257457733154306 -1.0000000180025095e-35 0.75261917710304271 1.2163884639739992 1.0000000180025095e-35 3.3946293592453007 -1.0000000180025095e-35
decision_type=2 10 2 10 2 2 2 2 10 10 10 10 10 10 8 10 10 2 10 10 8 2 2
left_child=1 3 6 5 7 11 10 -5 -7 -6 -3 -1 -8 14 -4 -15 17 18 -2 -20 -19 -22 -18
right_child=16 2 13 4 9 8 12 -9 -10 -11 -12 -13 -14 15 -16 -17 22 20 19 -21 21 -23 -24
leaf_value=-0.047446903486262959 0.05793838959804852 -0.03456306225695005 0.087471635399214875 -0.048427746787959823 0.070874091657444085 -0.042313700567137777 -0.046422623932344552 0.25232415739076464 0.032310949042530505 -0.022060992917180156 0.0099038268001154974 0.00070835030231092939 0.045010361189532486 -0.055954728011919495 -0.048693483426954849 0.042453935509776143 0.058262396945810389 -0.031634854823514066 -0.065144947206145026 0.064467781145433306 0.057647035142806349 0.02339342180053889 0.056424764570910578
leaf_weight=18062.320479137823 769.54145502392203 4626.3644558893284 237.43516880847164 4813.7556407234515 6445.3445153677021 2771.1960379779339 6804.6650649595831 131.28653233428486 7312.1987101321574 1418.4844082528725 110828.67818525512 4510.0354033229523 1013.7979253891681 246.93977050518151 9125.7653495507548 1274.8402688489296 52709.128902288619 32.956115372478962 646.13190910220146 248.44688767381012 6176.8598371213302 91.723278605379164 47443.276936537586
leaf_count=3306271 3859 2570151 272749 734902 73746 546911 2394135 26556 1197376 43849 4167733 282955 169826 49953 4117701 9290 362052 1581 2208 465 40371 476 325671
internal_value=0.0205096 -0.00124617 0.00211514 -0.0111729 0.0176563 -0.0224939 0.00541017 -0.0401453 0.011753 0.0540567 0.00811731 -0.0378094 -0.0344972 -0.0351519 -0.0451585 0.0261086 0.0566561 0.0472467 0.011245 -0.0285654 0.0566764 0.0572261 0.0573984
internal_weight=287741 179623 134158 45464.6 12808.9 32655.8 123274 4945.04 10083.4 7863.83 115455 22572.4 7818.46 10885 9363.2 1521.78 108118 7965.66 1664.12 894.579 6301.54 6268.58 100152
internal_count=20700787 19964104 13751538 6212566 879053 5333513 9301845 761458 1744287 117595 6737884 3589226 2563961 4449693 4390450 59243 736683 48960 6532 2673 42428 40847 687723
is_linear=0
shrinkage=0.0581682


Tree=88
num_leaves=20
num_cat=0
split_feature=18 0 3 4 0 4 21 11 8 4 22 10 1 0 6 21 7 0 0
split_gain=64083.3 1676.43 1405.33 2190.96 5362.85 1929.94 1567.16 1182.34 552.648 279.685 842.963 806.895 879.052 197.815 20.4285 7.37911 27.8719 6.65855 4.04604
threshold=1.0000000180025095e-35 1.0000000180025095e-35 136.47906494140628 170.18238830566409 0.23178546875715259 140.64385986328128 -0.98296290636062611 0.80899307131767284 -2.6705458164215083 6.4181721210479745 0.91597560048103344 0.21089407801628116 1.0264949202537539 1.0000000180025095e-35 3.4019650220870976 -1.0000000180025095e-35 -3.10692286491394 0.61434668302536022 3.6841957569122319
decision_type=2 10 10 10 10 10 2 10 2 10 2 8 10 8 10 2 2 8 10
left_child=1 -1 5 4 -4 6 -3 -5 -7 10 14 12 -12 -11 -2 -15 -17 -13 -16
right_child=9 2 3 7 -6 8 -8 -9 -10 13 11 17 -14 15 18 16 -18 -19 -20
leaf_value=-0.057901270369491213 0.05746218745320153 0.019425853062083817 0.86306128113422331 -0.034970570937087539 0.040764157491029365 0.00091007893070777391 -0.0026018552942071106 0.025423857858598149 -0.057285542646695109 -0.048339953507322307 0.061588678211158973 0.036293734560523233 -0.069682831585905478 0.058240446464323574 0.013808209813467674 0.052837352701157796 0.057309412722874827 0.064126729301814955 0.041925231689756447
leaf_weight=1742.8701245621778 4081.9960322631523 11769.908478736761 22.632706900243647 2617.3006553885061 5542.832411041134 677.36447684199084 151735.64112821675 1875.2899630945176 2690.2601385099697 52.740129312500358 235.23672740161419 139.54798809718341 597.26158775435761 51247.6645607627 88.246029157657176 9767.4408293762244 35452.261588782072 415.77622044086456 129.62112707318738
leaf_count=3522692 28140 602487 1908 266614 134218 252617 14657234 4446 521888 2191 669 859 2050 372984 559 71398 256092 944 797
internal_value=0.0198108 -0.00120121 -0.000639005 0.0204686 0.0448588 -0.00191413 -0.00101328 -0.00967196 -0.0454759 0.0565452 0.0436234 0.00387941 -0.0319847 0.0573005 0.0563415 0.0573645 0.0563575 0.0581851 0.032829
internal_weight=280882 178674 176931 10058.1 5565.47 166873 163506 4492.59 3367.62 102208 5687.69 1387.82 832.498 96520.1 4299.86 96467.4 45219.7 555.324 217.867
internal_count=20700787 19964104 16441412 407186 136126 16034226 15259721 271060 774505 736683 34018 4522 2719 702665 29496 700474 327490 1803 1356
is_linear=0
shrinkage=0.0581682


Tree=89
num_leaves=24
num_cat=0
split_feature=18 2 2 22 22 10 11 3 22 4 10 11 4 22 10 1 10 22 0 9 6 10 0
split_gain=61389.6 1596.69 4020.49 4971.79 4654.67 2695.8 2257.83 2059.95 1240.94 2751.09 2139.91 309.607 282.372 816.451 741.636 780.484 226.833 359.13 187.82 141.288 21.4388 23.1662 6.64276
threshold=1.0000000180025095e-35 0.33584953844547277 0.47854654490947729 0.78656607866287243 0.91597560048103344 0.48989559710025793 0.94035691022872936 105.18784332275392 0.98296290636062633 0.71729815006256115 0.077586166560649886 0.093963094055652632 6.4181721210479745 0.91597560048103344 0.21089407801628116 1.0264949202537539 0.98217648267745983 -0.6035533845424651 1.0000000180025095e-35 0.060615954920649535 3.4019650220870976 0.899620682001114 0.61434668302536022
decision_type=2 10 8 2 2 10 8 10 2 10 10 10 10 2 8 10 10 2 8 2 10 10 8
left_child=1 8 4 6 11 -6 -4 -5 16 -10 -11 -3 13 20 15 -15 19 -18 -14 -1 -2 -22 -16
right_child=12 2 3 7 5 -7 -8 -9 9 10 -12 -13 18 14 22 -17 17 -19 -20 -21 21 -23 -24
leaf_value=-0.03495803721944498 0.057379277770892287 0.019347791495097525 0.0047739718648010425 -0.044743437951513837 0.088061362240846888 -0.038930488466799272 -0.012848275351480584 0.039451055690185539 -0.065356143470572975 -0.058602019950973507 0.11782385199929829 -0.049633648143502629 -0.047767175475595232 0.061186079510033624 0.0354767515673109 -0.0644421054176057 0.029017615017306275 -0.044560096014082368 0.057283225507062704 -0.0548574088134079 0.044334170108310346 0 0.063713164571427283
leaf_weight=3283.6725509917451 3856.7376275165007 248.03143174461729 119887.46847940428 11190.300793081609 4429.895089659607 641.06994991190732 30941.834197627089 1069.5075069918239 858.96084998879815 310.39271981577622 870.67125387955457 1444.9984554158873 50.39036562666297 223.38976412639022 134.70370059367269 608.27634472958744 404.91746089071967 485.26796723622829 91142.939001589082 2184.99628435458 148.26252683019266 63.153475450351834 394.78079038858414
leaf_count=1630512 28140 102641 11927915 3236783 32016 11433 2216495 169826 43221 56595 1692 171199 2191 669 859 2050 52130 63953 700474 247693 918 438 944
internal_value=0.0190981 -0.00113892 8.32465e-05 -0.00173747 0.0440146 0.0719087 0.00115595 -0.0373545 -0.0258896 0.0134187 0.0710761 -0.0392689 0.0564343 0.0431539 0.00382415 -0.0300765 -0.0385636 -0.0106681 0.0572185 -0.0430193 0.0561969 0.0320493 0.057628
internal_weight=274875 178252 169853 163089 6763.99 5070.97 150829 12259.8 8398.88 2040.02 1181.06 1693.03 96622.6 5429.3 1361.15 831.666 6358.85 890.185 91193.3 5468.67 4068.15 211.416 529.484
internal_count=20700787 19964104 17868308 17551019 317289 43449 14144410 3406609 2095796 101508 58287 273840 736683 34018 4522 2719 1994288 116083 702665 1878205 29496 1356 1803
is_linear=0
shrinkage=0.0581682


Tree=90
num_leaves=20
num_cat=0
split_feature=20 0 9 4 11 11 7 22 8 4 22 10 1 0 6 10 0 7 7
split_gain=58767.8 1562.32 1348.86 4474.73 5698.14 5331.86 3581.57 2614.71 2352.57 285.098 790.585 682.212 695.219 178.391 22.4971 30.3027 6.65635 6.36653 73.8257
threshold=1.0000000180025095e-35 1.0000000180025095e-35 -4.9400854110717765 9.2711071968078631 0.39200329780578619 0.91762039065361034 -0.67571431398391713 -0.7865660786628722 20.562743186950687 6.4181721210479745 0.91597560048103344 0.21089407801628116 1.0264949202537539 1.0000000180025095e-35 3.4019650220870976 0.98217648267745983 0.61434668302536022 -3.10692286491394 -4.4760260581970206
decision_type=2 10 2 10 10 10 2 2 2 10 2 8 8 8 8 8 8 2 2
left_child=1 -1 3 5 -5 -3 8 -8 -4 10 14 12 -12 -11 -2 -16 -13 18 -15
right_child=9 2 6 4 -6 -7 7 -9 -10 13 11 16 -14 17 15 -17 -18 -19 -20
leaf_value=-0.057869239949121992 0.057308135001606114 0.064663298994121529 -0.036223337701675046 0.082130891716808943 -0.013979781487206478 -0.06376563437134064 0.0098928794758373542 -0.0067641332453293483 0.070954291954698392 -0.047184703566136806 0.060778773854592391 0.034652414691761224 -0.059724473225553985 0.056878257068137601 0.041604234861914863 -0.0092041983512788621 0.063306435519660406 0.057709891073032704 0.044895488251013319
leaf_weight=1620.2656577880261 3639.9869808615185 7434.9335996099107 13425.835249472555 2335.5416873965296 19292.153549477574 1275.6191581881139 54258.357257563504 77316.209157251695 724.28565626195632 48.165398642420769 212.16624423861504 130.12794989394024 618.1822232734412 16578.197483670898 175.28715559653938 33.886879620607942 374.8227321729064 67083.302361946087 2453.8414308275096
leaf_count=3522692 28107 16999 2143422 593085 1912579 56581 2479851 9237215 1680 2191 669 859 2050 134845 1126 263 944 545211 20418
internal_value=0.0184042 -0.00108699 -0.000560737 0.0105941 -0.00356791 0.045787 -0.00288603 0.000101911 -0.0306888 0.0563195 0.0426725 0.00376714 -0.0282985 0.0571337 0.0560459 0.0314864 0.057068 0.0571991 0.055365
internal_weight=269031 177683 176063 30338.2 21627.7 8710.55 145725 131575 14150.1 91348 5184.46 1335.3 830.348 86163.5 3849.16 209.174 504.951 86115.3 19032
internal_count=20700787 19964104 16441412 2579244 2505664 73580 13862168 11717066 2145102 736683 34018 4522 2719 702665 29496 1389 1803 700474 155263
is_linear=0
shrinkage=0.0581682


Tree=91
num_leaves=24
num_cat=0
split_feature=18 2 21 4 12 8 10 21 4 11 21 0 10 11 8 4 8 11 20 0 6 6 21
split_gain=56196.8 1487.57 4351.13 4283.49 4619.08 3895.79 4440.41 3727.22 3679.63 14221 7559.39 1903.01 1193.11 551.928 529.848 287.922 658.168 846.482 922.635 169.495 89.3591 15.236 12.0944
threshold=1.0000000180025095e-35 3.9391442537307744 0.60355338454246532 5.514719009399415 0.10600665211677553 1.0000000180025095e-35 0.41009467840194708 0.78656607866287243 9.2711071968078631 0.86525118350982677 -1.0000000180025095e-35 31.733256340026859 0.0004097924975212664 0.99999997019767772 -0.83690637350082386 6.4181721210479745 -1.0000000180025095e-35 0.75261917710304271 117.50000000000001 1.0000000180025095e-35 0.4638222604990006 3.4019650220870976 -1.0000000180025095e-35
decision_type=2 10 2 8 8 2 10 2 10 10 2 10 8 10 2 10 2 10 2 8 8 10 2
left_child=1 3 8 5 7 14 -7 -5 9 -3 -10 12 -4 -13 -1 16 17 -2 -19 -17 -6 -18 -21
right_child=15 2 11 4 20 6 -8 -9 10 -11 -12 13 -14 -15 -16 19 21 18 -20 22 -22 -23 -24
leaf_value=-0.0032503358274044917 0.057337984438054976 0.04235491908187021 0.079255083394604409 -0.054808458406225377 -0.040543117249519346 0.023374066296349041 -0.028717202558078459 0.075581228355882796 0.0068316890186155034 -0.057423780433485672 -0.037638584665118588 -0.055733800093628903 -0.048103209350976735 0.040891983095803476 -0.058735296812737835 -0.046592440695760809 0.056742984416878556 -0.076548995773592698 0.060915278856200621 0.058150527440496126 -0.062606337151230651 0.034600223028283972 0.055920359506815905
leaf_weight=709.88706015194475 636.50009835045785 24445.773492880457 250.13961938623106 1252.0898635790218 825.25724033213919 19997.842968906392 7647.0036137351999 1800.9436542397016 76391.697093134062 6016.9613750872377 15564.57179031866 229.62427962594666 8612.3487490183616 1286.8274002061225 3698.7648621216795 46.058762561529875 3326.057364850305 521.39742467552423 234.05024273693562 43189.37776105199 8219.0537664514559 234.20322022913024 38181.390381788835
leaf_count=64558 3962 269295 272749 1047666 254456 745582 692064 334902 5396541 437132 3198877 49953 4117701 9290 1319137 2191 26345 1828 378 372984 1754201 1505 327490
internal_value=0.0177382 -0.00103381 0.00203894 -0.0102844 -0.0397705 0.000835448 0.0089481 0.0219744 0.00510799 0.0226282 -0.000692481 -0.0341088 -0.0444261 0.0258797 -0.0499035 0.0562003 0.0421774 0.00789482 -0.0333295 0.057046 -0.0606579 0.0554427 0.0571121
internal_weight=263318 176949 132798 44150.8 12097.3 32053.5 27644.8 3053.03 122419 30462.7 91956.3 10378.9 8862.49 1516.45 4408.65 86369 4952.21 1391.95 755.448 81416.8 9044.31 3560.26 81370.8
internal_count=20700787 19964104 13751538 6212566 3391225 2821341 1437646 1382568 9301845 706427 8595418 4449693 4390450 59243 1383695 736683 34018 6168 2206 702665 2008657 27850 700474
is_linear=0
shrinkage=0.0581682


Tree=92
num_leaves=20
num_cat=0
split_feature=18 0 21 1 1 22 7 11 8 4 22 8 8 0 6 21 7 0 4
split_gain=53683.9 1430.73 1243.36 1163.33 3169.36 2140.91 871.702 2201.74 415.6 286.196 736.231 572.691 1001.56 161.101 24.9991 13.7734 38.8641 6.55516 0.966366
threshold=1.0000000180025095e-35 1.0000000180025095e-35 0.98296290636062633 46.90684890747071 34.087646484375007 0.12940952181816107 11.307235240936281 0.60650861263275158 -15.896526813507078 6.4181721210479745 0.91597560048103344 -1.0000000180025095e-35 -1.7288997173309324 1.0000000180025095e-35 3.4019650220870976 -1.0000000180025095e-35 -3.10692286491394 3.6841957569122319 4.6339969635009775
decision_type=2 10 2 10 10 2 2 10 2 10 2 2 2 8 10 2 2 10 10
left_child=1 -1 3 4 -3 -5 8 -8 -4 10 14 12 -12 -11 -2 -15 -17 -16 -13
right_child=9 2 6 5 -6 -7 7 -9 -10 13 11 18 -14 15 17 16 -18 -19 -20
leaf_value=-0.057820719926969619 0.057112665174267344 0.00051855646854741873 0.094867568094964716 -0.0048283313812895034 -0.030487260570574198 0.026951838806485145 0.56831752374514166 -0.04909133075478473 -0.058276806376246361 -0.045990360404527232 0.068766303203112472 0.056930592088606388 -0.070465665849800088 0.058120279632099342 0.0081975104602503412 0.051397065618305524 0.056952802723841879 0.039640288298365238 0.024366831909463184
leaf_weight=1482.5547190130164 3255.5537544218823 131146.64698254975 56.122019291797187 14626.582172281225 12185.072437892726 14034.092268813518 22.909004905843176 63.374083870789036 1918.3393031097366 44.06428556330502 249.5984805226326 418.45173674961552 546.90328894555569 40769.392368594185 77.996660574804991 7844.1195665355772 28277.925970699172 113.69482325203717 58.830332874320447
leaf_count=3522692 28140 14082336 34372 403091 827717 329086 9430 24277 731103 2191 108 2186 1879 372984 559 71398 256092 797 349
internal_value=0.0171211 -0.00100255 -0.000514844 2.15521e-05 -0.00211542 0.0107211 -0.0453808 0.13006 -0.0535211 0.056084 0.0417673 0.00362323 -0.0261989 0.0569549 0.0557238 0.0570217 0.0557638 0.0293507 0.0540036
internal_weight=257192 175536 174053 171992 143332 28660.7 2060.74 86.2831 1974.46 81656.5 4721.03 1273.78 796.502 76935.5 3447.25 76891.4 36122 191.691 477.282
internal_count=20700787 19964104 16441412 15642230 14910053 732177 799182 33707 765475 736683 34018 4522 1987 702665 29496 700474 327490 1356 2535
is_linear=0
shrinkage=0.0581682


Tree=93
num_leaves=24
num_cat=0
split_feature=18 2 3 21 2 21 21 21 10 4 21 21 4 8 11 20 0 3 17 10 8 20 21
split_gain=51308.9 1422.71 3552.42 3820.9 2834.77 5297.89 3979.11 2236.14 824.427 2300.13 1277.52 715.358 285.617 609.674 754.393 763.147 153.18 134.763 592.731 75.6539 16.801 64.7828 15.5373
threshold=1.0000000180025095e-35 0.33584953844547277 0.53466820716857921 -1.0000000180025095e-35 3.9391442537307744 0.60355338454246532 0.60355338454246532 0.37940952181816107 0.077586166560649886 0.71729815006256115 1.0000000180025095e-35 -0.37940952181816096 6.4181721210479745 -1.0000000180025095e-35 0.75261917710304271 117.50000000000001 1.0000000180025095e-35 0.53466820716857921 0.013157067820429804 0.80695226788520824 3.3946293592453007 78.500000000000014 -1.0000000180025095e-35
decision_type=2 10 10 2 8 2 2 2 10 10 2 2 10 2 10 2 8 10 10 10 2 2 2
left_child=1 8 3 19 5 -4 -6 -5 17 11 -11 -10 13 14 -2 -16 -14 -1 -19 -3 -15 -22 -18
right_child=12 2 4 7 6 -7 -8 -9 9 10 -12 -13 16 20 15 -17 22 18 -20 -21 21 -23 -24
leaf_value=-0.057478638928430366 0.057091669410244468 -0.058254642214603906 -0.035545195428819162 0.070127495482731964 0.0048608080617368737 0.018634262469621601 -0.033366977684678778 -0.055350829148900771 0.0036443486222869099 0.085746886844809633 -0.049309335094411939 -0.051643393807945248 -0.045378503169243425 0.056193259616464847 -0.069583530736763738 0.059487374778261222 0.058089896605112226 0.063357501405403166 -0.050347605492640883 -0.022676389935684351 0.052730081131222822 -0.025348520627881701 0.055600285260820163
leaf_weight=2022.0504178422998 580.69232950545847 993.79568560961343 19249.800948754957 5526.5627237830631 121646.63102170001 8929.0211738736398 9962.179153884179 519.44400524158846 1142.5837304182351 1034.9991788915358 299.75912778987549 2479.0458703178447 42.176090235821903 3043.144153392408 518.60768335685134 213.37249872088432 38485.103706155438 180.68618074296683 896.50015532464022 315.50990528007969 108.55288936197758 41.720461582764983 34178.882947319187
leaf_count=1223879 3962 76914 2617908 50872 9301239 1253892 4449417 80022 89615 13165 12042 114895 2191 26896 1828 378 372984 36066 606134 38044 658 296 327490
internal_value=0.0164578 -0.000950544 0.00019814 0.0397132 -0.00161936 -0.018363 0.00196309 0.0592487 -0.0248207 -0.00998784 0.055056 -0.0341075 0.0559612 0.0413265 0.00756669 -0.0312873 0.0568602 -0.0483656 -0.0307261 -0.0500893 0.0550495 0.0283712 0.0569278
internal_weight=252411 175199 167143 7355.31 159788 28178.8 131609 6046.01 8055.62 4956.39 1334.76 3621.63 77212.3 4506.09 1312.67 731.98 72706.2 3099.24 1077.19 1309.31 3193.42 150.273 72664
internal_count=20700787 19964104 17868308 245852 17622456 3871800 13750656 130894 2095796 229717 25207 204510 736683 34018 6168 2206 702665 1866079 642200 114958 27850 954 700474
is_linear=0
shrinkage=0.0581682


Tree=94
num_leaves=19
num_cat=0
split_feature=18 0 21 4 21 21 7 9 8 4 8 11 20 0 6 20 21 7
split_gain=49006.6 1317.71 1123.92 1101.3 8823.1 6467.51 761.66 1304.67 391.105 283.58 585.408 699.903 685.631 145.704 18.1978 148.058 17.3917 44.9859
threshold=1.0000000180025095e-35 1.0000000180025095e-35 0.98296290636062633 9.2711071968078631 -1.0000000180025095e-35 -1.0000000180025095e-35 11.307235240936281 13.987529754638674 -15.896526813507078 6.4181721210479745 -1.0000000180025095e-35 0.75261917710304271 117.50000000000001 1.0000000180025095e-35 3.4019650220870976 122.50000000000001 -1.0000000180025095e-35 -3.10692286491394
decision_type=2 10 2 10 2 2 2 2 2 10 2 10 2 8 10 2 2 2
left_child=1 -1 3 4 -3 -5 8 -8 -4 10 11 -2 -13 -11 -12 -16 -15 -18
right_child=9 2 6 5 -6 -7 7 -9 -10 13 14 12 -14 16 15 -17 17 -19
leaf_value=-0.057778718908125977 0.056880326511005372 -0.036159772057779357 0.086388032410489882 0.0046581907478347217 0.01653940482753612 -0.02873067792442319 0.37040299799942161 -0.048859528604716242 -0.058228526502865335 -0.044756978588415777 0.056357822208126317 -0.065501424369321271 0.058752608766568522 0.058059274175366153 0.054908435249969745 -0.067133354798213501 0.050587566721914959 0.056755038534225359
leaf_weight=1363.526520322921 549.87060106592253 13465.281943890383 59.665930860908702 78546.328236046582 53181.816546145943 26159.673082976617 35.513433943968266 61.911449119448662 1777.4346763572539 40.388571570627391 2812.7981828947086 519.1354919411242 203.8125459626317 36328.957338303328 176.95319733768702 34.753589884843677 7054.0929073293228 25289.981144023594
leaf_count=3522692 3962 1337747 34372 5592984 1462527 7248972 14031 19676 731103 2191 26345 1828 378 372984 1185 320 71398 256092
internal_value=0.015818 -0.000909857 -0.000458624 3.73593e-05 0.00588448 -0.00368071 -0.044497 0.109456 -0.05312 0.0558364 0.0409061 0.00741282 -0.0297803 0.0567617 0.0548385 0.0320705 0.05683 0.0554293
internal_weight=247662 174651 173288 171353 66647.1 104706 1934.53 97.4249 1837.1 73010.7 4297.32 1272.82 722.948 68713.4 3024.5 211.707 68673 32344.1
internal_count=20700787 19964104 16441412 15642230 2800274 12841956 799182 33707 765475 736683 34018 6168 2206 702665 27850 1505 700474 327490
is_linear=0
shrinkage=0.0581682


Tree=95
num_leaves=24
num_cat=0
split_feature=20 2 3 22 22 3 21 8 22 4 10 4 22 10 20 21 22 0 6 10 6 10 21
split_gain=46762.3 1287.36 3038.86 5124.61 4025.43 2111.36 2100.38 1693.34 991.667 2199.1 1522.09 281.557 653.774 515.572 672.645 266.457 665.444 138.647 128.392 84.8453 29.1301 30.7741 19.3374
threshold=1.0000000180025095e-35 0.33584953844547277 0.53466820716857921 0.78656607866287243 0.91597560048103344 105.18784332275392 0.12940952181816109 -1.3634731769561765 0.98296290636062633 0.71729815006256115 0.077586166560649886 6.4181721210479745 0.91597560048103344 0.21089407801628116 51.500000000000007 -0.37940952181816096 -0.37940952181816096 1.0000000180025095e-35 0.30292314291000372 0.80695226788520824 3.4019650220870976 0.98217648267745983 -1.0000000180025095e-35
decision_type=2 10 10 2 2 10 2 2 2 10 10 10 2 8 2 2 2 8 10 10 8 10 2
left_child=1 8 4 7 19 -5 -6 -4 15 -10 -11 12 20 14 -14 16 -1 -13 -17 -3 -2 -22 -19
right_child=11 2 3 5 6 -7 -8 -9 9 10 -12 17 13 -15 -16 18 -18 22 -20 -21 21 -23 -24
leaf_value=0.02268388942160619 0.056832555664681407 -0.056188584492057103 -0.022486966743104894 -0.049004773748456291 0.020414312504073211 0.035204247686097589 0.090114232155806898 0.0029577668681918545 -0.064671977736324993 -0.05737137374575231 0.09482027955426986 -0.044125956955311026 0.062442133630062388 0.055797323267186692 -0.058465558362344253 -0.046964000033543347 -0.04874661010601098 0.058028308354091833 0 -0.020780751318370146 0.0380817552885611 -0.018045089684076657 0.055250619279938407
leaf_weight=781.10481823030568 2749.0671065896749 1153.2806926618796 9447.2873898195976 9649.850038520919 2731.5064781612891 1116.0204959805851 3198.1537123841117 138496.31221155476 785.40345141729631 283.11564735918364 950.31046975590289 38.69639852643013 209.46274120360613 412.1296674455516 552.48338503111154 3809.9379917693295 990.04738504832494 34293.816768657649 191.70494121633237 343.97389476792887 147.64295590040274 28.706334542948753 30612.945828490891
leaf_count=260153 28107 150318 2930967 3246410 27875 169826 11912 11275253 43221 56595 1692 2191 480 1803 2239 1149422 568880 372984 15833 55747 1159 230 327490
internal_value=0.0152065 -0.000869719 0.000211947 -0.00148789 0.0365697 -0.0402276 0.058113 0.00132962 -0.0239717 0.0109504 0.059485 0.0557066 0.0404773 0.00342542 -0.0245396 -0.0362525 -0.017042 0.056659 -0.0446277 -0.0484043 0.0551841 0.0265229 0.0567282
internal_weight=242973 173928 166136 158709 7426.91 10765.9 5929.66 147944 7791.62 2018.83 1233.43 69045 4099.49 1174.08 761.946 5772.8 1771.15 64945.5 4001.64 1497.25 2925.42 176.349 64906.8
internal_count=20700787 19964104 17868308 17622456 245852 3416236 39787 14206220 2095796 101508 58287 736683 34018 4522 2719 1994288 829033 702665 1165255 206065 29496 1389 700474
is_linear=0
shrinkage=0.0581682


Tree=96
num_leaves=20
num_cat=0
split_feature=18 0 10 7 4 1 8 21 4 22 10 20 0 6 10 12 21 7 0
split_gain=44599.3 1223.09 1205.77 1316.1 4607.05 3685.55 376.406 466.554 281.959 629.739 475.53 605.998 131.985 30.2515 29.0405 26.6193 21.3809 51.6605 11.6247
threshold=1.0000000180025095e-35 1.0000000180025095e-35 0.98217648267745983 5.2198781967163095 10.414273738861086 8.7413129806518572 0.22902354598045352 -0.37940952181816096 6.4181721210479745 0.91597560048103344 0.21089407801628116 51.500000000000007 1.0000000180025095e-35 3.4019650220870976 0.98217648267745983 1.2163884639739992 -1.0000000180025095e-35 -3.10692286491394 0.61434668302536022
decision_type=2 10 10 2 10 10 2 2 10 2 8 2 8 8 10 10 2 2 8
left_child=1 -1 3 4 -3 -5 7 -4 9 13 11 -11 -10 -2 -15 -8 -14 -18 -12
right_child=8 2 6 5 -6 -7 15 -9 12 10 18 -13 16 14 -16 -17 17 -19 -20
leaf_value=-0.057739275998570178 0.056723596676391666 0.0066430708033646388 0.037261237224427715 -0.044075173817103117 -0.016854224339750926 0.012228465778690922 -0.038549246716584509 -0.052557905724445887 -0.043485675799493605 0.061982691081613299 0.027094160779730713 -0.054755652962221554 0.057996893515047741 0.037311392527551945 -0.016863698487977776 -0.057228033116546152 0.049702223762001216 0.056540618980116933 0.062603019768176935
leaf_weight=1264.2185014341376 2598.5674063365441 66810.200465400238 418.8272342516575 4267.4424508958473 48874.877658147947 49393.716526264092 576.6378633689601 358.22189190948848 37.094496864825487 199.08007537573576 97.265754716936499 555.79647695552558 32372.935728139011 142.179898732109 29.222791275009513 1397.3349472990376 6350.4027846001554 22627.942969897063 295.6155037805438
leaf_count=3522692 28107 2560104 47534 467558 10481554 2382475 160305 57913 2191 480 859 2239 372984 1159 230 283969 71398 256092 944
internal_value=0.0145998 -0.000831417 -0.000409593 0.000209117 -0.00328093 0.0077402 -0.0385801 -0.00369826 0.0555668 0.0399844 0.00336185 -0.023263 0.0565518 0.0549861 0.0256164 -0.052071 0.0566219 0.0550636 0.055213
internal_weight=238668 173361 172097 169346 115685 53661.2 2751.02 777.049 65306.1 3917.73 1147.76 754.877 61388.4 2769.97 171.403 1973.97 61351.3 28978.3 392.881
internal_count=20700787 19964104 16441412 15891691 13041658 2850033 549721 105447 736683 34018 4522 2719 702665 29496 1389 444274 700474 327490 1803
is_linear=0
shrinkage=0.0581682


Tree=97
num_leaves=24
num_cat=0
split_feature=18 2 4 6 12 11 2 7 9 7 4 4 10 12 10 4 22 10 20 2 0 6 22
split_gain=42508.5 1352.31 4382.83 5258.73 4091.27 4303.02 7135.57 3316.91 3223.44 3194.34 2955.69 2171.92 2333.56 771.975 297.568 282.562 606.218 438.904 546.779 148.677 125.694 31.3452 110.506
threshold=1.0000000180025095e-35 5.4462432861328134 7.3161756992340097 0.30292314291000372 1.6479472517967226 0.10665662959218027 17.680601119995121 -0.032401250675320618 -0.65401771664619435 -0.67571431398391713 21.005540847778324 7.3161756992340097 0.48989559710025793 1.7974553704261782 0.091458316892385497 6.4181721210479745 0.91597560048103344 0.21089407801628116 51.500000000000007 4.9508955478668222 1.0000000180025095e-35 3.4019650220870976 0.12940952181816107
decision_type=2 10 8 8 8 10 10 2 2 2 10 10 10 8 10 10 2 8 2 10 8 8 2
left_child=1 2 7 10 5 14 -7 9 -9 -1 -4 13 -13 -6 -3 16 21 18 -18 -5 -17 -2 -23
right_child=15 4 3 19 11 6 -8 8 -10 -11 -12 12 -14 -15 -16 20 17 -19 -20 -21 -22 22 -24
leaf_value=-0.025991693755111202 0.056609332364511634 -0.049991039757877394 0.076024684335209855 -0.061851180089196642 0.013885159603369336 0.044533874084710393 0.52982993016928981 0.056413752976985448 -0.018972494270174677 0.032703006917177355 -0.054435981704371708 -0.0051417722463264707 0.014243298581215383 -0.063605559724100855 0.28643600834382815 -0.042836437870489665 0.061523663681952785 0.054585421833910783 -0.051311576143306281 -0.041237809994071464 0.056510950394390531 0.053375518342135359 -0.048806065742708286
leaf_weight=4030.4668172591773 2456.5401038820855 1777.7234360348812 1800.1995001325849 8149.8530346518091 517.33117488439893 10115.635412108866 99.381634794714046 2080.6238722472917 23853.85366566779 14017.151879027311 864.06026419626141 71822.253585771541 29692.673661986017 2447.0908203846629 4.2884431000566101 35.578041932545602 189.22268694639206 375.45683047594503 558.80394938122481 1583.6564002307568 57996.204862576677 124.73519175499678 42.000124441692606
leaf_count=200860 28107 1666141 412464 2207425 16939 762355 77363 29341 2569632 575869 952936 8510402 1545164 235383 2753 2191 480 1803 2239 199077 700474 985 404
internal_value=0.014008 -0.000791507 -0.00818794 -0.0387286 0.00278545 0.0349515 0.0495204 0.000414869 -0.0129006 0.0195698 0.0335449 -0.000905571 0.000524721 -0.0499476 -0.0482548 0.0554205 0.0394777 0.00332315 -0.0220458 -0.0585584 0.0564399 0.0547785 0.0247137
internal_weight=234635 172856 56379.9 12397.8 116476 11997 10215 43982.1 25934.5 18047.6 2664.26 104479 101515 2964.42 1782.01 61778.5 3746.76 1123.48 748.027 9733.51 58031.8 2623.28 166.735
internal_count=20700787 19964104 7147604 3771902 12816500 2508612 839718 3375702 2598973 776729 1365400 10307888 10055566 252322 1668894 736683 34018 4522 2719 2406502 702665 29496 1389
is_linear=0
shrinkage=0.0581682


Tree=98
num_leaves=24
num_cat=0
split_feature=18 7 13 21 11 7 21 7 3 10 0 11 4 6 11 4 8 11 8 0 21 7 6
split_gain=40498.6 1180.45 3002.96 5613.69 6518.1 2644.05 2411.53 2079.8 4083.11 2795.75 1860.77 1202.24 1564.47 597.36 520.963 283.225 530.444 571.601 603.424 119.754 25.9494 59.0366 22.4067
threshold=1.0000000180025095e-35 -2.6178201436996456 1.5000000000000002 -0.6035533845424651 0.39200329780578619 -0.46183525025844568 0.12940952181816109 -0.070849116891622529 6.1747221946716317 0.11711372807621957 0.23178546875715259 0.75261917710304271 2.0367377996444707 3.4019650220870976 0.77988579869270336 6.4181721210479745 -1.0000000180025095e-35 0.75261917710304271 -1.7288997173309324 1.0000000180025095e-35 -1.0000000180025095e-35 -3.10692286491394 3.4019650220870976
decision_type=2 2 10 2 10 2 2 2 10 10 10 10 10 10 10 10 2 10 2 8 2 2 10
left_child=1 2 6 4 -4 11 -1 8 -7 -9 -5 12 -3 -13 -8 16 17 -2 -19 -17 -21 -22 -18
right_child=15 5 3 10 -6 7 14 9 -10 -11 -12 13 -14 -15 -16 19 22 18 -20 20 21 -23 -24
leaf_value=-0.061637180419720029 0.056204690683291231 0.1110263042596018 0.15781892901598019 0.055101658555881658 0.012747392955385456 0.035173221562951246 0.061040880397886903 -0.022125327472383296 -0.047488611209025353 0.0014405753586017769 -0.038904426716438088 -0.068238866537368228 -0.018249446072642558 -0.028458397334914797 -0.0043535937712119843 -0.042178601829804395 0.055827890085094027 0.069308255375062203 -0.059233193220375416 0.057933137317790172 0.048719166994674504 0.056303623339195877 0.02848877434867169
leaf_weight=645.2265275134996 446.02205913560465 322.85609893260698 1184.9827385626122 764.97832574624044 8900.1522122434981 11696.850947459898 5505.0731329074624 20701.225338341144 2436.6457274742279 95913.214670539834 9210.3393835651805 2626.160854183865 9295.0314043492835 2598.0321434451907 432.68451105082931 34.142449585720897 2283.961485888809 156.0124082416296 512.24980589002371 28890.537248743698 5714.3511616603937 20223.400743147591 186.21238243533298
leaf_count=90949 3962 14053 187545 171418 504731 561754 52847 6798864 905870 6191612 1791995 231530 2185735 258009 17192 2191 26345 58 2148 372984 71398 256092 1505
internal_value=0.0134309 -0.000764992 0.0104877 -0.00068215 0.0298939 -0.00282727 0.0445642 -0.000182748 0.0208836 -0.00274007 -0.0316343 -0.0260898 -0.0138197 -0.0485726 0.0562088 0.0552677 0.0389575 0.00521228 -0.0283742 0.0563229 0.0563949 0.0546566 0.0539824
internal_weight=230680 172233 26643.4 20060.5 10085.1 145590 6582.98 130748 14133.5 116614 9975.32 14842.1 9617.89 5224.19 5937.76 58446.9 3584.46 1114.28 668.262 54862.4 54828.3 25937.8 2470.17
internal_count=20700787 19964104 2816677 2655689 692276 17147427 160988 14458100 1467624 12990476 1963413 2689327 2199788 489539 70039 736683 34018 6168 2206 702665 700474 327490 27850
is_linear=0
shrinkage=0.0581682


Tree=99
num_leaves=24
num_cat=0
split_feature=18 2 21 7 12 11 2 21 2 12 9 2 3 21 11 3 3 8 11 20 0 0 8
split_gain=38556.3 1223.4 6189.1 3639.32 3620.61 3706.32 3712 3310.4 6353.43 5377.49 2777.96 1398.12 1688.12 1118.06 659.418 301.124 213.378 623.242 509.801 504.057 63.2046 50.6052 31.7039
threshold=1.0000000180025095e-35 5.4462432861328134 -1.0000000180025095e-35 0.805131494998932 1.6479472517967226 0.10665662959218027 15.741227149963381 -1.0000000180025095e-35 10.524652481079103 2.3931940793991093 1.6182907223701479 0.80494555830955516 0.87977364659309398 0.37940952181816107 0.99999943375587474 171.47174835205081 4.1257457733154306 -1.0000000180025095e-35 0.75261917710304271 111.50000000000001 1.0000000180025095e-35 1.0000000180025095e-35 3.3946293592453007
decision_type=2 10 2 2 8 10 10 2 10 8 2 8 10 2 10 10 10 2 10 2 8 10 2
left_child=1 2 11 10 5 15 -7 8 -6 -9 -4 12 -1 -5 -13 -3 17 18 -2 -20 -19 -18 -22
right_child=16 4 3 13 7 6 -8 9 -10 -11 -12 14 -14 -15 -16 -17 21 20 19 -21 22 -23 -24
leaf_value=-0.033587667809887964 0.056028619733177257 -0.051130569214929554 0.0045585810285302458 -0.062020572121186654 -0.0516410997644988 0.040966119811611371 0.28663208649546595 0.014657747845407708 0.010763597679771496 -0.036471706907748806 0.059174812207595844 -0.060392957796288609 0.052550350470791027 -0.0053256871310384847 -0.0085406394900829526 0.12086128158562218 -0.023598172545005538 -0.031737681589299967 -0.053089450053487398 0.057754094436994981 0.056688837097790289 0.056243650376651237 0.0051767236613646768
leaf_weight=3715.8438248476887 414.54831302771345 1625.558233438147 33140.867124109791 3375.9068374742055 5998.1246414769266 10028.613856084427 208.91301738617767 11137.02932847348 68497.979801831534 18506.594602433208 3481.0296363224043 8120.0227403782337 963.80666946315614 1831.6471931915148 946.29335833733785 29.800901380265714 17.619903674349189 19.643272829242051 537.12298011034727 179.76126037538052 3201.0338220645208 50870.989318878856 59.186048884410411
leaf_count=921114 3859 1657553 3377709 196966 800990 729009 110709 758075 3543128 5205695 58010 1559818 486472 353089 194426 11341 720 1562 2286 387 40390 687003 476
internal_value=0.012875 -0.000734508 -0.00783257 0.00328728 0.00266194 0.0330619 0.0461392 -0.000807204 0.00573092 -0.0172497 0.0097674 -0.0416899 -0.0157291 -0.0421772 -0.0550316 -0.0474819 0.0551121 0.0423573 0.004719 -0.0245596 0.0551961 0.0562061 0.055884
internal_weight=226908 171608 55575.4 41829.5 116033 11892.9 10237.5 104140 74496.1 29643.6 36621.9 13746 4679.65 5207.55 9066.32 1655.36 55299.9 4411.3 1131.43 716.884 3279.86 50888.6 3260.22
internal_count=20700787 19964104 7147604 3985774 12816500 2508612 839718 10307888 4344118 5963770 3435719 3161830 1407586 550055 1754244 1668894 736683 48960 6532 2673 42428 687723 40866
is_linear=0
shrinkage=0.0581682


Tree=100
num_leaves=24
num_cat=0
split_feature=20 9 10 10 22 22 7 11 21 21 22 2 11 21 21 4 22 20 20 0 21 6 20
split_gain=36677.4 1118.96 3638.26 2836.33 6121.36 5142.12 4306.12 2507.01 4004.86 3406.55 2230.3 4684.68 4530.09 1911.02 1268.79 281.166 550.354 375.246 680.427 110.481 50.145 35.4613 148.588
threshold=1.0000000180025095e-35 -4.9400854110717765 0.18275393545627597 0.11711372807621957 -0.98296290636062611 0.12940952181816107 -0.53018879890441883 0.99999997019767772 -0.98296290636062611 -0.91597560048103321 -0.37940952181816096 41.817768096923835 0.98092535138130199 -0.6035533845424651 -0.98296290636062611 6.4181721210479745 0.91597560048103344 51.500000000000007 78.500000000000014 1.0000000180025095e-35 -0.37940952181816096 3.4019650220870976 122.50000000000001
decision_type=2 2 8 10 2 2 2 10 2 2 2 10 10 2 2 10 2 2 2 8 2 8 2
left_child=1 2 7 4 6 -6 -3 9 -9 -1 12 -12 -5 14 -4 16 21 -18 -19 -17 -15 -2 -23
right_child=15 3 13 10 5 -7 -8 8 -10 -11 11 -13 -14 20 -16 19 17 18 -20 -21 -22 22 -24
leaf_value=-0.043758410792553597 0.056258749586709629 -0.06795494786393115 0.068465871925047911 0.017480758123761309 -0.047519305707837585 -0.0005910311203789271 0.045644660268465212 0.31706294504615257 -0.055210032390710942 0.031678072601063645 -0.024714398702581498 0.012162012253115077 -0.029603024039245241 -0.03913338905574576 -0.0098506917322048314 -0.041066041786575178 0.060467616301657132 -0.060739052645833083 0.05246183542818441 0.056146755854938467 -0.060082010040212963 0.052716583560043946 -0.079939380716487957
leaf_weight=2315.8059413901501 2086.7687383468729 1331.2866315724968 779.02011340996251 46091.795516992512 18417.184971625669 13863.168658059149 7232.09825086825 239.76653630309738 158.49445368046872 15773.131503178374 24165.281074502796 22494.455722774612 8124.8612512617838 653.35852892417461 6546.4093070066301 31.915823700837791 274.03624403174035 477.71900479774922 279.35052846372128 49025.296282249736 2458.8462809301855 120.74674274888821 31.138928514905274
leaf_count=228955 28107 139954 32943 1730691 5455895 4880330 342017 3683 14971 1607526 3547035 467317 730384 87286 174433 2191 1524 1915 1083 700474 520684 1078 311
internal_value=0.0123488 -0.000713321 0.00970888 -0.00284352 -0.0157764 -0.0273806 0.0279118 0.0252167 0.168936 0.0219901 0.00238935 -0.00692843 0.0104156 -0.0177196 -0.00143166 0.05495 0.0379458 0.00235535 -0.0183838 0.0560717 -0.0558735 0.0541239 0.0214843
internal_weight=222972 170645 28924.8 141720 40843.7 32280.4 8563.38 18487.2 398.261 18088.9 100876 46659.7 54216.7 10437.6 7325.43 52327 3269.76 1031.11 757.07 49057.2 3112.2 2238.65 151.886
internal_count=20700787 19964104 2670481 17293623 10818196 10336225 481971 1855135 18654 1836481 6475427 4014352 2461075 815346 207376 736683 34018 4522 2998 702665 607970 29496 1389
is_linear=0
shrinkage=0.0581682


Tree=101
num_leaves=19
num_cat=0
split_feature=18 0 3 10 11 21 10 10 8 3 8 11 8 0 0 8 21 20
split_gain=34870.2 1094.38 1003.45 937.118 1117.84 932.237 917.599 538.236 394.218 210.852 583.289 450.923 467.528 58.8038 49.2184 33.9909 32.9254 115.371
threshold=1.0000000180025095e-35 1.0000000180025095e-35 136.47906494140628 0.98217648267745983 0.9965992569923402 -0.91597560048103321 0.29945032298564916 0.27818225324153906 0.22902354598045352 4.1257457733154306 -1.0000000180025095e-35 0.75261917710304271 -1.7288997173309324 1.0000000180025095e-35 1.0000000180025095e-35 3.3946293592453007 -1.0000000180025095e-35 7.5000000000000009
decision_type=2 10 10 10 10 2 10 10 2 10 2 10 2 8 8 2 2 2
left_child=1 -1 3 4 -3 7 -7 -4 -5 10 11 -2 -13 -12 -11 -15 -16 -18
right_child=9 2 5 8 -6 6 -8 -9 -10 14 13 12 -14 15 16 -17 17 -19
leaf_value=-0.057670907544613292 0.055598591312921872 -0.0030452859934970277 -0.045768727111177798 0 0.010255759418419406 0.038736716480328462 -0.0015849951215979366 0.034857241465068849 -0.051225743371979993 -0.026554183031549904 -0.030429990779310051 0.063658984736865043 -0.049128333108826784 0.056472238090684523 0.057818827790505088 0.0024993931843958193 0.030287430170519488 0.054788274669862552
leaf_weight=1128.7162999795983 374.63859809655696 130479.58433259703 1090.8232218581252 727.20257512887474 25557.552412262361 5601.4863499054336 2867.490850512404 367.24795092642307 1792.3491717325523 15.529496708884833 18.552376601845026 154.76979274954647 538.40680705755949 2865.9323955040891 23696.125574004836 56.160610722377896 766.07275473466143 21032.824494583998
leaf_count=3522692 3859 13925336 33427 105447 1559169 364089 8691 979 444274 706 1562 109 2564 40390 362026 476 11615 313376
internal_value=0.0118407 -0.00069508 -0.000309522 -0.00143528 -0.000863906 0.0176239 0.0250435 -0.0251449 -0.0365998 0.0547825 0.0414879 0.00423365 -0.0231314 0.0548538 0.0559406 0.0555765 0.0559801 0.0539518
internal_weight=219131 169612 168484 158557 156037 9927.05 8468.98 1458.07 2519.55 49519 4008.46 1067.82 693.177 2940.65 45510.6 2922.09 45495 21798.9
internal_count=20700787 19964104 16441412 16034226 15484505 407186 372780 34406 549721 736683 48960 6532 2673 42428 687723 40866 687017 324991
is_linear=0
shrinkage=0.0581682


Tree=102
num_leaves=19
num_cat=0
split_feature=18 0 21 4 11 6 7 11 8 4 22 20 20 0 6 20 21 20
split_gain=33143 1033.01 931.097 984.815 5978.71 5604.93 679.445 926.423 389.91 278.933 516.427 346.959 586.305 101.864 38.374 155.07 36.5167 134.316
threshold=1.0000000180025095e-35 1.0000000180025095e-35 0.98296290636062633 19.76630783081055 0.83706271648406994 16.470909118652347 11.307235240936281 0.60650861263275158 -15.896526813507078 6.4181721210479745 0.91597560048103344 51.500000000000007 78.500000000000014 1.0000000180025095e-35 3.4019650220870976 122.50000000000001 -1.0000000180025095e-35 7.5000000000000009
decision_type=2 10 2 10 10 10 2 10 2 10 2 2 2 8 10 2 2 2
left_child=1 -1 3 4 -3 -5 8 -8 -4 10 14 -12 -13 -11 -2 -16 -15 -18
right_child=9 2 6 5 -6 -7 7 -9 -10 13 11 12 -14 16 15 -17 17 -19
leaf_value=-0.057632380535517842 0.055978892970933121 0.015015514352687429 0.08684284513511456 -0.030667000790304516 -0.017062317714490249 0.0047025785492302106 0.28183914244307856 -0.04854726370671146 -0.058130091425976985 -0.039905878454213166 0.060470563823527543 -0.057531226176775439 0.050956549071469334 0.05779618276218898 0.052700412723684448 -0.087142223331477586 0.026912139458986677 0.054602512200810173
leaf_weight=1065.6281880126335 1878.8036960561294 59114.158609471517 59.464377917116508 20576.775957991835 29442.118350116012 57499.08788987773 45.887359536136501 60.781501675141044 1559.4677381843212 29.840375946834683 249.64698382583447 465.76314851362258 255.59639183245599 23025.460349228699 110.59000995755196 29.37691711820662 683.40480162599124 20145.308544517262
leaf_count=3522692 28140 2655494 34372 8157688 2496734 2332314 9430 24277 731103 2191 1524 1915 1083 372984 1074 282 10776 316714
internal_value=0.0113166 -0.000658097 -0.000293611 0.000144763 0.00434585 -0.00461512 -0.0427482 0.095525 -0.0523386 0.0546032 0.0369039 0.00160118 -0.018466 0.0557962 0.0536466 0.0188268 0.0558744 0.053719
internal_weight=216297 169423 168358 166632 88556.3 78075.9 1725.6 106.669 1618.93 46873.8 2989.78 971.007 721.36 43884 2018.77 139.967 43854.2 20828.7
internal_count=20700787 19964104 16441412 15642230 5152228 10490002 799182 33707 765475 736683 34018 4522 2998 702665 29496 1356 700474 327490
is_linear=0
shrinkage=0.0581682


Tree=103
num_leaves=19
num_cat=0
split_feature=18 0 9 10 7 10 22 11 21 3 8 11 8 0 0 21 20 8
split_gain=31475.8 974.812 918.504 3248.47 2538.22 2176.72 2056.71 1990.54 1796.89 209.241 546.224 399.062 419.893 54.864 45.5833 38.3805 121.259 36.1576
threshold=1.0000000180025095e-35 1.0000000180025095e-35 -4.9400854110717765 0.18275393545627597 -0.46183525025844568 0.21089407801628116 -0.7865660786628722 0.39200329780578619 -0.6035533845424651 4.1257457733154306 -1.0000000180025095e-35 0.75261917710304271 -1.7288997173309324 1.0000000180025095e-35 1.0000000180025095e-35 -1.0000000180025095e-35 7.5000000000000009 3.3946293592453007
decision_type=2 10 2 10 2 10 2 10 2 10 2 10 2 8 8 2 2 2
left_child=1 -1 3 7 5 -4 -6 -3 -5 10 11 -2 -13 -12 -11 -16 -17 -15
right_child=9 2 4 8 6 -7 -8 -9 -10 14 13 12 -14 17 15 16 -18 -19
leaf_value=-0.057592120461678734 0.055146562825505341 0.072022426276627291 -0.032906510394018679 -0.0015356056039562591 0.0095943440247090225 0.028054602869340483 -0.0056866158927147649 0.016177321228477298 -0.05540645259705719 -0.024911912202852105 -0.029158782145056655 0.062672538107219691 -0.046510134581385254 0.05623541675532856 0.057743541425520753 0.028567787431480099 0.054367878415053958 0
leaf_weight=1006.0964332333533 338.95898381434381 2502.8613087804115 13654.360079073464 7328.9540497850394 50556.804861171026 2307.6724084674497 72568.120959507651 15934.626145265705 2938.472603234346 14.616363082081078 17.577746232040226 147.25173919182271 525.09684007242322 2566.3642837125808 21123.519422092475 721.74720679223537 18864.1631636112 53.486081321723759
leaf_count=3522692 3859 591802 2459576 207376 2390051 100913 8911628 1172099 607967 706 1562 109 2564 40390 362026 11615 313376 476
internal_value=0.0108285 -0.000629555 -0.000284125 0.00918572 -0.00224162 -0.0240629 0.000584839 0.0237952 -0.017009 0.0544209 0.0405494 0.00375352 -0.0217568 0.054478 0.0556494 0.0556908 0.0534441 0.055239
internal_weight=213171 168798 167792 28704.9 139087 15962 123125 18437.5 10267.4 44372.8 3648.74 1011.31 672.349 2637.43 40724 40709.4 19585.9 2619.85
internal_count=20700787 19964104 16441412 2579244 13862168 2560489 11301679 1763901 815343 736683 48960 6532 2673 42428 687723 687017 324991 40866
is_linear=0
shrinkage=0.0581682


Tree=104
num_leaves=24
num_cat=0
split_feature=18 2 3 22 22 2 21 11 22 4 10 21 22 4 22 10 20 11 10 0 21 20 6
split_gain=29881.7 933.822 2752.99 4224.01 3264.38 2073.34 1637.69 1359.95 916.651 2021.86 1346.38 298.674 672.232 276.29 483.691 322.702 412.606 178.107 100.624 94.091 42.2964 140.413 41.1756
threshold=1.0000000180025095e-35 0.33584953844547277 0.53466820716857921 0.78656607866287243 0.91597560048103344 44.766672134399421 -1.0000000180025095e-35 0.94035691022872936 0.98296290636062633 0.71729815006256115 0.077586166560649886 -0.37940952181816096 -0.37940952181816096 6.4181721210479745 0.91597560048103344 0.25956088304519659 51.500000000000007 0.081506669521331801 0.80695226788520824 1.0000000180025095e-35 -1.0000000180025095e-35 7.5000000000000009 3.4019650220870976
decision_type=2 10 8 2 2 10 2 8 2 10 10 2 2 10 2 8 2 8 10 8 2 2 8
left_child=1 8 4 7 18 -5 -6 -4 11 -10 -11 12 -1 14 22 16 -16 -13 -3 -15 -21 -22 -2
right_child=13 2 3 5 6 -7 -8 -9 9 10 -12 17 -14 19 15 -17 -18 -19 -20 20 21 -23 -24
leaf_value=0.028234453524010932 0.055730445403757635 -0.055746983605677827 0.0039814731303556014 -0.051572150079056626 -0.064029789290887498 0.015788797967888537 0.061305809362087856 -0.010160209257266023 -0.064115213614998376 -0.056616216335636134 0.090023933788664759 -0.01446521186549303 -0.047200566568702577 -0.0387384264208765 0.061896309146738472 0.055476774298710986 -0.046091666903123753 -0.049043050925592503 -0.015119562909107501 0.057719969849984613 0.025121576981127148 0.05416499180457432 0.016886884764360306
leaf_weight=731.20280286035268 1687.9843572943937 1031.7643972085862 115479.31905696346 7858.5769563518261 369.74460530451324 1911.8174950851098 5624.5370176408906 28721.978167567024 720.72679257822165 264.14026515893784 967.13735240139067 653.21810857556557 863.18613737593114 27.966512355022132 149.99117582291365 260.64228522102349 504.63829332310706 2996.7735349273862 299.01896935992409 20524.578811380314 646.44728611549363 18078.85192641709 134.65466585452668
leaf_count=260153 28107 150318 12044383 2971355 11995 444881 27792 2161837 43221 56595 1692 866123 568880 2191 539 1684 2299 299132 55747 372984 10776 316714 1389
internal_value=0.010341 -0.000600934 0.000311573 -0.0013439 0.0351436 -0.0383494 0.053467 0.00116175 -0.0210965 0.0127626 0.0581537 -0.0337753 -0.0123735 0.0542255 0.0358312 0.000867147 -0.0204961 -0.0429888 -0.0469967 0.0554934 0.0555751 0.0531898 0.0531265
internal_weight=210509 168493 161297 153972 7325.06 9770.39 5994.28 144201 7196.38 1952 1231.28 5244.38 1594.39 42015.8 2737.91 915.272 654.629 3649.99 1330.78 39277.8 39249.9 18725.3 1822.64
internal_count=20700787 19964104 17868308 17622456 245852 3416236 39787 14206220 2095796 101508 58287 1994288 829033 736683 34018 4522 2838 1165255 206065 702665 700474 327490 29496
is_linear=0
shrinkage=0.0581682


Tree=105
num_leaves=24
num_cat=0
split_feature=18 2 21 0 12 8 0 21 2 12 5 4 3 21 10 8 4 22 20 20 0 21 20
split_gain=28349.9 912.352 5430.54 3072.93 3064.68 3214.6 3003.55 2913.7 5715.49 4611.46 1929.81 1855.76 2520.32 567.185 556.526 512.756 275.451 462.861 298.29 496.151 89.8719 45.3797 142.918
threshold=1.0000000180025095e-35 5.4462432861328134 -1.0000000180025095e-35 1.5187869668006899 1.6479472517967226 -1.3634731769561765 1.2316145300865176 -1.0000000180025095e-35 10.524652481079103 2.3931940793991093 0.70230865478515636 1.3813896179199221 0.87977364659309398 0.12940952181816109 0.72362422943115245 -9.1331305503845197 6.4181721210479745 0.91597560048103344 51.500000000000007 78.500000000000014 1.0000000180025095e-35 -1.0000000180025095e-35 7.5000000000000009
decision_type=2 10 2 8 8 2 10 2 10 8 10 8 10 2 10 2 10 2 2 2 8 2 2
left_child=1 2 11 6 5 15 -4 8 -6 -9 -7 12 -1 -5 -13 -3 17 -2 -19 -20 -18 -22 -23
right_child=16 4 3 13 7 10 -8 9 -10 -11 -12 14 -14 -15 -16 -17 20 18 19 -21 21 22 -24
leaf_value=-0.025187273390401478 0.052829401928443528 0.033937055168421278 0.0030932664331244945 -0.070785350348236853 -0.051045509081241155 -0.047057961537047902 0.056527122035717872 0.012946804467021716 0.0098630028307831862 -0.035132999446492057 0.051683639511223109 -0.057104221229041692 0.11093979663707201 -0.026545786769377699 -0.00314683039890308 -0.049593523012926397 -0.038039093193309913 0.060092513724053206 -0.053766149146441074 0.049669228844289343 0.05767971074188142 0.024283864991022672 0.05392970972160023
leaf_weight=2727.1261714292632 1729.6620771491434 282.88533458993334 32712.923021766961 1588.9771412016707 5636.3749431888427 715.99305519868358 3992.7513739762944 10945.45677819851 68506.223480549976 17556.659808141514 8988.8118992892778 8743.9511324264749 548.89331606451015 2697.1491222617842 715.95261629426386 1672.442371517267 26.935603146441281 216.40290252584964 447.02813792042434 233.2967205028981 19377.889175092569 630.4818925850559 17129.522293894086
leaf_count=612825 29496 197077 3464565 79238 800990 698160 140635 758075 3543128 5205695 628623 2342703 104798 301336 101504 984752 2191 1524 1915 1083 372984 10776 316714
internal_value=0.00987591 -0.000576863 -0.00683022 0.00346983 0.00235912 0.0306135 0.00892261 -0.000847782 0.00522456 -0.0166561 0.0443397 -0.040003 -0.00213961 -0.0430952 -0.0530661 -0.0372563 0.0540217 0.0352789 0.000891378 -0.0176227 0.0553312 0.0554141 0.052906
internal_weight=207824 168033 53727.7 40991.8 114305 11660.1 36705.7 102645 74142.6 28502.1 9704.8 12735.9 3276.02 4286.13 9459.9 1955.33 39791.2 2626.39 896.728 680.325 37164.8 37137.9 17760
internal_count=20700787 19964104 7147604 3985774 12816500 2508612 3605200 10307888 4344118 5963770 1326783 3161830 717623 380574 2444207 1181829 736683 34018 4522 2998 702665 700474 327490
is_linear=0
shrinkage=0.0581682


Tree=106
num_leaves=21
num_cat=0
split_feature=18 0 4 3 11 3 4 11 4 22 10 20 0 11 21 20 6 21 0 10
split_gain=26875.4 894.533 887.204 2361.77 3817.34 1526.61 1187.8 1150.1 272.84 441.406 292.154 350.796 85.8808 69.1459 48.5895 145.25 44.7959 218.182 3.05363 0.0605411
threshold=1.0000000180025095e-35 1.0000000180025095e-35 170.18238830566409 136.47906494140628 0.081506669521331801 171.47174835205081 30.95413970947266 0.77988579869270336 6.4181721210479745 0.91597560048103344 0.25956088304519659 51.500000000000007 1.0000000180025095e-35 0.94035691022872936 -1.0000000180025095e-35 7.5000000000000009 3.4019650220870976 0.37940952181816107 0.5448235571384431 0.0014135148376226427
decision_type=2 10 10 10 10 10 10 10 10 2 8 2 8 10 2 2 8 2 8 10
left_child=1 -1 3 6 -5 13 -3 -7 9 16 11 -11 -10 -4 -14 -16 19 -18 -12 -2
right_child=8 2 5 4 -6 7 -8 -9 12 10 18 -13 14 -15 15 -17 17 -19 -20 -21
leaf_value=-0.05753140451317422 0.00031014090866291161 0.0030308905351293233 -0.058537115598932592 0.63655053495248737 0.033965510895374584 -0.029599309437203916 -0.0075870614664077284 0.036562837205121858 -0.037335156675219312 0.060824117662275058 0.02264665485443907 -0.042584470896466692 0.057637864927974722 -0.10110771366636474 0.02345427663269984 0.053683154222202885 0.052360482174765799 -0.13431043514229241 0.061286907096244916 0.055667175772724224
leaf_weight=923.03578425230808 14.636632163776083 99429.751117305743 1892.9473745765863 31.505917763046455 5469.7635733681964 1975.4889720765059 55552.386486582982 1608.951339289546 25.959186744876206 136.03971536830068 52.750964852282777 496.53690745402128 18295.762228208827 177.54332567355596 615.42211736366153 16233.654109546798 104.23140889406204 21.426464643562213 189.7410672865808 1501.1048916156869
leaf_count=3522692 252 7627155 431094 15061 121065 149257 8094360 2313 2191 539 763 2299 372984 1107 10776 316714 1091 298 921 27855
internal_value=0.00944622 -0.000561351 -0.000240921 0.000554861 0.0379949 -0.022878 -0.000772584 0 0.0538136 0.0347622 0.000911017 -0.0194534 0.0551609 -0.0625863 0.0552452 0.0526091 0.0525161 0.0139983 0.0550493 0.0553973
internal_weight=204749 167061 166138 160483 5501.27 5654.93 154982 3584.44 37687.3 2516.47 875.069 632.577 35170.8 2070.49 35144.8 16849.1 1641.4 125.658 242.492 1515.74
internal_count=20700787 19964104 16441412 15857641 136126 583771 15721515 151570 736683 34018 4522 2838 702665 432201 700474 327490 29496 1389 1684 28107
is_linear=0
shrinkage=0.0581682


Tree=107
num_leaves=24
num_cat=0
split_feature=18 2 21 0 12 8 21 2 0 0 11 2 9 9 11 8 22 8 8 21 21 0 9
split_gain=25467.8 856.753 5002.41 2791.26 2705.96 2858.95 2661.52 5293.24 4203.46 2634.79 2191.91 1505.26 1397.22 788.792 709.294 479.846 177.904 383.382 672.309 393.438 198.067 68.8772 10.2444
threshold=1.0000000180025095e-35 5.4462432861328134 -1.0000000180025095e-35 1.5187869668006899 1.6479472517967226 -1.3634731769561765 -1.0000000180025095e-35 10.524652481079103 2.9595698118209843 1.2316145300865176 0.13467812538146975 0.80494555830955516 -0.33505533635616297 -0.85194337368011464 0.99999943375587474 -9.1331305503845197 0.78656607866287243 -1.0000000180025095e-35 -0.61010408401489247 -1.0000000180025095e-35 0.37940952181816107 1.0000000180025095e-35 -34.654621124267571
decision_type=2 10 2 8 8 2 2 10 8 10 10 8 2 2 10 2 2 2 2 2 2 8 2
left_child=1 2 11 9 5 15 7 -6 -8 -4 -7 12 -1 -5 -13 -3 21 18 20 -20 -18 -2 -23
right_child=16 4 3 13 6 10 8 -9 -10 -11 -12 14 -14 -15 -16 -17 17 -19 19 -21 -22 22 -24
leaf_value=0.072692335281880044 -0.033307866929820747 0.03107138579769423 0.0027880643914073434 0.014198412496957462 -0.050326935000499257 -0.043820256553414032 0.0103584806760538 0.0094444539305227771 -0.035287420849213859 0.052658400816081724 0.050712991030996045 -0.059832086796604282 -0.024294433692195264 -0.05323251524314402 -0.0033830545308201529 -0.048915440831048332 0.049630187381739278 0.05624506235546551 0.054442760213928618 -0.052266041626352587 0.011497207879093186 0.04814775291505189 0.056592262823820245
leaf_weight=577.14068888129987 20.871014094911516 292.04772789468552 32799.128142691916 693.41850719088688 5402.7302478456841 908.72381651266187 11803.249803017141 68580.739470486544 16144.106524177871 4023.3631791715161 8767.0425887563615 7213.3298724212727 3650.7435872314527 3477.5038007881085 858.34545020593214 1597.1331579207399 2518.6519135527778 5407.3619424016215 150.78112033382058 446.00372597295791 602.9306105999276 1376.0432164130034 25183.450723485439
leaf_count=88471 1612 197077 3464565 23659 800990 954802 1494365 3543128 4469405 140635 371981 1559818 1319115 356915 194426 984752 47891 111283 1542 3448 12525 29029 529353
internal_value=0.00900915 -0.00053364 -0.00661921 0.00313456 0.00232053 0.0289805 -0.000701487 0.00507146 -0.0159965 0.00825355 0.0417776 -0.0391496 -0.0108989 -0.0419234 -0.0538837 -0.0362963 0.0535907 0.0462526 0.0315648 -0.0244412 0.0424189 0.056087 0.0561778
internal_weight=202495 166789 53293 40993.4 113496 11564.9 101931 73983.5 27947.4 36822.5 9675.77 12299.6 4227.88 4170.92 8071.68 1889.18 35706.1 9125.73 3718.37 596.785 3121.58 26580.4 26559.5
internal_count=20700787 19964104 7147604 3985774 12816500 2508612 10307888 4344118 5963770 3605200 1326783 3161830 1407586 380574 1754244 1181829 736683 176689 65406 4990 60416 559994 558382
is_linear=0
shrinkage=0.0581682


Tree=108
num_leaves=24
num_cat=0
split_feature=18 9 22 2 6 3 21 9 21 21 4 10 21 10 10 22 4 22 9 20 0 21 20
split_gain=24116.5 863.554 3402.76 5479.54 5539.58 4103.48 8835.18 2586.35 3426.43 6318.94 6171.98 2816.71 2695.04 2041.18 1819.68 1664.81 270.623 406.235 270.143 457.854 79.9579 55.6403 155.268
threshold=1.0000000180025095e-35 1.6182907223701479 -0.7865660786628722 41.817768096923835 1.500000059604645 31.943324089050297 0.37940952181816107 -0.076892752200365053 0.12940952181816109 -0.6035533845424651 10.414273738861086 0.18275393545627597 0.60355338454246532 0.41009467840194708 0.72362422943115245 -0.12940952181816107 6.4181721210479745 0.91597560048103344 -2.0892679691314693 51.500000000000007 1.0000000180025095e-35 -1.0000000180025095e-35 7.5000000000000009
decision_type=2 2 2 10 8 10 2 2 2 2 8 10 2 10 10 2 10 2 2 2 8 2 2
left_child=1 7 5 4 -4 6 -3 8 9 -1 -10 12 -9 -13 -7 -5 17 -2 -19 -20 -18 -22 -23
right_child=16 2 3 15 -6 14 -8 11 10 -11 -12 13 -14 -15 -16 -17 20 18 19 -21 21 22 -24
leaf_value=0.010922129583697551 0.051850003321727615 0.023059528636477498 0.23431677678388074 -0.018457712826896858 -0.039189511075731112 -0.052220165698940953 0.27194516218811554 -0.050784765156583617 0.031473094572894822 -0.041302698359462209 -0.038705004899760267 0.019371942178979782 6.5554182911991749e-05 -0.024643784853652932 0.013602100101173102 0.016641211408042603 -0.036225830855595852 0.06091611418023242 0.059769931120429873 -0.048257483771394653 0.057550356879576964 0.020870147757818761 0.053153633679202589
leaf_weight=19537.836310952312 1473.3397515818942 26734.733053675431 250.08857355879445 5835.3918570901878 15065.851161182851 3545.2014953422477 487.49312629121414 11111.924088001899 21984.900767748855 13077.571851259061 5244.8329716059889 8331.7367511389311 5142.1885530895524 6223.1272974325111 2354.1109616573667 20948.08588318024 24.546607120893896 190.79774780198932 179.28796239732765 460.59679313469678 16341.057191643631 572.761296098819 14588.685441102949
leaf_count=1759004 29496 610495 45798 352054 4151521 681882 114999 3836219 509421 1559997 2851960 406761 1720248 671332 19815 672598 2191 279 1474 2769 372984 10776 316714
internal_value=0.00860866 -0.00051825 0.00408637 -0.00688015 -0.0346315 0.0180366 0.0275744 -0.00434338 0.00270049 -0.0100086 0.0179371 -0.0180372 -0.0346775 0.000523285 -0.0258958 0.00897745 0.0533643 0.0335509 0.000515049 -0.0171693 0.0547947 0.0548834 0.0519667
internal_weight=199706 165875 75221 42099.4 15315.9 33121.5 27222.2 90654.1 59845.1 32615.4 27229.7 30809 16254.1 14554.9 5899.31 26783.5 33831.1 2304.02 830.683 639.885 31527.1 31502.5 15161.4
internal_count=20700787 19964104 6649162 5221971 4197319 1427191 725494 13314942 6680382 3319001 3361381 6634560 5556467 1078093 701697 1024652 736683 34018 4522 4243 702665 700474 327490
is_linear=0
shrinkage=0.0581682


Tree=109
num_leaves=19
num_cat=0
split_feature=18 0 10 11 22 22 4 22 9 20 21 1 0 21 20 6 21 10
split_gain=22829.2 818.623 824.571 926.051 6063 3075.12 267.987 386.634 250.72 416.244 80.9255 181.306 76.4882 59.2488 156.904 52.5431 217.977 6.27164
threshold=1.0000000180025095e-35 1.0000000180025095e-35 0.99999818205833446 0.9965992569923402 -0.91597560048103321 0.78656607866287243 6.4181721210479745 0.91597560048103344 -2.0892679691314693 51.500000000000007 0.78656607866287243 3.3185474872589116 1.0000000180025095e-35 -1.0000000180025095e-35 7.5000000000000009 3.4019650220870976 0.37940952181816107 0.0004097924975212664
decision_type=2 10 10 10 2 2 10 2 2 2 2 10 8 2 2 10 2 10
left_child=1 -1 3 5 -5 -3 7 15 -9 -10 -4 -12 -8 -14 -15 17 -17 -2
right_child=6 2 10 4 -6 -7 12 8 9 -11 11 -13 13 14 -16 16 -18 -19
leaf_value=-0.057465876746184127 0 0.00042028720966380247 -0.058767468734241393 -0.058819091941544895 0.021502691719132109 -0.035621349516350265 -0.035513803670890118 0.06045540856378092 0.059355652449646093 -0.045507508045629495 0.24585456366947439 -0.036769633931167924 0.057502986688656853 0.020087941375161553 0.052870239597123864 0.051304390804257201 -0.14309688026831857 0.055194312371066062
leaf_weight=845.28882454906125 10.465334716602227 128282.4469738651 878.01192828890635 3698.2980929763289 22449.965942255338 8537.5734503074782 23.695885352790356 181.38029184564948 170.33271998795681 460.29516670480371 5.4480874573346254 25.984571495151613 15429.982986319577 560.97888972470537 13835.964483077987 88.470859382301569 20.010266902390867 1280.5666593586793
leaf_count=3522692 186 11583059 253582 300136 1514440 2768202 2191 279 1474 2769 3344 18649 372984 10776 316714 1085 271 27954
internal_value=0.00822233 -0.000516607 -0.000218892 8.76344e-05 0.0101191 -0.00182687 0.053126 0.0330083 0.000558124 -0.0163411 -0.0553193 0.0252631 0.054598 0.0546882 0.0516271 0.0514914 0.0077339 0.0548217
internal_weight=196785 164723 163878 162968 26148.3 136820 32062.1 2211.52 812.008 630.628 909.445 31.4327 29850.6 29826.9 14396.9 1399.51 108.481 1291.03
internal_count=20700787 19964104 16441412 16165837 1814576 14351261 736683 34018 4522 4243 275575 21993 702665 700474 327490 29496 1356 28140
is_linear=0
shrinkage=0.0581682


Tree=110
num_leaves=24
num_cat=0
split_feature=18 21 4 3 11 3 4 11 7 6 1 8 3 4 22 8 8 0 21 7 6 21 11
split_gain=21599.9 814.728 799.005 2044.4 1805.27 1437.81 1059.25 1000.69 663.62 806.472 4107.96 370.222 2597.44 265.346 368.085 242.266 485.517 73.2017 62.988 125.709 52.8084 184.407 50.5631
threshold=1.0000000180025095e-35 0.98296290636062633 170.18238830566409 136.47906494140628 0.081506669521331801 171.47174835205081 19.76630783081055 0.77988579869270336 11.307235240936281 22.761054039001468 34.087646484375007 -15.896526813507078 27.30353927612305 6.4181721210479745 0.91597560048103344 -1.0000000180025095e-35 -1.7288997173309324 1.0000000180025095e-35 -1.0000000180025095e-35 -3.10692286491394 3.4019650220870976 0.37940952181816107 0.94035691022872936
decision_type=2 2 8 10 10 10 10 10 2 10 10 2 10 10 2 2 2 8 2 2 10 2 10
left_child=1 2 3 6 -5 22 -1 -7 11 10 -10 12 -3 14 20 16 -16 -15 -19 -20 -2 -22 -4
right_child=13 8 5 4 -6 7 -8 -9 9 -11 -12 -13 -14 17 15 -17 -18 18 19 -21 21 -23 -24
leaf_value=0.0036411188902696458 0.054622221430117565 1.034230126100425 -0.058057105033282132 0.35152368673456713 0.031966769550175952 -0.028228782363101387 -0.0061650230515781484 0.034088172009640712 -0.043298862547733068 -0.048168488195217164 1.0718151878227167 -0.05807630701354511 -0.047877907053268852 -0.034799796572441997 0.063790733536201322 0.049158139798546364 -0.054995758492835958 0.057453462913977814 0.040179580301086315 0.054387046671095979 0.050944469423999168 -0.12069508176713718 -0.095922413571711052
leaf_weight=86473.385351097648 1222.5264938004548 4.0846066705416879 1773.1839169516024 56.424473108228995 5406.4830079890089 1897.2021697749587 65483.041523744119 1605.5217221528292 39.218728502630256 57.855616768123582 10.740057936287483 1440.2533346666896 58.431389432022115 22.889773108065128 157.89360778033733 241.55887340882327 394.99629875458777 14570.244518025778 3039.6064795845887 10635.926942237071 84.074302367866039 23.058276091236621 177.92455990239978
leaf_count=6978452 28140 1503 490543 16239 110256 142946 11262432 2313 19733 12394 1580 885978 38668 2191 108 2535 1879 372984 71398 256092 1085 271 1067
internal_value=0.00782895 -0.00049359 -8.34885e-05 0.000672659 0.0356205 -0.0219649 -0.000582104 0.000228308 -0.0416058 0.0939482 0.256441 -0.0518413 0.0802179 0.0528767 0.0324584 0.000599099 -0.0201217 0.0543915 0.0544833 0.0512723 0.0511302 0.00712394 -0.061922
internal_weight=194877 164484 162873 157419 5462.91 5453.83 151956 3502.72 1610.58 107.814 49.9588 1502.77 62.516 30392.8 2124.11 794.449 552.89 28268.7 28245.8 13675.5 1329.66 107.133 1951.11
internal_count=20700787 19964104 19004248 18367379 126495 636869 18240884 145259 959856 33707 21313 926149 40171 736683 34018 4522 1987 702665 700474 327490 29496 1356 491610
is_linear=0
shrinkage=0.0581682


Tree=111
num_leaves=24
num_cat=0
split_feature=18 2 21 22 4 2 11 11 8 10 4 4 11 11 5 11 4 20 20 9 21 10 21
split_gain=20427 817.826 4395.06 2355.84 8114.19 6657.47 4667.26 3941.16 2176.07 2131.23 1926.7 1774.87 4066.46 681.183 675.071 462.389 260.17 365.635 579.737 407.891 167.773 70.0875 66.8581
threshold=1.0000000180025095e-35 5.4462432861328134 -1.0000000180025095e-35 -0.7865660786628722 32.575725555419929 17.680601119995121 0.83706271648406994 0.41253566741943365 1.5664258003234866 0.72362422943115245 0.28894722461700445 1.3813896179199221 0.54019388556480419 0.99999943375587474 1.500000059604645 0.33030201494693762 6.4181721210479745 51.500000000000007 78.500000000000014 -2.0892679691314693 0.78656607866287243 1.0000000180025095e-35 -1.0000000180025095e-35
decision_type=2 10 2 2 10 10 10 10 2 10 10 8 10 10 10 8 10 2 2 2 2 8 2
left_child=1 2 11 4 6 15 -3 -7 10 -6 -4 12 -1 -13 -10 -5 17 -2 19 -19 -20 -18 -23
right_child=16 3 8 5 9 7 -8 -9 14 -11 -12 13 -14 -15 -16 -17 21 18 20 -21 -22 22 -24
leaf_value=0.1729707440660985 0.058335139605650566 0.039586653617532393 -0.060832845573195862 -0.017353411246900582 -0.047280838949841711 0.034539390144033434 -0.0055289794221292108 -0.0042715457146845839 -0.055772824477977302 0.015879402567898514 0.0091174037088323657 -0.057419781914225809 -0.025618455041319266 -0.0028284554827631967 0.010663546449253502 -0.050407199650370868 -0.034084589163317351 0.058780350677789195 0.049863323517644609 -0.075163971865597159 -0.06986701008753303 0.057401629234433801 0.050901866194034771
leaf_weight=393.81255322279321 949.37782697065268 24702.821069610036 1377.8402983138949 1737.2006457862735 8005.6883784211386 11139.872056692046 11287.480665047682 43007.52822373547 2644.9022562921164 2321.0662658626679 36107.754813350926 7608.2441542538363 2810.5161943120183 878.54791580351593 629.60838553184294 9561.0829405798431 22.125812884885818 93.204136181622744 630.10068891372066 327.6766256353585 35.780399041017517 13758.956987527898 12994.848165345378
leaf_count=342741 20368 521722 368907 1723324 1798075 2378587 428771 3196745 256032 19227 3299338 2235303 374882 208904 61497 2750049 2191 89 10289 2472 800 372984 327490
internal_value=0.00745392 -0.00047032 -0.00646417 0.00233922 0.0123798 -0.00476091 0.0254272 0.00370791 0.00254551 -0.0330455 0.0065288 -0.0378989 -0.000883857 -0.0518199 -0.04288 -0.0453689 0.052625 0.0319753 0.00843998 -0.0442633 0.0424186 0.0541749 0.0542684
internal_weight=193026 164214 52451.2 111763 46317.1 65445.7 35990.3 54147.4 40760.1 10326.8 37485.6 11691.1 3204.33 8486.79 3274.51 11298.3 28812.1 2036.14 1086.76 420.881 665.881 26775.9 26753.8
internal_count=20700787 19964104 7147604 12816500 2767795 10048705 950493 5575332 3985774 1817302 3668245 3161830 717623 2444207 317529 4473373 736683 34018 13650 2561 11089 702665 700474
is_linear=0
shrinkage=0.0581682


Tree=112
num_leaves=24
num_cat=0
split_feature=18 7 2 3 22 5 8 7 4 21 10 21 8 21 4 21 4 20 20 9 21 21 20
split_gain=19309.3 831.497 4442.63 9987.46 6824.11 2793.13 2781.44 4444.04 4671.36 4417.07 6912.65 3976.03 1281.32 1700.03 1264.01 569.549 252.626 350.672 531.994 372.619 154.001 71.0189 181.122
threshold=1.0000000180025095e-35 5.2198781967163095 11.170331478118898 17.257221221923832 -0.7865660786628722 7.9630277156829843 1.5664258003234866 2.5354588031768803 32.575725555419929 -0.7865660786628722 0.13625746965408328 -1.0000000180025095e-35 10.587053298950197 -0.37940952181816096 10.414273738861086 0.37940952181816107 6.4181721210479745 51.500000000000007 78.500000000000014 -2.0892679691314693 0.78656607866287243 -1.0000000180025095e-35 7.5000000000000009
decision_type=2 2 10 10 2 10 2 2 10 2 10 2 2 2 10 2 10 2 2 2 2 2 2
left_child=1 6 12 4 -4 -5 7 11 -9 10 -8 -1 15 -14 -11 -3 17 -2 19 -19 -20 -18 -23
right_child=16 2 3 5 -6 -7 9 8 -10 14 -12 -13 13 -15 -16 -17 21 18 20 -21 -22 22 -24
leaf_value=-0.021322310515205976 0.058249270858981052 -0.062439658436016572 0.12413765238514174 -0.037115248384396789 -0.039438447343750446 0.0071327108085403532 0.11580027316017819 0.17119895024153226 -0.032011060689788345 -0.014089373737060415 -0.0094224604090519526 0.0084794385615520954 0.49369247052039172 -0.04516551193394041 -0.043426656550660692 0.0050121071646363124 0.057253022856603809 0.058116792260358839 0.049241967937663236 -0.072334905175749614 -0.062139945327843477 0.014814295383261291 0.051878786023626548
leaf_weight=20748.37547534363 897.0182032546727 3820.7259571216418 3916.8584450550843 5506.8401204947149 1099.7995769958652 38830.299997861614 1845.700668729085 1042.5479602252599 596.77254854227067 7898.8913135691546 7674.4800518855918 56069.893952352933 29.43533720553387 43.381211811501998 13642.663085676002 463.4225901538739 13003.974519664072 88.960716903209686 601.83181582181714 321.05968299577944 38.35351031832397 499.60858379502315 11862.982776399818
leaf_count=5309080 20368 449338 66241 1054709 315347 982402 225547 61234 207829 478919 523659 6970818 7403 10601 3076120 224857 374384 89 10289 2472 800 10897 317384
internal_value=0.00710829 -0.000464429 0.00546077 0.0104395 0.0881944 0.00162482 -0.00337402 0.00245437 0.0970929 -0.0181068 0.0148552 0.000424129 -0.0507983 0.183218 -0.0326928 -0.0550527 0.0523711 0.0315563 0.00823096 -0.0427527 0.041572 0.0539474 0.0504189
internal_weight=190544 163230 53710.8 49353.8 5016.66 44337.1 109519 78457.6 1639.32 31061.7 9520.18 76818.3 4356.97 72.8165 21541.6 4284.15 27313.8 1947.22 1050.21 410.02 640.185 25366.6 12362.6
internal_count=20700787 19964104 3110898 2418699 381588 2037111 16853206 12548961 269063 4304245 749206 12279898 692199 18004 3555039 674195 736683 34018 13650 2561 11089 702665 328281
is_linear=0
shrinkage=0.0581682


Tree=113
num_leaves=24
num_cat=0
split_feature=18 7 21 11 11 8 8 7 2 3 4 21 4 8 8 0 4 20 20 7 21 20 21
split_gain=18249.6 783.482 3443.55 3376.5 1968.63 2393.95 1801.11 998.235 4067.64 8444.91 3998.7 4793.32 2164.27 1035.31 455.062 391.691 245.315 336.429 501.551 279.329 75.0915 181.272 691.246
threshold=1.0000000180025095e-35 -13.04354667663574 -0.98296290636062611 0.99999991059303295 0.62909039855003368 -0.2460038363933563 4.8844637870788583 5.2198781967163095 11.170331478118898 17.257221221923832 12.72542190551758 -1.0000000180025095e-35 76.291576385498061 10.587053298950197 -5.826643466949462 16.552665710449222 6.4181721210479745 51.500000000000007 129.50000000000003 -1.4934123158454893 -1.0000000180025095e-35 7.5000000000000009 1.0000000180025095e-35
decision_type=2 2 2 10 10 2 2 2 10 10 8 2 10 2 2 10 10 2 2 2 2 2 2
left_child=1 2 3 15 5 -4 -5 10 13 -10 11 -3 -12 -9 -6 -1 17 -2 19 -19 -18 22 -22
right_child=16 7 4 6 14 -7 -8 8 9 -11 12 -13 -14 -15 -16 -17 20 18 -20 -21 21 -23 -24
leaf_value=-0.056518402671364064 0.058160839942379867 -0.027796598132501873 -0.031129675442765455 0.3999754973529509 0.03843061765284659 0.071420203554322173 0.15034186990446666 -0.054262754792891249 0.079800022421354574 0.0015277628649963378 -0.032657303616638218 0.010662834379797597 -0.0012153780938588487 0.14033410150607845 -0.043303087984866324 0.068795532862554937 0.057184891715301021 0.050163585426042552 0.053881029596847603 -0.048890697542067214 -0.13714400968205256 0.051532544141333694 0.045407460516412382
leaf_weight=237.3358821325528 847.58487772964872 13613.466637895071 1229.7817425710673 134.69497245363891 247.06746250780998 2030.1536615804507 404.71264189574867 4099.6368529341999 5210.718785045814 44242.024191474949 20975.388520728156 56233.022053429384 11492.15967824118 89.442457350785844 2337.9906907645491 123.861701592803 12283.338274131645 114.66404054593295 449.9908649015706 451.17973972961772 79.514727512607351 11265.67364539695 412.84812188206706
leaf_count=19411 20368 2198669 143881 1877 26740 81804 4799 674195 381588 2037111 8277665 2636988 3201513 18004 258234 1625 374384 195 8190 5265 1994 317384 8903
internal_value=0.00675613 -0.000461816 0.0189364 0.124531 0.0025167 0.0326222 0.216142 -0.00130392 0.0051194 0.00978955 -0.00467555 0.00315989 -0.0215421 -0.0498699 -0.0352854 -0.0121446 0.052098 0.0311234 0.00801982 -0.0278868 0.0537011 0.0500078 0.01417
internal_weight=188606 162701 6745.6 900.605 5844.99 3259.94 539.408 155956 53641.8 49452.7 102314 69846.5 32467.5 4189.08 2585.06 361.198 25904.8 1863.42 1015.83 565.844 24041.4 11758 492.363
internal_count=20700787 19964104 538371 27712 510659 225685 6676 19425733 3110898 2418699 16314835 4835657 11479178 692199 284974 21036 736683 34018 13650 5460 702665 328281 10897
is_linear=0
shrinkage=0.0581682


Tree=114
num_leaves=24
num_cat=0
split_feature=18 9 11 8 21 6 21 7 21 10 10 10 7 3 2 2 22 8 8 21 21 0 7
split_gain=17228.8 776.997 2657.9 7433.91 4768.47 3379.94 3247.31 2250.06 2190.68 2107.52 1762.35 2085.41 1482.69 3007.29 2248.41 788.108 204.565 418.284 456.023 272.736 270.595 65.4944 25.7974
threshold=1.0000000180025095e-35 -4.9400854110717765 0.39200329780578619 3.3946293592453007 -0.7865660786628722 5.5463757514953622 -0.98296290636062611 -0.46183525025844568 0.12940952181816109 0.01019143918529153 0.21089407801628116 0.013736418914049866 -0.070849116891622529 6.1747221946716317 5.4462432861328134 3.9391442537307744 0.78656607866287243 -1.0000000180025095e-35 -0.83690637350082386 0.37940952181816107 -1.0000000180025095e-35 1.0000000180025095e-35 -18.60026931762695
decision_type=2 2 8 2 2 8 2 2 2 10 10 10 2 10 10 10 2 2 2 2 2 8 2
left_child=1 2 3 9 -5 8 -7 10 -4 -1 11 -3 13 -9 -14 -12 21 18 19 -18 -20 -2 -23
right_child=16 7 5 4 -6 6 -8 12 -10 -11 15 -13 14 -15 -16 -17 17 -19 20 -21 -22 22 -24
leaf_value=0.087575112195504096 -0.03285876422092316 0.0079887199789507209 -0.045484546883005642 0.29268959580166021 -0.0071934165413892982 0.062539397075645722 -0.019511191626084369 0.029734363772142364 0.049176726589577439 -0.046795938102298505 -0.071429225253118803 -0.045460322862841941 -0.014561615781113927 -0.049519049687788919 0.0037566471169504594 0.036632973422447118 0.046747408608593284 0.055269066972288998 0.052911938462751509 -0.0036367372551302586 -0.046542477177564961 0.043320344330896245 0.05581350641913646
leaf_weight=578.38233027380193 20.284780957736075 3310.6335568580544 947.91349014425941 603.2656660140492 250.63584467605688 1813.0571286107006 15875.253386259123 11547.145077078661 6144.2317091550212 1219.5115833165764 251.7998360239435 9572.6542954630568 32807.293372867658 1876.9537275154726 73307.67762206684 1981.2764114537276 1745.941931538051 3713.9846340797376 112.55319164320827 439.91827539680526 403.25373709609266 975.23717857303564 17171.143206796027
leaf_count=195027 1612 1608313 101316 7666 67198 83551 1795407 561666 62316 358000 21211 1388382 5505066 869005 7260278 79702 47225 111283 1771 12440 3970 29958 528424
internal_value=0.00642691 -0.00045314 0.00846579 0.0637706 0.204618 0.00252118 -0.011065 -0.0022733 0.0364481 -0.00323932 -0.023415 -0.0316965 0.000397618 0.0186109 -0.00190338 0.0241533 0.0517998 0.0425129 0.0247682 0.0364383 -0.0238104 0.0550465 0.0551747
internal_weight=186670 162088 27432.3 2651.8 853.902 24780.5 17688.3 134655 7092.15 1797.89 15116.4 12883.3 119539 13424.1 106115 2233.08 24582.3 6415.65 2701.67 2185.86 515.807 18166.7 18146.4
internal_count=20700787 19964104 2670481 627891 74864 2042590 1878958 17293623 163632 553027 3097608 2996695 14196015 1430671 12765344 100913 736683 176689 65406 59665 5741 559994 558382
is_linear=0
shrinkage=0.0581682


Tree=115
num_leaves=21
num_cat=0
split_feature=18 0 10 4 3 3 4 22 0 1 21 7 6 21 12 6 21 4 0 10
split_gain=16255.7 756.311 751.2 747.725 1805.28 1348.74 239.487 289.947 179.992 233.321 83.9913 158.386 2201.12 82.2207 150.066 65.9772 232.927 56.8307 36.1388 8.28852
threshold=1.0000000180025095e-35 1.0000000180025095e-35 0.99999818205833446 170.18238830566409 136.47906494140628 171.47174835205081 6.4181721210479745 0.91597560048103344 0.92683368921279918 0.79363930225372326 -1.0000000180025095e-35 -3.10692286491394 5.8435316085815439 0.78656607866287243 1.1005851030349734 3.4019650220870976 0.60355338454246532 112.51851272583009 1.0000000180025095e-35 0.0004097924975212664
decision_type=2 10 10 10 10 10 10 2 8 10 2 2 10 2 10 10 2 10 8 8
left_child=1 -1 3 4 -3 -5 7 15 9 -9 18 12 -12 -4 -15 19 -17 -13 -8 -2
right_child=6 2 13 5 -6 -7 10 8 -10 -11 11 17 -14 14 -16 16 -18 -19 -20 -21
leaf_value=-0.057402785410995034 0 -0.00033323521150322545 -0.058666810218945813 -0.060918345420299357 0.033711195987088924 0.00014457816247030842 -0.018003012472930201 0.051433460564174513 0.057726970293228735 -0.03737726082662305 -0.26464320528145896 0.045703002281961579 0.045713553451502305 0.21220369811879261 -0.035206271809891679 0.049572596693804885 -0.16604133667635149 0.057107856131895257 0.05717107245232577 0.054003253762149234
leaf_weight=780.51382838626159 7.8283932197373352 149055.1218659202 807.85368516319431 1876.3486424669682 5458.2626363734598 3467.193750977458 11.745913893915711 125.39563025173265 139.96166855841875 406.48245273251086 75.325258713681251 2962.7052115701372 2322.8628508485854 6.6727496251696747 23.934910064912401 70.534160725772381 17.50728029711172 5267.989638755098 10977.221327920328 943.32919504004531
leaf_count=3522692 153 15445940 253582 432201 136126 151570 1400 1455 825 2242 2511 92265 68887 3309 18684 1142 214 164618 372984 27987
internal_value=0.00611356 -0.000441814 -0.000161104 0.000125185 0.000867747 -0.0212552 0.0514966 0.0298802 0 -0.0154456 0.0531826 0.0491276 0.0353328 -0.0549323 0.027234 0.0490679 0 0.0530776 0.0570473 0.053508
internal_weight=184805 161476 160695 159857 154513 5343.54 23328.9 1711.04 671.84 531.878 21617.9 10628.9 2398.19 838.461 30.6077 1039.2 88.0414 8230.69 10989 951.158
internal_count=20700787 19964104 16441412 16165837 15582066 583771 736683 34018 4522 3697 702665 328281 71398 275575 21993 29496 1356 256883 374384 28140
is_linear=0
shrinkage=0.0581682


Tree=116
num_leaves=24
num_cat=0
split_feature=18 21 10 11 22 22 7 1 2 8 3 4 20 20 9 21 20 21 4 21 17 10 22
split_gain=15325.5 733.477 705.017 836.326 5502.21 2701.38 560.811 578.87 2643.86 343.044 1230.47 236.428 322.727 444.222 249.914 88.5824 196.84 623.779 117.205 85.7952 141.516 35.3661 8.67879
threshold=1.0000000180025095e-35 0.98296290636062633 0.99999818205833446 0.9965992569923402 -0.91597560048103321 0.78656607866287243 11.307235240936281 37.562837600708015 44.766672134399421 -15.896526813507078 27.30353927612305 6.4181721210479745 51.500000000000007 129.50000000000003 -1.6939263939857481 -1.0000000180025095e-35 7.5000000000000009 1.0000000180025095e-35 129.43260192871097 0.78656607866287243 0.069399818778038039 1.0000000180025095e-35 -0.91597560048103321
decision_type=2 2 8 8 2 2 2 10 10 2 10 10 2 2 2 2 2 2 10 2 8 8 2
left_child=1 2 3 5 -5 -1 9 8 -8 10 -3 12 -2 14 -14 21 17 -17 -18 -4 -21 -13 -15
right_child=11 6 19 4 -6 -7 7 -9 -10 -11 -12 15 13 22 -16 16 18 -19 -20 20 -22 -23 -24
leaf_value=0.00048051002285643719 0.058163921479891037 0.52609841836403393 -0.058555486056873919 -0.058655121649873312 0.020278975139029893 -0.0342421785982569 -0.045355035684131156 -0.048632238936029165 0.71905901849123988 -0.058027549803281932 -0.04742377197671898 -0.017470701996446875 0.042314305297982177 0.011653243275230584 -0.050441687556518094 -0.12907033179420085 0.041838898251033416 0.043617675707491227 0.055781848191705403 0.20667272455292809 -0.033469241755600392 0.057105290571379794 0.056547817278450485
leaf_weight=124945.64543393385 728.33472781919409 11.455579358851535 763.64488445762981 3439.308498520666 22506.880861264624 8065.119697474729 46.121203292685095 59.766375533537939 17.589827175834216 1327.9774657661037 55.855771034373902 11.539985354989765 120.79911173367873 42.12766138149891 408.17071764555294 82.92068308359012 3769.6098012879957 362.17704869632144 5910.5705845374614 6.9030060561490272 21.955348388619313 10368.503870547982 348.77163814986125
leaf_count=13280701 20368 1503 253939 311538 1625834 3512524 23522 9384 801 885978 38668 1400 377 1425 5083 1994 123019 8903 194365 3148 16564 372984 6765
internal_value=0.00581128 -0.000418615 -3.30693e-05 0.000238031 0.0097923 -0.00162297 -0.0405928 0.0750918 0.192653 -0.051319 0.0709128 0.0511713 0.029297 0.00584125 -0.0283375 0.0529034 0.0486655 0.00961093 0.0504149 -0.0546106 0.0317279 0.0569766 0.0529016
internal_weight=183422 161268 159749 158957 25946.2 133011 1518.77 123.477 63.711 1395.29 67.3114 22153.5 1648.2 919.869 528.97 20505.3 10125.3 445.098 9680.18 792.503 28.8584 10380 390.899
internal_count=20700787 19964104 19004248 18730597 1937372 16793225 959856 33707 24323 926149 40171 736683 34018 13650 5460 702665 328281 10897 317384 273651 19712 374384 8190
is_linear=0
shrinkage=0.0581682


Tree=117
num_leaves=24
num_cat=0
split_feature=18 2 12 3 3 4 4 4 7 21 11 11 4 20 20 21 6 21 21 20 0 4 21
split_gain=14444.4 724.673 2049.69 2635.03 2210.67 1713 1602.24 1465.86 811.964 1375.78 1107.97 459.017 232.007 309.726 410.094 248.399 179.769 303.687 93.2212 194.697 529.648 121.736 72.75
threshold=1.0000000180025095e-35 0.33584953844547277 0.16262101382017138 2.9512569904327397 1.9713853001594546 9.2711071968078631 3.7096611261367802 9.2711071968078631 0.024466204456985 1.0000000180025095e-35 0.9965992569923402 0.059388082474470145 6.4181721210479745 51.500000000000007 129.50000000000003 0.12940952181816109 0.30292314291000372 0.12940952181816109 -1.0000000180025095e-35 7.5000000000000009 12.68697500228882 129.43260192871097 -0.7865660786628722
decision_type=2 10 8 10 10 10 10 10 2 2 10 10 10 2 2 2 10 2 2 2 10 10 2
left_child=1 8 4 6 5 -3 -4 -5 16 10 -10 -11 13 -2 15 -15 -1 -18 -14 20 -20 -21 -6
right_child=12 2 3 7 22 -7 -8 -9 9 11 -12 -13 18 14 -16 -17 17 -19 19 21 -22 -23 -24
leaf_value=-0.052514398524163196 0.058059292031455149 0.023693299395607832 -0.012717868948846332 0.011031279912574223 -0.0018340260700591062 0.091248477713705492 -0.057539245722220092 -0.0027411709471372512 -0.058480856200792672 0.029967604288814904 0.040076816615541626 -0.053340451940848077 0.056902331286546412 0.050494687999843919 0.052454701766323511 -0.047033228024969925 -0.061011223502290032 0.11939248029323313 0.034977460850796942 0.041129112775595465 -0.14892247290327407 0.055637964110895818 -0.05356026028189876
leaf_weight=2044.4069642628892 688.38767219218425 7758.1668854042073 8631.1519501293878 36028.329389335035 118.43196029563842 1524.4372767232489 3946.5899683736861 95256.623903323285 463.4773248291167 248.75385918107349 2147.7551976998802 1678.4679753887467 9805.4622216576245 103.97709802724421 372.42402044078335 422.49897411791608 63.913978767937806 52.815757225638663 383.79095931432676 3616.2532843856607 56.680680715478957 5590.5878049329622 1081.0953485458595
leaf_count=1680300 20368 327657 796328 1462129 221696 135203 526464 13424625 92857 50766 121853 140578 374384 2091 8190 3369 5109 4333 9284 123019 1613 194365 974206
internal_value=0.00551772 -0.000402096 0.000408566 -0.00139852 0.0252382 0.0348685 -0.0268286 0.00103559 -0.0191255 -0.00503872 0.0223621 -0.0423374 0.0508386 0.0287629 0.00571262 -0.026762 -0.0484539 0.0186951 0.0526125 0.0481871 0.00917796 0.0500048 -0.0488097
internal_weight=182084 161044 154345 143863 10482.1 9282.6 12577.7 131285 6699.59 4538.45 2611.23 1927.22 21040.1 1587.29 898.9 526.476 2161.14 116.73 19452.8 9647.31 440.472 9206.84 1199.53
internal_count=20700787 19964104 17868308 16209546 1658762 462860 1322792 14886754 2095796 406054 214710 191344 736683 34018 13650 5460 1689742 9442 702665 328281 10897 317384 1195902
is_linear=0
shrinkage=0.0581682


Tree=118
num_leaves=24
num_cat=0
split_feature=18 2 21 7 12 21 2 0 8 9 4 11 11 21 11 8 4 8 11 8 21 7 6
split_gain=13604 701.491 3431.29 2604.73 2098.63 2335.16 4539.07 3356.52 2201.06 1930.47 1756.71 3449.49 1622.57 1057.65 713.806 447.367 226.896 235.694 198.13 255.463 97.8228 179.844 1778.59
threshold=1.0000000180025095e-35 5.4462432861328134 -1.0000000180025095e-35 0.805131494998932 1.6479472517967226 1.0000000180025095e-35 10.524652481079103 2.9595698118209843 -1.3634731769561765 1.6182907223701479 1.3813896179199221 0.54019388556480419 0.13467812538146975 0.37940952181816107 0.99999943375587474 -9.1331305503845197 6.4181721210479745 -1.0000000180025095e-35 0.75261917710304271 -1.7288997173309324 -1.0000000180025095e-35 -3.10692286491394 5.8435316085815439
decision_type=2 10 2 2 8 2 8 8 2 2 8 10 10 2 10 2 10 2 10 2 2 2 10
left_child=1 2 10 9 8 6 -6 -7 15 -4 11 -1 -10 -5 -12 -3 17 18 -2 -20 -18 22 -22
right_child=16 4 3 13 5 7 -8 -9 12 -11 14 -13 -14 -15 -16 -17 20 -19 19 -21 21 -23 -24
leaf_value=0.15376997682784016 0.05090751358445704 0.030138698803180913 0.0026593366121872501 -0.060608157311816048 -0.048926161006901198 0.0083551999027177207 0.0087113746762356465 -0.034339583961983056 -0.041649914480138807 0.048785759991837305 -0.056605133537736316 -0.023229299674325937 0.045115573293811294 -0.0032166439901904825 0.00049749086746527611 -0.047490576243071299 0.056813871943921193 0.04643003747306601 0.059866798878045378 -0.046639778099852688 -0.21380080094328521 0.052222839380941306 0.043784138402809147
leaf_weight=429.50269060127175 174.89918984600808 295.04238515024917 32401.637161665756 2912.3881690835988 4952.7009678652175 11042.5290162604 68348.477064688777 14251.949164971498 789.9125991800247 3390.1905286475958 6765.9055844107424 2628.0891624302894 8450.6489579063564 1756.3596215816797 816.07998651397065 1423.3379587161035 9265.3640660415986 932.38010902015958 92.112017385661602 328.51511657238007 90.219561667996459 7092.9952068572165 2013.5969388909871
leaf_count=342741 3962 197077 3377709 196966 870835 1358242 3844413 4234398 954802 58010 2235303 374882 371981 353089 208904 984752 374384 27850 58 2148 2511 256883 68887
internal_value=0.00524125 -0.000387564 -0.00601738 0.00170376 0.00223488 -0.000445674 0.00480887 -0.0156868 0.0263782 0.00704501 -0.0354056 0.00168897 0.0376392 -0.0391264 -0.0504097 -0.0338874 0.0504886 0.0282397 0 -0.0219999 0.0523011 0.0476864 0.0321257
internal_weight=180645 160655 51100.2 40460.6 109555 98595.7 73301.2 25294.5 10958.9 35791.8 10639.6 3057.59 9240.56 4668.75 7581.99 1718.38 19990.1 1527.91 595.526 420.627 18462.2 9196.81 2103.82
internal_count=20700787 19964104 7147604 3985774 12816500 10307888 4715248 5592640 2508612 3435719 3161830 717623 1326783 550055 2444207 1181829 736683 34018 6168 2206 702665 328281 71398
is_linear=0
shrinkage=0.0581682


Tree=119
num_leaves=22
num_cat=0
split_feature=18 0 4 3 3 0 11 4 22 8 6 1 20 0 11 10 22 21 4 0 21
split_gain=12804.7 696.111 660.698 1618.25 1275.01 1233.82 907.234 856.167 223.801 435.843 377.755 3090.52 255.879 71.0174 23.4246 22.5156 202.489 22.2863 89.0342 17.0952 9.25365
threshold=1.0000000180025095e-35 1.0000000180025095e-35 170.18238830566409 136.47906494140628 171.47174835205081 0.23178546875715259 0.77988579869270336 30.95413970947266 0.78656607866287243 -1.0000000180025095e-35 6.1331489086151132 9.3483510017395037 4.5000000000000009 1.0000000180025095e-35 0.94035691022872936 0.98217648267745983 0.37940952181816107 0.37940952181816107 81.461826324462905 1.0000000180025095e-35 0.37940952181816107
decision_type=2 10 10 10 10 10 10 10 2 2 10 10 2 8 10 10 2 2 10 8 2
left_child=1 -1 3 7 14 -5 -6 -3 13 10 11 -10 -12 -2 -4 20 -17 19 -19 -11 -15
right_child=8 2 4 5 6 -7 -8 -9 9 17 12 -13 -14 15 -16 16 -18 18 -20 -21 -22
leaf_value=-0.057330787888345447 -0.034838174037526488 0.0027480716682190755 -0.056898378875190427 0.26498425073600251 -0.027366588986676058 0.028337940462035006 0.032329820140374589 -0.0064494981400136462 0.013048016279001158 0 -0.039450723596663628 -0.54175131237170315 0.053084868940602117 0.056518158404500272 -0.086526646432486559 0.049219844689242676 -0.1924000984143559 0 0.055915682761580175 0.057306160865360667 0.05139253865195486
leaf_weight=718.51240660154144 22.134992345236242 94916.104361171281 1609.1467478535487 71.742351671680808 1859.5991350574186 5357.9620768624591 1596.8833866119385 53552.547598596575 1089.8038520846749 5.7665626807138315 104.28042230778374 30.650829453836195 993.92416040634271 8102.3013302905019 176.84611140924972 100.49577451881487 8.4873398509807867 141.22197083069477 304.26525951444637 2421.1617589957314 5675.3558935972396
leaf_count=3522692 1612 7627155 431094 1908 149257 134218 2313 8094360 23795 533 3195 1118 37298 337531 1107 3672 255 5169 11546 94035 216924
internal_value=0.00498456 -0.000379137 -0.000117921 0.000571571 -0.0204182 0.0317501 0.000103799 -0.000566894 0.0501238 0.0393163 0.0196118 -0.00383411 0.0438142 0.0540374 -0.0602602 0.0542188 0.0201512 0.0543443 0.0384123 0.05703 0.0544528
internal_weight=178859 159859 159141 153898 5242.48 5429.7 3456.48 148469 18999.9 5091.07 2218.66 1120.45 1098.2 13908.8 1785.99 13886.6 108.983 2872.42 445.487 2426.93 13777.7
internal_count=20700787 19964104 16441412 15857641 583771 136126 151570 15721515 736683 176689 65406 24913 40493 559994 432201 558382 3927 111283 16715 94568 554455
is_linear=0
shrinkage=0.0581682


Tree=120
num_leaves=24
num_cat=0
split_feature=18 9 8 3 4 0 10 9 10 21 3 21 10 4 21 21 4 20 20 9 21 20 21
split_gain=12032.9 674.417 2413.8 4903.02 2611.89 4158.46 2556.07 2106.08 2954.35 1577.51 3574.87 3431 1548.66 1335.19 941.53 423.401 231.777 303.393 375.827 226.016 107.375 205.746 523.212
threshold=1.0000000180025095e-35 1.6182907223701479 0.64344859123229992 7.5435767173767099 26.399987220764164 2.3913505077362065 0.44776910543441778 0.40904732048511511 0.21089407801628116 0.12940952181816109 9.8936591148376483 -0.6035533845424651 0.58742189407348644 105.275691986084 -0.7865660786628722 0.60355338454246532 6.4181721210479745 51.500000000000007 129.50000000000003 -2.0892679691314693 -1.0000000180025095e-35 7.5000000000000009 1.0000000180025095e-35
decision_type=2 2 2 10 8 10 10 2 10 2 8 2 10 10 2 2 10 2 2 2 2 2 2
left_child=1 7 4 14 5 -3 -5 9 15 11 -11 -1 -10 -6 -4 -9 17 -2 19 -19 -18 22 -22
right_child=16 2 3 6 13 -7 -8 8 12 10 -12 -13 -14 -15 -16 -17 20 18 -20 -21 21 -23 -24
leaf_value=0.0074718000200023485 0.057970402042088483 0.028551241290120891 0.024987750622216424 -0.0096302475402315745 -0.039034651964011569 0.1483169195151785 0.015649513191262461 -0.05773921693164457 0.016224436915850488 0.016934317657351268 -0.038109541233602474 -0.02750417146134438 -0.053377820742785985 0.031580095952490513 -0.060829897284242394 -0.022952630269401884 0.05663643139577057 0.046891587762341265 0.051334687635606176 -0.048273437059567201 -0.11362585098401223 0.048709596063082124 0.041521774790757596
leaf_weight=21618.429020262967 595.50386814307421 8224.1805571745172 463.84524056094233 24952.643774849159 2510.9539993902326 1113.0997744665947 29536.754423870938 5680.6962250678407 5599.8040513104061 29076.099933738362 4619.9292070192678 16891.898652141139 1335.2310708656441 1406.7032200829417 5041.3119732280902 1558.9654561406278 8286.1021227210294 99.090859424788505 328.98044536088128 398.12050998269115 90.715343744494021 7968.0146461314289 316.45587257028092
leaf_count=2961077 20368 386280 136629 2480971 1128088 52030 1384336 1385820 337031 2068589 3107691 2533001 261170 592742 488086 660563 374384 278 8190 5182 1994 317384 8903
internal_value=0.00473246 -0.000359943 0.00374298 -0.0012145 0.0262046 0.0429343 0.00406585 -0.00384378 -0.0243398 0.000175479 0.00937165 -0.00786085 0.00274083 -0.0135706 -0.0535127 -0.0503219 0.0496977 0.0264436 0.00305297 -0.028268 0.0516505 0.0466429 0.005142
internal_weight=177714 159631 73249.5 59994.6 13254.9 9337.28 54489.4 86381.1 14174.7 72206.4 33696 38510.3 6935.04 3917.66 5505.16 7239.66 18083 1421.7 826.192 497.211 16661.3 8375.19 407.171
internal_count=20700787 19964104 6649162 4490022 2159140 438310 3865307 13314942 2644584 10670358 5176280 5494078 598201 1720830 624715 2046383 736683 34018 13650 5460 702665 328281 10897
is_linear=0
shrinkage=0.0581682


Tree=121
num_leaves=21
num_cat=0
split_feature=18 10 10 11 22 22 22 8 6 1 10 21 12 0 21 4 10 22 0 21
split_gain=11314.4 654.832 644.193 783.162 4902.48 2261.7 235.66 438.819 358.024 1817.45 189.032 81.5124 112.972 71.1229 25.4853 90.5974 24.7983 169.318 17.9189 11.7731
threshold=1.0000000180025095e-35 1.0000000180025095e-35 0.99999818205833446 0.9965992569923402 -0.91597560048103321 -0.37940952181816096 0.78656607866287243 -1.0000000180025095e-35 6.1331489086151132 8.7413129806518572 0.053383499383926399 0.78656607866287243 1.1005851030349734 1.0000000180025095e-35 0.37940952181816107 81.461826324462905 0.98217648267745983 0.37940952181816107 1.0000000180025095e-35 0.37940952181816107
decision_type=2 10 10 10 2 2 2 2 10 10 10 2 10 8 2 10 10 2 8 2
left_child=1 -1 3 5 -5 -3 13 8 9 -8 -10 -4 -13 -2 18 -16 19 -18 -9 -15
right_child=6 2 11 4 -6 -7 7 14 10 -11 -12 12 -14 16 15 -17 17 -19 -20 -21
leaf_value=-0.057273113855360165 -0.035033169793866385 0.0044403873633298944 -0.058445402312861626 -0.05848186950159677 0.018860942477049399 -0.011169363169476636 0.013878706035228209 0 0.055596844922315439 -0.29490875445951681 -0.0041635173624165718 0.17009590504314068 -0.033331166565399833 0.056312636456888693 0 0.055660478523889258 0.048389859910933662 -0.16077417102770561 0.057192203340939246 0.050672618846724207
leaf_weight=676.59425247626496 22.360527187585831 80193.468037942759 706.31475912212045 3152.8938638889813 22696.813802401593 51602.397533738505 1023.0941909786779 6.0609525488689533 797.06382660265081 64.363528013578616 214.28888603433734 8.7126903667813185 21.820123836281709 7249.804057380883 135.15039775788318 274.16443670896115 91.70318407821469 10.344303394318556 2172.453320476925 5137.6610404872918
leaf_count=3522692 1612 5463739 253582 300136 1514440 8887522 23289 533 31150 1624 9343 3309 18684 337531 5169 11546 3672 255 94035 216924
internal_value=0.00448981 -0.000354365 -0.000107112 0.000144737 0.00940366 -0.00166849 0.0493026 0.0378044 0.017702 -0.00514712 0.0425789 -0.054208 0.0274174 0.0535629 0.0538965 0.0366753 0.0537657 0.0176734 0.0568691 0.0540245
internal_weight=176258 159059 158382 157646 25849.7 131796 17198.5 4686.64 2098.81 1087.46 1011.35 736.848 30.5328 12511.9 2587.83 409.315 12489.5 102.047 2178.51 12387.5
internal_count=20700787 19964104 16441412 16165837 1814576 14351261 736683 176689 65406 24913 40493 275575 21993 559994 111283 16715 558382 3927 94568 554455
is_linear=0
shrinkage=0.0581682


Tree=122
num_leaves=24
num_cat=0
split_feature=18 4 21 4 22 12 21 10 22 22 10 5 22 8 4 21 0 14 8 0 21 4 10
split_gain=10619 666.563 1001.77 957.086 3150.75 2621.61 2302.73 2092.57 1519.07 389.867 613.869 305.925 243.37 436.523 337.882 488.262 322.657 172.535 78.9317 68.0586 26.8615 88.5109 25.574
threshold=1.0000000180025095e-35 0.28894722461700445 -0.37940952181816096 2.0367377996444707 -0.6035533845424651 0.559277504682541 0.60355338454246532 0.41009467840194708 -0.7865660786628722 -0.12940952181816107 0.21089407801628116 0.34245626628398901 0.78656607866287243 -1.0000000180025095e-35 129.43260192871097 0.37940952181816107 12.68697500228882 75.594505310058608 -0.37929311394691462 1.0000000180025095e-35 0.37940952181816107 81.461826324462905 0.98217648267745983
decision_type=2 10 2 8 2 10 2 10 2 2 8 10 2 2 10 2 10 2 2 8 2 10 10
left_child=1 2 9 4 11 6 -5 -6 -7 10 -1 -3 19 14 15 -14 -16 -11 -4 -2 -15 -22 -21
right_child=12 3 18 5 7 8 -8 -9 -10 17 -12 -13 13 20 16 -17 -18 -19 -20 22 21 -23 -24
leaf_value=0.2076323832557018 -0.034296448174363392 -0.055375069636353233 0.10062779089713648 -0.048243164517725819 0.038369146657851148 0.0079919792519426332 0 -0.01970343819570828 -0.0047080043361246429 -0.055788170139454141 0.022294921314061824 -0.0051639841746549051 0.012733638567543802 0.056784914630973099 0.056500363121561509 -0.08970585523784419 -0.061978526390354866 0.14529917863142064 -0.061684053257503188 0.053789843352400078 0 0.055513914422304141 0.01668930246558133
leaf_weight=65.704849683112116 21.628613269887865 2002.0522833858486 4.5715051410588776 7189.9112272851416 9880.3247396060215 59560.903024933796 6284.4875319821222 2652.7256105137058 68498.45838572213 221.91652857031295 514.87098922948644 540.02351088866999 1029.8642448523315 2058.0381568864686 779.71382031729445 181.01718488178449 79.578045689268038 10.28428830548364 1447.0174557101273 11737.680601777043 135.15039775788318 259.34623851737706 99.508503935241606
leaf_count=137301 1612 201105 8812 3236320 479084 2887386 1597157 246384 10514067 122320 44617 63146 25898 94568 30310 5872 3326 4788 421617 554455 5169 11546 3927
internal_value=0.00425695 -0.000338849 -0.0316426 0.000112094 0.0140455 -0.00136956 -0.0257722 0.0260432 0.00119577 0.019628 0.0453553 -0.0448924 0.0488409 0.0369902 0.0169848 -0.00252153 0.0448068 -0.0426606 -0.0605965 0.0533115 0.0536537 0.0358731 0.0535179
internal_weight=175255 158873 2264.37 156609 15075.1 141534 13474.4 12533.1 128059 812.777 580.576 2542.08 16381.5 4522.71 2070.17 1210.88 859.292 232.201 1451.59 11858.8 2452.53 394.497 11837.2
internal_count=20700787 19964104 739455 19224649 989719 18234930 4833477 725468 13401453 309026 181918 264251 736683 176689 65406 31770 33636 127108 430429 559994 111283 16715 558382
is_linear=0
shrinkage=0.0581682


Tree=123
num_leaves=24
num_cat=0
split_feature=18 2 5 3 4 5 11 22 2 10 21 22 10 22 21 22 8 0 11 22 4 9 0
split_gain=9958.52 687.389 2672.67 3606.88 1530.98 3231.28 3438.49 2696.58 4727.69 2246.73 2096.92 992.789 790.997 303.601 254.024 399.162 415.191 469.083 266.938 220.292 160.785 151.352 54.6484
threshold=1.0000000180025095e-35 67.161045074462905 9.0874609947204608 89.301269531250014 30.95413970947266 8.4946322441101092 0.83706271648406994 -0.12940952181816107 39.014364242553718 0.72362422943115245 -0.98296290636062611 -0.91597560048103321 0.72362422943115245 0.98296290636062633 -1.0000000180025095e-35 0.78656607866287243 -1.0000000180025095e-35 11.80165481567383 0.99999806284904491 -0.6035533845424651 7.3161756992340097 -34.654621124267571 1.0000000180025095e-35
decision_type=2 10 10 10 8 10 8 2 10 10 2 2 10 2 2 2 2 10 10 2 10 2 8
left_child=1 4 3 19 5 6 -1 9 -9 -6 -7 -4 -13 -5 22 18 17 -17 21 -3 -20 -16 -2
right_child=14 2 11 13 7 10 -8 8 -10 -11 -12 12 -14 -15 15 16 -18 -19 20 -21 -22 -23 -24
leaf_value=0.007731284727088574 -0.028632704069863939 -0.011916979833219486 -0.058420545861807567 -0.034704744443366811 -0.039904731865047019 0.18871923188737086 -0.016363908816512243 -0.038565624310538907 0.020769223068937154 0.0088448352174307406 0.040998242413969467 0.0051500342289232176 0.063221610064076825 0.21863880530261315 0.0063233740012919055 0.0077820108646857056 0.048831150923269388 -0.18847157871960402 -0.1584545426165814 0.22751851576723067 0.031411855800731463 0.053454093450850261 0.056619299105057828
leaf_weight=61487.537553531314 16.842140063643456 9.7057321469037543 801.02359554119175 354.11287186190748 13566.341710384917 360.6126601966098 29721.604378052296 6589.6319238149699 14602.127358159916 4167.078149845358 3213.367717838817 22357.527130744929 820.34213513403665 12.07822196359484 262.66696099779801 1488.0969011461129 1133.9595917339902 37.930234770756215 29.008466679661069 440.19672702465323 20.024235820397735 5241.0326906035189 7380.6379846236086
leaf_count=6528791 1470 4769 120002 199988 4042641 15505 3270814 3854402 1028389 43408 112055 710123 2827 10733 11941 41229 48170 1284 858 19657 850 245417 385464
internal_value=0.00403695 -0.000326784 0.0085647 0.11182 -0.00197884 0.00200643 -0.000116466 -0.0116924 0.00229592 -0.0284275 0.0562283 0.00501403 0.00723419 -0.0227763 0.0483587 0.0410817 0.022228 0.00211573 0.0500169 0.22141 -0.0772529 0.051284 0.0563544
internal_weight=174113 158503 24795 816.094 133708 94783.1 91209.1 38925.2 21191.8 17733.4 3573.98 23978.9 23177.9 366.191 15610.2 8212.72 2659.99 1526.03 5552.73 449.902 49.0327 5503.7 7397.48
internal_count=20700787 19964104 1068099 235147 18896005 9927165 9799605 8968840 4882791 4086049 127560 832952 712950 210721 736683 349749 90683 42513 259066 24426 1708 257358 386934
is_linear=0
shrinkage=0.0581682


Tree=124
num_leaves=24
num_cat=0
split_feature=18 7 22 6 4 0 9 21 3 21 8 3 21 21 22 8 4 11 20 11 4 7 0
split_gain=9333.93 678.901 3507.68 3303.07 7325.97 2016.04 996.618 2431.77 2983.4 2420.48 2377 4485.58 2109.95 263.045 398.679 397.815 373.966 243.545 288.638 235.129 434.64 158.246 52.8315
threshold=1.0000000180025095e-35 -8.0257854461669904 -0.6035533845424651 10.498467445373537 99.151592254638686 3.2948176860809331 1.6182907223701479 -1.0000000180025095e-35 9.8936591148376483 -0.6035533845424651 0.64344859123229992 7.5435767173767099 0.12940952181816109 -1.0000000180025095e-35 0.78656607866287243 -1.0000000180025095e-35 129.43260192871097 0.99999806284904491 122.50000000000001 0.89355298876762401 140.64385986328128 -18.60026931762695 1.0000000180025095e-35
decision_type=2 2 2 10 10 10 2 2 8 2 2 10 2 2 2 2 10 10 2 10 10 2 8
left_child=1 2 19 4 -4 -5 7 9 -9 -3 12 -12 -8 22 17 16 -16 21 -19 -1 -21 -15 -2
right_child=13 6 3 5 -6 -7 10 8 -10 -11 11 -13 -14 14 15 -17 -18 18 -20 20 -22 -23 -24
leaf_value=-0.058910182689465511 -0.027923600286224325 -0.0090667990891377601 0.13583147491196407 -0.038425558853062744 1.256714338563828 0.040678199428592757 0.036918658198320159 0.0058477700168049025 -0.042088532529473241 -0.04900394895358174 -0.05265976758618434 0.0035885134801022316 -0.024775689974134672 0.0044476543968995693 -0.020436049119290828 0.048352214449770579 0.038565731364812415 0.022945891299911005 -0.23418772000057458 -0.048966157723806678 0.038137069036860191 0.053209506925710727 0.056524266613459134
leaf_weight=1630.6587153391156 16.390535374172032 17140.031069129305 183.11505861471232 1309.0175435038982 18.152203314035432 6307.6635039744724 10693.317069628312 45792.462118683819 4854.0724097098719 7349.6662752277844 5257.5158578894043 54245.144725568738 2263.1530116300637 255.51804506883491 940.49389177619014 1080.2129970855312 585.04193835542537 35.579700666014105 17.763547807349823 589.46772696748667 279.14080041786656 4975.0853949360317 6974.9445671771537
leaf_count=300158 1470 3393890 35834 274480 4037 418002 1084771 3205928 3777812 1889570 624715 3855963 1029313 11828 20655 48170 21858 1329 379 68842 789 245530 385464
internal_value=0.00382755 -0.000320624 0.0140984 0.0333027 0.263583 0.0270166 -0.00133164 -0.00602734 0.00124232 -0.0210754 0.00353213 -0.00137828 0.0261068 0.0478605 0.0403469 0.0214033 0.00197635 0.0495878 -0.0670962 -0.0457679 -0.0204664 0.0509094 0.0562519
internal_weight=172794 157913 10317.2 7817.95 201.267 7616.68 147595 75136.2 50646.5 24489.7 72459.1 59502.7 12956.5 14881 7889.7 2605.75 1525.54 5283.95 53.3432 2499.27 868.609 5230.6 6991.34
internal_count=20700787 19964104 1102142 732353 39871 692482 18861962 12267200 6983740 5283460 6594762 4480678 2114084 736683 349749 90683 42513 259066 1708 369789 69631 257358 386934
is_linear=0
shrinkage=0.0581682


Tree=125
num_leaves=24
num_cat=0
split_feature=18 9 11 8 6 14 4 11 21 10 8 8 4 21 3 9 21 8 11 7 12 10 20
split_gain=8752.6 646.224 2369.65 5384.43 3013.1 2760.53 2692.78 3069.66 2424.26 2010.37 3352.73 2073.51 17032.9 1905.77 1120.28 317.413 269.627 316.192 383.308 358.874 316.234 111.203 113.412
threshold=1.0000000180025095e-35 -4.9400854110717765 0.39200329780578619 2.9492456912994389 19.164445877075199 10.064102649688722 10.414273738861086 0.91762039065361034 -0.98296290636062611 0.11711372807621957 0.22902354598045352 -4.785083293914794 21.005540847778324 -0.7865660786628722 116.18691253662111 2.7435839176177983 -1.0000000180025095e-35 -1.0000000180025095e-35 0.75261917710304271 -3.10692286491394 1.348895847797394 0.80695226788520824 122.50000000000001
decision_type=2 2 8 2 10 2 8 10 2 10 2 2 10 2 10 2 2 2 10 2 10 10 2
left_child=1 2 3 5 -5 -1 7 -4 -8 10 13 12 -11 -3 -13 -12 -2 18 19 -18 -20 -19 -23
right_child=16 9 6 4 -6 -7 8 -9 -10 11 15 14 -14 -15 -16 -17 17 21 20 -21 -22 22 -24
leaf_value=0.32785979560702572 0.056143845969839297 -0.050017983061751009 0.048329630930923587 -0.05500929131923251 0.21037406505821379 -0.020595178009721125 0.049178037288637039 -0.06189165748956256 -0.018706729870939364 1.4242395679085016 -0.054170867581036543 -0.00027547956449883111 0.036010643651373485 0.00080294031096966737 0.021780100584146398 -0.02659257697892058 0.0045687945064327683 0.050754873585413966 -0.056181257283913363 0.049451651445683191 0.055831846574547012 0.042418076977891163 -0.095164535732416927
leaf_weight=76.334950392239989 6608.1076876760344 2768.6877725707782 5958.8956157148932 169.98253415539511 841.94483374658739 1614.6841708871361 2017.1236551174516 991.22263431928877 14770.537401876365 27.238835890660994 5890.3470858939181 86254.874154374527 566.55956258045626 24911.134714862888 8558.2367629776709 1962.1974641570123 971.39687658386538 4428.4798192605958 311.92150650429539 1683.0397064553108 109.7063994538039 36.971946608275175 32.514170845970511
leaf_count=22822 386934 1680133 25167 62961 20030 522078 91406 75542 1850475 4503 1992628 6307365 95298 6551588 68261 593847 40878 225336 1944 77654 1682 1382 873
internal_value=0.00362196 -0.000320101 0.0079708 0.059535 0.165358 -0.0038203 0.00207261 0.0325234 -0.0105155 -0.00199755 -0.0138087 0.00239754 0.110365 -0.00427319 0.00171207 -0.0473491 0.0473818 0.0396565 0.0249647 0.0332114 -0.0258244 0.0495811 -0.0183975
internal_weight=171562 157380 26440.7 2702.95 1011.93 1691.02 23737.8 6950.12 16787.7 130939 35532.4 95406.9 593.798 27679.8 94813.1 7852.54 14182.1 7574.03 3076.06 2654.44 421.628 4497.97 69.4861
internal_count=20700787 19964104 2670481 627891 82991 544900 2042590 100709 1941881 17293623 10818196 6475427 99801 8231721 6375626 2586475 736683 349749 122158 118532 3626 227591 2255
is_linear=0
shrinkage=0.0581682


Tree=126
num_leaves=24
num_cat=0
split_feature=18 21 4 11 4 2 12 4 7 5 2 8 0 21 22 8 0 2 11 20 7 0 4
split_gain=8211.23 632.039 615.167 1043.52 1639.15 953.102 2795.55 1252.2 523.714 478.187 1311.3 337.373 736.527 272.836 392.921 369.183 383.556 260.19 224.464 189.717 159.098 54.2491 40.1374
threshold=1.0000000180025095e-35 0.98296290636062633 170.18238830566409 0.80899307131767284 196.68415832519534 67.161045074462905 9.0802841186523455 30.95413970947266 11.307235240936281 12.535911560058596 44.766672134399421 -15.896526813507078 0.18137733638286593 -1.0000000180025095e-35 0.78656607866287243 -1.0000000180025095e-35 11.80165481567383 108.40637969970705 0.99999806284904491 78.500000000000014 -18.60026931762695 1.0000000180025095e-35 71.715438842773452
decision_type=2 2 8 10 10 10 10 8 2 10 10 2 10 2 2 2 10 10 10 2 2 8 10
left_child=1 2 5 17 -5 7 -7 -1 11 10 -10 12 -3 21 18 16 -16 -4 20 -20 -15 -2 -17
right_child=13 8 3 4 -6 6 -8 -9 9 -11 -12 -13 -14 14 15 22 -18 -19 19 -21 -22 -23 -24
leaf_value=0.0024561168280623387 -0.028622564292968732 0.3444597144982493 -0.059314876619540595 -0.058220416353056401 0.056360932235943004 0.12483841916155003 0.0082292881359117883 -0.010202299358112892 -0.043728638278829245 -0.04825413104228831 0.43118132372711626 -0.057987172954804871 -0.04615641452451813 0.003132123246550505 0.0066447341358615575 0.026807763568026551 -0.16114060838169431 -0.025234316907100596 0.037632440328673154 -0.15519421269724226 0.05266218933626067 0.056319215131201354 0.056008492832939565
leaf_weight=92967.861000190926 16.835551107302308 18.596155742299743 1361.8029554993554 652.90554478758713 1171.2416789213021 717.43896471736662 19752.623832692465 36934.900726373628 40.550289125647396 57.253678625798784 30.423313211416826 1205.6609897714225 49.377799045236316 249.31578007969074 1426.0554018729599 310.72382532170741 43.20105909765698 1875.222620944638 27.381673416122794 29.475309589644894 4508.600982801232 6232.6975241765613 668.52671027078759
leaf_count=9478157 1470 9637 527283 5019 1102 149187 652478 8087557 23525 9454 728 885978 30534 11828 41229 12187 1284 103465 1075 633 245530 385464 35983
internal_value=0.00341927 -0.000327367 2.12961e-05 -0.0199137 0.0150901 0.000695471 0.0123616 -0.00114017 -0.0391487 0.0699486 0.167841 -0.0506473 0.0696428 0.0469199 0.0390174 0.0197197 0.000974386 -0.0397559 0.0487214 -0.0597898 0.0501558 0.0560067 0.0473095
internal_weight=170349 156836 155434 5061.17 1824.15 150373 20470.1 129903 1401.86 128.227 70.9736 1273.63 67.974 13512.8 7263.28 2448.51 1469.26 3237.03 4814.77 56.857 4757.92 6249.53 979.251
internal_count=20700787 19964104 19004248 636869 6121 18367379 801665 17565714 959856 33707 24253 926149 40171 736683 349749 90683 42513 630748 259066 1708 257358 386934 48170
is_linear=0
shrinkage=0.0581682


Tree=127
num_leaves=24
num_cat=0
split_feature=18 7 22 10 0 9 22 11 21 21 21 3 22 21 22 8 10 11 3 11 9 20 0
split_gain=7680.25 620.13 2923.88 1977.79 2219.91 775.365 2273.73 3419 3186.92 1566.53 3126.96 2580.17 361.407 281.153 389.61 352.107 334.939 265.528 284.202 207.544 158.951 147.439 52.4254
threshold=1.0000000180025095e-35 -13.04354667663574 -0.12940952181816107 0.053383499383926399 5.5201516151428232 1.6182907223701479 -0.7865660786628722 0.56196457147598278 0.37940952181816107 -1.0000000180025095e-35 -0.6035533845424651 9.8936591148376483 0.91597560048103344 -1.0000000180025095e-35 0.78656607866287243 -1.0000000180025095e-35 0.053383499383926399 0.83706271648406994 56.704708099365241 0.99999806284904491 -34.654621124267571 78.500000000000014 1.0000000180025095e-35
decision_type=2 2 2 10 10 2 2 8 2 2 2 8 2 2 2 2 10 10 10 10 2 2 8
left_child=1 2 17 12 -5 9 8 -8 -7 10 -3 -11 -4 22 19 16 -16 -1 -19 20 -15 -21 -2
right_child=13 5 3 4 -6 6 7 -9 -10 11 -12 -13 -14 14 15 -17 -18 18 -20 21 -22 -23 -24
leaf_value=-0.060130355936098195 -0.027913563487680995 -0.0040851374212284358 -0.044307971127739217 0.16100083756926617 0.040848830215800852 0.011558367006436511 0.011332536909882517 -0.022670954370455073 0.12153396055127748 0.0053334077045617059 -0.048567616084105675 -0.037099069726817577 0.057516598461320498 0.0021670984804066503 0.018179301989178068 0.04678392537731918 -0.043844957701418767 -0.05292911699943776 0.01635855112076335 0.036954586016921462 0.052328128405043001 -0.12837885848025982 0.056208116447238471
leaf_weight=1173.7430931439885 16.384272787719965 19034.451474546648 867.8918223639339 627.51694647339173 3092.2450681037153 31502.236181393047 19567.859048014063 20447.020594831527 914.2283659076711 45612.984445439484 7444.9882755689578 5420.4734962353323 129.36883461133402 242.87786835961742 1068.7661236569984 934.80320789973484 401.24469829967711 366.65062289450725 419.74181718064938 26.37274725921452 4284.3480241429061 34.312507722759619 5891.7920899090241
leaf_count=175648 1470 3516767 116856 33954 108966 1096142 2607837 2598792 328625 3208197 1963366 4106007 25587 11941 37114 48170 5399 61842 15518 1075 245417 633 385464
internal_value=0.00323829 -0.000313135 0.0170222 0.041868 0.0613916 -0.00108823 0.0032354 -0.00603337 0.0146883 -0.00513351 -0.0166129 0.000815859 -0.0305062 0.0463701 0.0382423 0.0189537 0.000898851 -0.0425257 -0.015557 0.048238 0.0497298 -0.0527615 0.0558868
internal_weight=169522 156621 6677.16 4717.02 3719.76 149944 72431.3 40014.9 32416.5 77512.9 26479.4 51033.5 997.261 12900.9 6992.73 2404.81 1470.01 1960.14 786.392 4587.91 4527.23 60.6853 5908.18
internal_count=20700787 19964104 538371 285363 142920 19425733 6631396 5206629 1424767 12794337 5480133 7314204 142443 736683 349749 90683 42513 253008 77360 259066 257358 1708 386934
is_linear=0
shrinkage=0.0581682


Tree=128
num_leaves=24
num_cat=0
split_feature=18 11 22 3 22 11 3 3 3 11 7 22 6 7 20 4 20 9 0 7 11 2 12
split_gain=7186.85 603.086 4459.58 2257.18 1946.03 10618.4 3661.84 1384.46 2854.78 411.722 503.762 266.902 338.61 656.231 2183.87 238.541 214.817 448.023 69.8288 62.9278 2946.33 47.8609 8.07485
threshold=1.0000000180025095e-35 0.9965992569923402 -0.91597560048103321 0.87977364659309398 -0.37940952181816096 0.62909039855003368 33.823545455932624 76.212432861328139 56.704708099365241 0.081506669521331801 0.024466204456985 0.78656607866287243 6.1331489086151132 -3.10692286491394 41.500000000000007 8.2655978202819842 4.5000000000000009 4.8992776870727548 1.0000000180025095e-35 -18.60026931762695 0.19959364831447604 4.9508955478668222 0.069441579282283797
decision_type=2 10 2 10 2 8 10 10 10 8 2 2 10 2 2 10 2 2 8 2 10 8 10
left_child=1 3 22 9 6 -6 -5 8 -4 10 -1 18 13 14 -13 -15 17 -14 -2 20 -20 -21 -3
right_child=11 2 7 4 5 -7 -8 -9 -10 -11 -12 12 16 15 -16 -17 -18 -19 19 21 -22 -23 -24
leaf_value=-0.051414654306126954 -0.035457449474254464 -0.035482790676612412 0.01154133251280854 0.0118985680778781 0.0079270493344762456 -0.051139807241453263 -0.018110977286325301 -0.076571363763068931 0.079041346868986548 -0.058674920337060829 0.073576215061183642 -0.38260758092318331 -0.16830656557216828 -0.0043812687550464861 0.055253755681480929 0.041807589485164165 0.05497578423163367 0.050776944674758066 -0.90910013531677247 0.041258172183701314 0.050666324332942977 0.055274380588043341 -0.059332938517316962
leaf_weight=250.04797947548286 22.871745365671813 160.15462003511493 20322.375271391938 59880.844029318541 34288.702333367182 14708.386201116838 17849.611707509306 523.29508810373954 2366.926789339399 2740.8550490574962 186.34051014849683 54.248568043811247 42.22072813520208 572.22504498902708 106.43423760589212 1029.8393144740839 1746.1468086437089 90.706854474265128 6.6378700596978879 1310.3357699997141 499.02248398552183 6831.5294445247273 2894.3930336414487
leaf_count=1043947 1612 46456 1911517 3458536 7409154 2748069 2703684 2552 8546 305431 9467 2345 2653 7372 1656 56936 103039 2688 603 79999 29355 448425 316745
internal_value=0.0030632 -0.000308009 0.00772678 -0.00193594 -0.000717832 -0.00979903 0.00500157 0.0164373 0.0186144 -0.0503281 0.00125442 0.0458419 0.0322574 0.0135805 -0.0964161 0.0250949 0.0494938 -0.0190686 0.0514825 0.0517765 0.0295526 0.0530911 -0.0582656
internal_weight=168484 156172 26267.1 129905 126728 48997.1 77730.5 23212.6 22689.3 3177.24 436.388 12312.2 3641.82 1762.75 160.683 1602.06 1879.07 132.928 8670.4 8647.53 505.66 8141.87 3054.55
internal_count=20700787 19964104 2285816 17678288 16319443 10157223 6162220 1922615 1920063 1358845 1053414 736683 176689 68309 4001 64308 108380 5341 559994 558382 29958 528424 363201
is_linear=0
shrinkage=0.0581682


Tree=129
num_leaves=24
num_cat=0
split_feature=18 9 11 8 4 11 6 21 7 14 21 22 11 22 1 11 21 22 8 4 11 7 20
split_gain=6720.33 645.311 1984.91 3976.06 2291.12 2729.63 2226.49 2152 1916.83 1884.82 1778.4 3253.58 1899.41 1194.42 4550.62 4217.65 299.623 385.155 336.115 321.338 201.229 165.724 125.023
threshold=1.0000000180025095e-35 -4.9400854110717765 0.39200329780578619 2.9492456912994389 10.414273738861086 0.91762039065361034 28.05106353759766 -0.7865660786628722 -0.46183525025844568 10.064102649688722 -0.6035533845424651 0.60355338454246532 0.75261917710304271 -0.6035533845424651 1.1716747879981997 0.9965992569923402 -1.0000000180025095e-35 0.78656607866287243 -1.0000000180025095e-35 129.43260192871097 0.99999806284904491 -18.60026931762695 122.50000000000001
decision_type=2 2 8 2 8 10 10 2 2 2 2 2 10 2 10 10 2 2 2 10 10 2 2
left_child=1 2 3 9 5 -4 -6 -5 10 -1 11 -3 -12 14 -10 -15 -2 20 19 -19 21 -18 -22
right_child=16 8 4 7 6 -7 -8 -9 13 -11 12 -13 -14 15 -16 -17 17 18 -20 -21 22 -23 -24
leaf_value=0.23358943618402819 0.055647732473887317 -0.0040436315353768954 0.04605098689774937 0.18219240028840084 -0.033867591360097767 -0.061660494390237221 0.0094086732021034895 -0.0082728188138423558 -0.044961109129056744 -0.019149610614386754 -0.016780903901957342 0.18838754276581682 -0.069129608974424758 -0.014715906000963262 0.012266978483863046 0.019002617046704574 0 -0.021167911235310966 0.045740101115752205 0.036054565478622458 0.01894606306851996 0.051702931486713136 -0.13087899885158788
leaf_weight=102.24904823072939 5329.5972751851659 3005.4641399498214 5764.1743112469558 868.34850689733867 7058.4022341889431 916.72533776595083 9319.7924479328794 255.05782776366686 5193.1094623970639 1550.5049771860031 7312.5668308808599 325.11123079548997 3472.2245706088506 43855.010960765503 49070.273505087134 17572.789046060134 233.90276387555059 905.28018292633351 857.62978689139709 518.43478025868535 31.516735389828682 3859.7126916981651 29.783036417094991
leaf_count=22822 386934 751254 25167 9194 1652832 75542 289049 73797 1429224 522078 1908237 97473 340644 8873410 2619964 1273417 11828 20655 48170 21858 1329 245530 379
internal_value=0.00289818 -0.000304186 0.00808753 0.0545211 0.00247062 0.0311808 -0.00922156 0.138732 -0.00197767 -0.00269446 -0.0222112 0.0148446 -0.0336931 0.000488309 0.00677959 -0.00506281 0.045278 0.0365973 0.0170727 -4.75074e-06 0.0471924 0.048824 -0.0516695
internal_weight=167408 155642 25835.3 2776.16 23059.1 6680.9 16378.2 1123.41 129807 1652.75 14115.4 3330.58 10784.8 115691 54263.4 61427.8 11765.9 6436.26 2281.34 1423.71 4154.92 4093.62 61.2998
internal_count=20700787 19964104 2670481 627891 2042590 100709 1941881 82991 17293623 544900 3097608 848727 2248881 14196015 4049188 10146827 736683 349749 90683 42513 259066 257358 1708
is_linear=0
shrinkage=0.0581682


Tree=130
num_leaves=24
num_cat=0
split_feature=18 1 1 2 22 22 2 6 22 6 6 10 4 21 8 21 22 7 0 10 9 10 4
split_gain=6279.01 597.457 2490.59 2261.05 5293.29 3200.34 2035.12 2634.13 1504.09 1920.61 1849.64 3425.57 1286.11 1271.26 1041.94 304.09 375.939 324.46 506.435 297.454 150.795 3170.85 136.797
threshold=1.0000000180025095e-35 46.90684890747071 34.087646484375007 41.817768096923835 -0.12940952181816107 -0.37940952181816096 86.557788848876967 25.074687957763675 0.12940952181816107 32.191953659057624 32.191953659057624 0.48989559710025793 43.226339340209968 -0.37940952181816096 1.5664258003234866 -1.0000000180025095e-35 0.78656607866287243 -1.0000000180025095e-35 12.68697500228882 0.53378742933273327 -34.654621124267571 0.0087092868052423018 71.715438842773452
decision_type=2 10 8 8 2 2 10 10 2 10 10 10 8 2 2 2 2 2 10 10 2 10 10
left_child=1 2 3 5 -5 -1 12 -8 9 19 11 -10 -4 -11 -12 -2 20 18 -18 -3 21 -17 -19
right_child=15 8 6 4 -6 -7 7 -9 10 13 14 -13 -14 -15 -16 16 17 22 -20 -21 -22 -23 -24
leaf_value=0.0054197678997855029 0.055480939732000342 -0.056126009835065077 0.0065171336235091519 -0.045332934173068558 0.053567693693389762 -0.015816290313648063 0.070895776201888625 -0.075365149577351492 0.026341536964612791 0.0097223330381789163 0.044463389511751751 0.15740918662863657 -0.049265167933330391 -0.061507179743333404 -0.0027716671621096757 -1.0221556966335041 0.0036438747563403936 0.0032810376344316397 -0.21455745005969826 0.045038128862352499 0.049467402851083406 0.044731675001311297 0.055360494587459216
leaf_weight=69940.24345010941 5043.12273725454 2402.66664025106 1691.604358947945 2469.3572544043745 7014.8111985394316 36551.515454598019 1353.4943591068732 594.91451266029617 3216.7771308352239 10767.609731925884 1994.8303280611435 854.28040809347294 7718.351632424361 915.06139974447433 7476.9732040732051 5.4287820686586192 1255.5703058382496 248.08029148360947 32.6057954125572 94.991626120114233 3734.3539860386518 225.42338320112322 699.49579152447404
leaf_count=6231953 386934 244067 118787 747478 651468 10657111 36892 24197 139189 74948 64590 1496 716872 124958 127501 366 39978 9285 1204 2597 247021 11679 40216
internal_value=0.002741 -0.00030067 -0.00198796 0.000554977 0.0277662 -0.00186576 -0.0279782 0.0259641 0.00743387 -0.00578427 0.021301 0.0540831 -0.0391966 0.00408802 0.00715033 0.0447052 0.0358441 0.0164482 -0.00228224 -0.0520467 0.0466496 0 0.0422228
internal_weight=166302 155057 127334 115976 9484.17 106492 11358.4 1948.41 27723.2 14180.3 13542.9 4071.06 9409.96 11682.7 9471.8 11244.1 6200.96 2235.75 1288.18 2497.66 3965.21 230.852 947.576
internal_count=20700787 19964104 19184758 18288010 1398946 16889064 896748 61089 779346 446570 332776 140685 835659 199906 192091 736683 349749 90683 41182 246664 259066 12045 49501
is_linear=0
shrinkage=0.0581682


Tree=131
num_leaves=23
num_cat=0
split_feature=18 10 7 2 12 8 21 6 8 21 22 6 5 20 9 10 10 21 17 9 10 8
split_gain=5855.57 589.808 589.49 3247.78 6693.21 1976.75 3343.49 3004.34 1216.6 310.213 368.928 314.692 807.761 364.603 147.706 1496.16 138.084 82.4185 96.4929 182.703 55.7804 13.7693
threshold=1.0000000180025095e-35 0.99999818205833446 5.2198781967163095 11.170331478118898 4.0181109905242929 1.5664258003234866 -0.91597560048103321 19.164445877075199 10.587053298950197 -1.0000000180025095e-35 0.78656607866287243 6.1331489086151132 2.7316092252731328 4.5000000000000009 -34.654621124267571 0.0087092868052423018 0.80695226788520824 0.78656607866287243 0.069399818778038039 2.4209523200988774 1.0000000180025095e-35 -22.972506523132321
decision_type=2 8 2 10 10 2 2 10 2 2 2 10 8 2 2 10 10 2 8 2 8 2
left_child=1 2 5 8 -5 6 -1 -7 -4 20 14 12 -12 -13 15 -11 -16 -3 19 -19 -2 -22
right_child=9 17 3 4 -6 7 -8 -9 -10 10 11 13 -14 -15 16 -17 -18 18 -20 -21 21 -23
leaf_value=-0.046077990781567331 -0.029526354708534253 -0.058409096528424034 -0.053303722745277428 0.076330892698235925 0.0020081958487134879 -0.0297755573785774 0.005631388730619297 0.0095270507219350365 0.17588414980702782 -0.48852306228411801 0.014401060706575599 -0.078258580437135364 -0.12501541251920992 0.051780453659310943 0.050512606825861402 0.044126425417878007 -0.035590604598052106 -0.0016770641451035898 -0.031634901601002789 0.36703647816827895 0.039300846025325666 0.056937940646076796
leaf_weight=4504.0859057718189 17.452214788645506 657.71140668329826 3533.6976830180211 4518.2210183129937 44003.068737613008 18260.39376043799 68522.270091632847 10264.872208160261 75.18122663727263 15.017429165076463 1096.6116113777389 73.371130324201658 156.62914428749355 875.39083337713964 3499.7039514458156 215.5758704993641 55.78986130701378 7.1613014771137404 20.162988176994986 2.6419344246387482 359.67095534619875 4395.8795679460745
leaf_count=1499197 1470 253939 568673 345562 2011676 3662883 10985188 603480 11452 366 34254 1837 5452 49140 245231 11679 1790 2209 18271 1574 29452 356012
internal_value=0.0025963 -0.000293716 -4.98393e-05 0.00497546 0.00894351 -0.00263354 0.00243404 -0.0156192 -0.0482105 0.0440742 0.0350232 0.0157703 -0.00308251 0.040991 0.0460842 0 0.0490072 -0.0538724 0.0288301 0.152538 0.0553033 0.0557253
internal_weight=165131 154369 153682 52130.2 48521.3 101552 73026.4 28525.3 3608.88 10761.1 5988.09 2202 1253.24 948.762 3786.09 230.593 3555.49 687.678 29.9662 9.80324 4773 4755.55
internal_count=20700787 19964104 19688111 2937363 2357238 16750748 12484385 4266363 580125 736683 349749 90683 39706 50977 259066 12045 247021 275993 22054 3783 386934 385464
is_linear=0
shrinkage=0.0581682


Tree=132
num_leaves=19
num_cat=0
split_feature=18 0 10 11 22 3 21 22 8 4 11 9 20 21 12 0 4 8
split_gain=5456.38 580.906 556.925 668.917 3901.93 1915.46 317.732 362.385 311.34 306.499 173.32 165.083 124.456 80.8222 91.4282 53.8119 46.7367 14.917
threshold=1.0000000180025095e-35 1.0000000180025095e-35 0.99999818205833446 0.9965992569923402 -0.91597560048103321 0.87977364659309398 -1.0000000180025095e-35 0.78656607866287243 -1.0000000180025095e-35 196.68415832519534 0.99999806284904491 -34.654621124267571 78.500000000000014 0.78656607866287243 1.1005851030349734 1.0000000180025095e-35 71.715438842773452 -22.972506523132321
decision_type=2 10 10 10 2 10 2 2 2 10 10 2 2 2 10 8 10 2
left_child=1 -1 3 5 -5 -3 15 10 9 -9 11 -8 -12 -4 -15 -2 -10 -17
right_child=6 2 13 4 -6 -7 7 8 16 -11 12 -13 -14 14 -16 17 -18 -19
leaf_value=-0.057155847888269912 -0.02880903329142586 -0.048979626456849466 -0.058290750974760018 -0.058022370722643088 0.016515809526971643 -0.00047521634737385091 0 -0.017925240834950593 0.021645403864355019 0.043196961663124769 0.038393440981530413 0.05056261369013746 -0.10655894172455914 0.14551858347355798 -0.031672266891578045 0.038552702554515143 0.055322419336572726 0.056862711762940582
leaf_weight=600.94323966893717 16.970298450440168 2813.2535377985914 621.76159150720923 2645.7331986434292 22876.9292044412 124436.54472265483 221.91261555097299 1020.1680262988084 267.31493391189724 375.85030082240701 28.545604732818902 3327.2847238505783 39.378569578402676 10.291910092113541 20.196648422861472 345.82191063216305 511.33498449262697 4152.8084729652328
leaf_count=3522692 1470 238146 253582 300136 1514440 14113115 11941 25719 12187 16794 1075 245417 633 3309 18684 29452 35983 356012
internal_value=0.00245459 -0.000285287 -5.83016e-05 0.000168852 0.00876474 -0.00155235 0.0434185 0.0341686 0.0150852 -0.00110061 0.0454994 0.0473259 -0.0414996 -0.0535149 0.0275225 0.0551497 0.0444566 0.0555827
internal_weight=164333 154026 153425 152772 25522.7 127250 10307.4 5791.79 2174.67 1396.02 3617.12 3549.2 67.9242 652.25 30.4886 4515.6 778.65 4498.63
internal_count=20700787 19964104 16441412 16165837 1814576 14351261 736683 349749 90683 42513 259066 257358 1708 275575 21993 386934 48170 385464
is_linear=0
shrinkage=0.0581682


Tree=133
num_leaves=24
num_cat=0
split_feature=18 9 7 21 22 11 11 8 4 11 21 10 6 22 1 11 21 22 7 0 11 7 4
split_gain=5087.09 575.688 1734.76 1679.52 2320.54 1826.1 1674.53 3015.37 2058.94 2440.54 1964.07 1763.99 1736.79 1062.93 4165.91 3567.09 322.08 351.539 299.206 420.523 161.831 164.494 135.452
threshold=1.0000000180025095e-35 -4.9400854110717765 -0.46183525025844568 -0.6035533845424651 0.60355338454246532 0.75261917710304271 0.39200329780578619 2.9492456912994389 10.414273738861086 0.91762039065361034 -0.98296290636062611 0.01019143918529153 19.164445877075199 -0.6035533845424651 1.1716747879981997 0.9965992569923402 -1.0000000180025095e-35 0.78656607866287243 -1.0000000180025095e-35 12.68697500228882 0.99999806284904491 -18.60026931762695 71.715438842773452
decision_type=2 2 2 2 2 10 8 2 8 10 2 10 10 2 10 10 2 2 2 10 10 2 10
left_child=1 6 3 4 -3 -5 7 11 9 -8 -10 -1 -9 14 -4 -15 -2 20 19 -19 21 -18 -20
right_child=16 2 13 5 -6 -7 8 12 10 -11 -12 -13 -14 15 -16 -17 17 18 22 -21 -22 -23 -24
leaf_value=0.073641948972917093 0.054988035115876376 -0.0030223802575539025 -0.044211036703535198 -0.016198091761338799 0.14690861284282206 -0.068452102221825253 0.044103552656500865 -0.054923995889308408 0.043540003638059398 -0.061405536424730296 -0.016703243751548275 -0.050195759851661165 0.14639277341023887 -0.013877006924568397 0.011580533933011004 0.017103700252588571 0 0.0025784505446931416 0.0020756360697198766 -0.18578828333914013 -0.037155098800380107 0.050179934512039108 0.055021518385061675
leaf_weight=632.58058635253474 4272.7273953586118 2936.7918293907715 4982.4046926605806 7243.2820857146362 391.33498143703764 3309.4800957860134 5604.1337730489176 162.60364608097007 2101.7092253966402 848.05192888246529 13911.736359126477 995.4258369502495 1051.2770764943562 42879.361652135689 49068.697919799379 17779.819787373912 222.79694328299956 1231.4201224186691 242.81706435215892 36.966425057966262 71.143222752842121 3163.7718214755005 625.71961769362679
leaf_count=194979 386934 751254 1429224 1908237 97473 340644 25167 62961 91406 75542 1850475 349921 20030 8873410 2619964 1273417 11828 39978 9285 1204 1708 245530 40216
internal_value=0.00232011 -0.000273773 -0.0018546 -0.0212737 0.0146582 -0.0326451 0.00774181 0.049782 0.00239731 0.0301417 -0.00876185 -0.00176418 0.118997 0.000492526 0.00642714 -0.00478909 0.0427987 0.0333823 0.0145158 -0.00322142 0.0448937 0.0467809 0.0407612
internal_weight=163766 153899 128591 13880.9 3328.13 10552.8 25307.5 2841.89 22465.6 6452.19 16013.4 1628.01 1213.88 114710 54051.1 60659.2 9867.36 5594.64 2136.92 1268.39 3457.71 3386.57 868.537
internal_count=20700787 19964104 17293623 3097608 848727 2248881 2670481 627891 2042590 100709 1941881 544900 82991 14196015 4049188 10146827 736683 349749 90683 41182 259066 257358 49501
is_linear=0
shrinkage=0.0581682


Tree=134
num_leaves=24
num_cat=0
split_feature=18 2 1 10 0 0 4 5 11 5 11 8 21 3 4 11 21 4 20 9 6 4 9
split_gain=4733.57 594.306 1766.97 1833.72 1401.1 1152.1 1136.63 2626.36 2610.6 1639.45 3697.55 2377.37 1222.1 668.662 1211.5 1041.3 326.819 346.898 412.502 1606.35 386.33 1072.41 240.86
threshold=1.0000000180025095e-35 67.161045074462905 29.289480209350589 0.22581215202808383 0.031540730968117721 18.415037155151371 30.95413970947266 8.4946322441101092 0.83706271648406994 9.7807207107543963 0.41253566741943365 -1.0000000180025095e-35 -0.98296290636062611 76.212432861328139 93.488227844238295 0.99999943375587474 -1.0000000180025095e-35 129.43260192871097 4.5000000000000009 4.8992776870727548 7.1750574111938485 120.20217132568361 -34.654621124267571
decision_type=2 10 10 10 10 10 8 10 8 10 10 2 2 10 10 8 2 10 2 2 10 10 2
left_child=1 6 3 4 -3 -5 7 8 -1 11 -11 -8 -9 15 -15 -4 -2 20 19 -19 21 -18 -20
right_child=16 2 13 5 -6 -7 9 12 -10 10 -12 -13 -14 14 -16 -17 17 18 22 -21 -22 -23 -24
leaf_value=0.0065113223488221196 0.054781180138191936 0.17239037200602905 -1.2052763662805048e-05 0.19833988148497556 -0.032775091873661011 0.027620335261415701 0.0077263575082856095 0.1401228113137831 -0.014896611327881375 0.052252700310988685 -0.011193490049173086 -0.046999145486717901 0.03722406909738693 -0.034047538672439905 0.0066919962585727504 0.083230881161785925 0.011355278126532767 -0.59765161242087472 -0.010436847099623342 0.04698170174307148 0.051270139321034476 -0.23341536831414442 0.056296086148795936
leaf_weight=59931.658033813779 4046.0803344401938 135.89331443634001 1160.6394857376727 428.88140002847649 563.11742932876223 204.17273979540914 4069.5500297407998 447.5487205570098 28403.190911794612 3627.5078116110526 21519.882150837024 7824.2404588502613 3153.0382743743685 2851.5596014434122 18231.185507315124 887.3881541644223 1866.0505908259365 11.965009325649588 185.82994319341378 58.654485201463103 811.259655257134 58.144158639130183 2423.41622120174
leaf_count=6528791 386934 16669 50855 353 245367 399 3313047 15505 3270814 119437 1314121 4222235 112055 123789 627973 2694 91823 512 10641 1136 55150 2973 187514
internal_value=0.00219043 -0.000269741 0.00803873 0.0730892 0.00737275 0.144475 -0.00184891 0.00161351 -0.000368072 -0.0104525 -0.002018 -0.028245 0.0502803 0.00426215 0.00115689 0.0359631 0.0421118 0.0325354 0.0474895 -0.0855692 0.017687 0.00323661 0.0513813
internal_weight=162901 153439 24462.8 1332.06 699.011 633.054 128977 91935.4 88334.8 37041.2 25147.4 11893.8 3600.59 23130.8 21082.7 2048.03 9461.4 5415.32 2679.87 70.6195 2735.45 1924.19 2609.25
internal_count=20700787 19964104 1068099 262788 262036 752 18896005 9927165 9799605 8968840 1433558 7535282 127560 805311 751762 53549 736683 349749 199803 1648 149946 94796 198155
is_linear=0
shrinkage=0.0581682


Tree=135
num_leaves=24
num_cat=0
split_feature=18 4 21 2 22 12 21 22 9 3 9 22 21 22 6 5 20 11 7 4 0 21 14
split_gain=4400.24 545.633 1042.86 1035.48 3666.72 2129.65 2436.65 1039.23 997.744 947.983 821.23 684.506 331.303 344.309 283.416 652.299 321.636 155.095 160.902 100.019 58.2028 21.8783 20.1
threshold=1.0000000180025095e-35 0.28894722461700445 -0.37940952181816096 0.80494555830955516 0.12940952181816107 0.559277504682541 0.60355338454246532 0.91597560048103344 0.47613041102886206 1.1909478306770327 0.029621930792927745 -0.12940952181816107 -1.0000000180025095e-35 0.78656607866287243 6.1331489086151132 2.7316092252731328 4.5000000000000009 0.99999806284904491 -18.60026931762695 4.6339969635009775 1.0000000180025095e-35 0.91597560048103344 29.172245979309086
decision_type=2 10 2 8 2 10 2 2 2 10 2 2 2 2 10 8 2 10 2 10 8 2 2
left_child=1 2 10 4 9 6 -5 -7 -6 -3 22 -12 20 17 15 -15 -16 18 -14 -19 -2 -4 -1
right_child=12 3 21 5 8 7 -8 -9 -10 -11 11 -13 13 14 16 -17 -18 19 -20 -21 -22 -23 -24
leaf_value=-0.019334857438369012 -0.03074967404246013 -0.049581423002193543 -0.06171728862644163 -0.04803423088326602 0.034817702519905083 0.0016591448631502865 0.0058906070748290752 -0.030574274164784677 -0.042285310161448368 0.018732459120570717 0.12473443315215818 -0.03073961741716873 -0.00041507834036592337 0.012299205850972703 -0.067442892391000195 -0.10817702174956133 0.050823185849737607 -0.12437144296404173 0.049390312209491527 0.006610512251736045 0.055110241225069891 -0.0013477962910546245 -0.055875834694919982
leaf_weight=130.76857463606575 18.322933505289257 3040.583759706813 1311.2450882286212 6717.0997169788898 11000.985289269865 120276.91135163522 4881.3873331838258 3477.2624688982469 590.54727455422835 875.37877282594854 302.41294498446223 131.85877292388614 220.24880188552197 1051.7892569404212 80.047167034586892 172.8796311293263 761.76044434052892 23.723865583888255 2891.4788547920471 48.354818841558881 3814.0938382832974 34.588873148197308 205.2244707746795
leaf_count=96115 1470 645879 352684 2419651 1069512 11911052 1062155 1529875 110344 476181 34311 25083 11828 34254 1837 5452 49140 682 245530 1026 385464 77745 153517
internal_value=0.00207114 -0.000262307 -0.0295645 0.000146919 0.0143846 -0.00148177 -0.0253112 0.00074917 0.0308406 -0.0342049 0.0239577 0.0767839 0.0413975 0.0316753 0.0128725 -0.00470974 0.038814 0.0437197 0.0457415 -0.0359627 0.054561 -0.0604705 -0.043259
internal_weight=162059 152976 2116.1 150860 15507.5 135353 11598.5 123754 11591.5 3915.96 770.265 434.272 9082.7 5250.28 2066.48 1224.67 841.808 3183.81 3111.73 72.0787 3832.42 1345.83 335.993
internal_count=20700787 19964104 739455 19224649 2301916 16922733 3481806 13440927 1179856 1122060 309026 59394 736683 349749 90683 39706 50977 259066 257358 1708 386934 430429 249632
is_linear=0
shrinkage=0.0581682


Tree=136
num_leaves=20
num_cat=0
split_feature=18 0 10 11 22 3 21 22 9 11 8 11 21 21 12 0 11 8 9
split_gain=4086.68 534.309 526.016 516.652 3408.03 1694.53 336.753 338.473 400.363 2075.67 306.309 125.85 238.421 78.1036 76.0224 56.0326 36.988 22.0847 86.4206
threshold=1.0000000180025095e-35 1.0000000180025095e-35 0.99999818205833446 0.9965992569923402 -0.91597560048103321 0.87977364659309398 -1.0000000180025095e-35 0.37940952181816107 -34.654621124267571 0.18273887783288958 -1.0000000180025095e-35 0.059388082474470145 0.78656607866287243 0.78656607866287243 1.1005851030349734 1.0000000180025095e-35 0.99999806284904491 -22.972506523132321 -2.64849841594696
decision_type=2 10 10 8 2 10 2 2 2 10 2 8 2 2 10 8 10 2 2
left_child=1 -1 3 5 -5 -3 15 11 9 -9 -10 12 -8 -4 -15 -2 -13 18 -17
right_child=6 2 13 4 -6 -7 7 8 10 -11 -12 16 -14 14 -16 17 -18 -19 -20
leaf_value=-0.057062572193140391 -0.030022303608146585 -0.047826895321505213 -0.058230831772984284 -0.057786667570341642 0.01461341581445336 -0.00037214578102117682 -0.044588722189293245 -0.82578264421967684 0.0034298347227048613 0.0094339120503717563 0.043423649218191127 0.05526153634933359 0.045559837254363286 0.12530589799280456 -0.031133727716860238 -0.011515000238177956 0 0.056527152511199587 0.054976056852710412
leaf_weight=553.79559232111205 17.797538644634187 2595.7705525604251 590.64212365611456 2425.3332214993134 23123.179200279556 123354.10134350439 133.74347387804301 7.3455790476873508 1551.8294909881079 63.78313904145034 1139.5530349250766 1828.3577172345831 328.31795359615353 11.906749169109391 19.712774900341174 82.84551479597576 41.900505725527182 3327.5282869827643 199.36498990654945
leaf_count=3522692 1470 238146 253582 300136 1514440 14113115 11592 350 59820 3379 85560 158354 29279 3309 18684 8716 1415 356012 20736
internal_value=0.00195417 -0.000256119 -4.50497e-05 0.000172309 0.00771607 -0.00135497 0.040669 0.0307955 0.0167534 -0.114621 0.0205547 0.0471941 0.0184373 -0.05323 0.0248177 0.0543723 0.0540261 0.0549348 0.0341889
internal_weight=161397 152674 152121 151498 25548.5 125950 8722.37 5094.83 2762.51 71.1287 2691.38 2332.32 462.061 622.262 31.6195 3627.54 1870.26 3609.74 282.211
internal_count=20700787 19964104 16441412 16165837 1814576 14351261 736683 349749 149109 3729 145380 200640 40871 275575 21993 386934 159769 385464 29452
is_linear=0
shrinkage=0.0581682


Tree=137
num_leaves=24
num_cat=0
split_feature=18 2 1 10 5 4 5 11 22 2 10 22 0 22 7 21 4 6 2 20 11 7 0
split_gain=3795.32 513.57 1526.61 1473.32 1159.51 1054.53 2249.41 2498.17 2078.06 3295.65 1885.64 980.237 852.095 773.501 664.741 340.312 353.39 371.284 792.463 343.645 985.491 191.504 53.9711
threshold=1.0000000180025095e-35 67.161045074462905 29.289480209350589 0.22581215202808383 4.5620379447937021 30.95413970947266 8.4946322441101092 0.83706271648406994 -0.12940952181816107 39.014364242553718 0.72362422943115245 1.0000000180025095e-35 18.415037155151371 -0.91597560048103321 -18.60026931762695 -1.0000000180025095e-35 129.43260192871097 7.1750574111938485 36.54759597778321 4.5000000000000009 0.23439940810203555 -18.60026931762695 1.0000000180025095e-35
decision_type=2 10 10 10 10 8 10 8 2 10 10 2 10 2 2 2 10 10 10 2 10 2 8
left_child=1 5 3 4 -3 6 7 -1 10 -10 -7 -8 -5 -4 -15 22 17 18 -17 20 -18 -21 -2
right_child=15 2 13 12 -6 8 11 -9 9 -11 -12 -13 -14 14 -16 16 19 -19 -20 21 -22 -23 -24
leaf_value=0.0064644060701144366 -0.029300681128669896 0.09375406018759247 -0.058090835605290624 0.17176462975690374 -0.057066651108444152 -0.037234771975011252 0.054820696596514625 -0.014591491342468833 -0.035289167300440731 0.016824265257676621 0.0080547306983367595 -0.057943093270008544 0.026087875376197171 0.033843415745592652 0.0021692444520384686 0.01155772938221728 0.038915688692069191 0.050294141864065466 -0.1347146861844741 0 -0.40846856190089237 0.055972024745932769 0.054750547065318941
leaf_weight=59753.066191534075 17.298411113210022 297.1514230389439 655.70331604470266 465.65991809067782 397.18327703168325 12073.4473967548 3396.4150924699788 27992.685893215879 5687.638149448514 14722.038805782584 4169.594077260932 275.56929189403309 203.29290980752558 2527.4336637700617 19936.754013543206 1720.8997490454058 65.070491526741534 710.97449258944835 130.70185366901569 224.22928513830993 17.225502180866897 2074.2910641873605 3417.2923980830237
leaf_count=6528791 1470 87951 117421 353 174085 4042641 75585 3270814 3854402 1028389 43408 51975 399 88114 599776 88677 1156 55150 6119 11959 492 186196 385464
internal_value=0.00184544 -0.000245853 0.00746938 0.0672019 0.00709279 -0.00172409 0.00161439 -0.000248707 -0.0100609 0.00227762 -0.0255854 0.0461905 0.128546 0.00391784 0.00575656 0.0399532 0.0299527 0.0146941 0.000722905 0.0461515 -0.0661056 0.0504625 0.0541744
internal_weight=160932 152554 24483.2 1363.29 694.335 128070 91417.7 87745.8 36652.7 20409.7 16243 3671.98 668.953 23119.9 22464.2 8377.98 4943.39 2562.58 1851.6 2380.82 82.296 2298.52 3434.59
internal_count=20700787 19964104 1068099 262788 262036 18896005 9927165 9799605 8968840 4882791 4086049 127560 752 805311 687890 736683 349749 149946 94796 199803 1648 198155 386934
is_linear=0
shrinkage=0.0581682


Tree=138
num_leaves=24
num_cat=0
split_feature=18 4 3 3 10 1 11 7 2 22 22 21 4 20 11 5 5 4 9 4 0 8 9
split_gain=3520.45 519.057 1245.96 1087.82 1011.03 839.016 726.278 1047.13 558.205 3970.55 2132.6 343.948 344.756 314.597 1355.34 309.467 269.226 549.445 239.223 163.997 52.0106 25.5967 87.2272
threshold=1.0000000180025095e-35 170.18238830566409 136.47906494140628 171.47174835205081 0.34794819355010992 13.660907268524172 0.77988579869270336 -0.29411298036575312 0.80494555830955516 0.60355338454246532 0.12940952181816107 -1.0000000180025095e-35 129.43260192871097 4.5000000000000009 0.25196279585361486 1.8049714565277102 4.8485631942749032 120.20217132568361 -34.654621124267571 153.93659973144534 1.0000000180025095e-35 -22.972506523132321 -2.64849841594696
decision_type=2 8 10 10 10 10 10 2 8 2 2 2 10 2 10 10 10 10 2 10 8 2 2
left_child=1 2 8 -3 5 -4 15 -8 10 -10 -1 20 16 14 -14 -5 17 -13 -15 -6 -2 22 -22
right_child=11 3 4 6 19 -7 7 -9 9 -11 -12 12 13 18 -16 -17 -18 -19 -20 -21 21 -23 -24
leaf_value=-0.024716065563389397 -0.028585420952902021 -0.058492959402799458 0.20531491902230697 0.13242797559836278 -0.0092021600653849692 0.034031625454511855 0.062030450053666794 -0.038350625372703923 0.0010655478827334261 -0.03690162349050468 0.021299288204847357 0.010606081614134346 0.041440649989182052 -0.011722625487463287 -0.52411839765163715 -0.029182002764125553 0.048656592168267621 -0.13214222822057306 0.055892834183895609 -0.065878092635000468 -0.01443172815275244 0.056329544803001882 0.054610542753834118
leaf_weight=4629.3885577047658 16.824145933613181 1580.9890644829866 95.750824111455586 35.929448181515909 404.56096478365362 4567.1476246059174 1055.6112083941698 517.45728322863579 114053.823070546 10143.331922278245 12829.531296834826 1857.4856711295724 75.499708485789597 182.18661883904133 12.926033213734625 1749.9700744341826 582.21061705195461 91.384803265100345 2003.5308635506954 327.11955557577312 79.342374647385441 2977.343590110162 178.66009535267949
leaf_count=1514234 1470 510615 20812 13025 1086 114577 798 1515 11757675 4400565 1489251 98658 1331 10641 317 138374 47078 4210 187514 1577 8716 356012 20736
internal_value=0.00174459 -0.000239628 0.000381007 -0.018779 0.0278085 0.0378245 0 0.0287427 -0.000661511 -0.00203326 0.00907192 0.039203 0.0290885 0.0455876 -0.0578611 -0.0253905 0.0140536 0.00342577 0.0500626 -0.0353247 0.0539658 0.0545563 0.031973
internal_weight=160048 151991 147051 4939.96 5394.58 4662.9 3358.97 1573.07 141656 124197 17458.9 8057.39 4805.22 2274.14 88.4257 1785.9 2531.08 1948.87 2185.72 731.681 3252.17 3235.35 258.002
internal_count=20700787 19964104 19299777 664327 138052 135389 153712 2313 19161725 16158240 3003485 736683 349749 199803 1648 151399 149946 102868 198155 2663 386934 385464 29452
is_linear=0
shrinkage=0.0581682


Tree=139
num_leaves=24
num_cat=0
split_feature=18 21 2 6 4 3 21 7 6 7 5 1 21 4 6 4 8 3 20 9 9 10 20
split_gain=3262.11 500.647 515.998 1919.07 2079.16 1870.49 2849.94 1827.71 1164.42 505.46 389.996 767.383 347.102 335.799 344.351 772.347 321.686 600.64 290.164 664.514 234.128 50.1461 27.6722
threshold=1.0000000180025095e-35 0.98296290636062633 0.80494555830955516 0.39931792020797735 2.8502613306045537 2.9512569904327397 0.37940952181816107 0.024466204456985 0.91069865226745617 11.307235240936281 12.535911560058596 34.087646484375007 -1.0000000180025095e-35 129.43260192871097 6.478480577468873 120.20217132568361 -15.896526813507078 27.30353927612305 4.5000000000000009 4.8992776870727548 -34.654621124267571 1.0000000180025095e-35 37.500000000000007
decision_type=2 2 8 10 10 10 2 2 10 2 10 10 2 10 10 10 2 10 2 2 2 8 2
left_child=1 2 3 7 -5 6 -4 -1 -7 16 11 -11 21 14 15 -14 17 -3 19 -15 -20 -2 -16
right_child=12 9 5 4 -6 8 -8 -9 -10 10 -12 -13 13 18 22 -17 -18 -19 20 -21 -22 -23 -24
leaf_value=-0.043423496725467012 -0.027877107438828937 0.29061383588113932 -0.056740360623465803 0.042896078654005902 -0.056675993260370663 -0.04013751870976455 0.0066978627317638368 0.010041625524638291 0.0015465768383697578 -0.041583150804564754 -0.047011556957714147 0.30641189196372104 0.0076987819562057205 -0.26658633731420361 0.021355861692762202 -0.18515225992268128 -0.05787472219597041 -0.045874190031404562 -0.010927594297302686 0.048104318372114679 0.055759167263897728 0.054352575694511483 0.05464319074379171
leaf_weight=3183.4979842409957 16.373415813781321 22.118288502562791 4924.290700460364 6542.4347680467981 788.72670356058734 2305.9092482760025 4642.0079586119809 6708.8626815749303 121254.69941141899 34.752214153297246 50.985328996204771 42.15082060568966 1727.7882940234849 28.585279515013099 161.71563942352077 68.835239479551092 1051.5483604081819 48.413846455063322 184.32650297798682 65.459102898836136 1894.7248455795052 3064.0369756125147 542.991676170961
leaf_count=1821573 1470 1503 783947 252479 247885 1872183 412418 544611 13069152 23143 9454 1110 89232 512 11315 2342 885978 38668 10641 1136 187514 385464 47057
internal_value=0.00164893 -0.000231255 7.14165e-05 0.00954648 0.0321017 -0.00115172 -0.0259266 -0.00713556 0.000764033 -0.0368279 0.069806 0.15051 0.0384355 0.028219 0.0134226 0 -0.0495606 0.0651932 0.0450057 -0.0511373 0.0496448 0.0537471 0.0477466
internal_weight=159355 151600 150350 17223.5 7331.16 133127 9566.3 9892.36 123561 1249.97 127.888 76.903 7754.84 4674.43 2501.33 1796.62 1122.08 70.5321 2173.1 94.0444 2079.05 3080.41 704.707
internal_count=20700787 19964104 19004248 2866548 500364 16137700 1196365 2366184 14941335 959856 33707 24253 736683 349749 149946 91574 926149 40171 199803 1648 198155 386934 58372
is_linear=0
shrinkage=0.0581682


Tree=140
num_leaves=20
num_cat=0
split_feature=18 10 0 21 22 10 9 8 21 22 7 20 11 21 11 0 11 8 9
split_gain=3021.72 487.307 501.286 1618.03 747.102 553.195 2332.15 1914.37 349.1 331.788 373.191 445.128 137.858 236.833 137.431 48.3704 39.322 29.268 87.5592
threshold=1.0000000180025095e-35 1.0000000180025095e-35 0.018378766253590587 1.0000000180025095e-35 -0.6035533845424651 0.11711372807621957 -4.9400854110717765 1.5664258003234866 -1.0000000180025095e-35 0.37940952181816107 -1.0000000180025095e-35 37.500000000000007 0.059388082474470145 0.78656607866287243 0.60650861263275158 1.0000000180025095e-35 0.99999806284904491 -22.972506523132321 -2.64849841594696
decision_type=2 10 8 2 2 8 2 2 2 2 2 2 8 2 8 8 10 2 2
left_child=1 -1 3 -3 -5 6 -4 -7 15 12 11 -11 13 -10 -12 -2 -14 18 -17
right_child=8 2 5 4 -6 7 -8 -9 9 10 14 -13 16 -15 -16 17 -18 -19 -20
leaf_value=-0.05695235664053995 -0.027176303391297965 -0.06224517596745123 0.017225589610651414 -0.021342384060299577 0.070897768527781138 0.013742164510426784 -0.014261691754317532 -0.0032966977966269939 -0.049716733013676226 -0.048503140901242248 0.048931226164916367 0.018018573875473488 0.05469402200184529 0.04374396272564799 -0.00091844927593144761 -0.01722686575981772 0 0.056110509441425302 0.054208222882399897
leaf_weight=506.26205259907874 15.944963851477949 530.80516031358275 10706.329263422245 362.01940688010654 1473.2145009643718 31712.263256517937 30902.206905900282 75173.641540144949 126.96411877538776 526.74794839182869 886.50537138193613 935.19106869085226 1532.9510017916036 286.90899388337857 216.98427102883579 76.239392850548029 38.654383941902779 2665.5757004801708 160.2264639697969
leaf_count=3522692 1470 133192 1357759 46263 94814 1747502 7146645 5915237 11592 25444 77285 37018 158354 29279 9362 8716 1415 356012 20736
internal_value=0.00155463 -0.000225421 -3.07572e-05 0.0265048 0.0524782 -0.00045702 -0.00614913 0.00175524 0.037662 0.0273666 0.0132923 -0.00575145 0.0452821 0.0138985 0.0388045 0.0535169 0.053232 0.0541379 0.0296276
internal_weight=158836 151367 150860 2366.04 1835.23 148494 41608.5 106886 7468.89 4550.91 2565.43 1461.94 1985.48 413.873 1103.49 2917.99 1571.61 2902.04 236.466
internal_count=20700787 19964104 16441412 274269 141077 16167143 8504404 7662739 736683 349749 149109 62462 200640 40871 86647 386934 159769 385464 29452
is_linear=0
shrinkage=0.0581682


Tree=141
num_leaves=24
num_cat=0
split_feature=18 2 12 22 3 8 10 21 7 21 11 1 21 4 6 2 20 11 9 6 21 10 3
split_gain=2795.37 484.906 1535.57 3921.09 1668.66 1565.56 1326.06 1029.91 683.155 1109.98 782.289 462.4 350.785 332.553 330.648 608.121 258.174 1104.07 234.276 155.089 242.839 120.783 55.2878
threshold=1.0000000180025095e-35 0.33584953844547277 0.16262101382017138 0.12940952181816107 2.9512569904327397 0.054990164935588844 0.48989559710025793 0.91597560048103344 0.024466204456985 1.0000000180025095e-35 0.9965992569923402 0.034306513145565994 -1.0000000180025095e-35 129.43260192871097 6.478480577468873 36.54759597778321 4.5000000000000009 0.28959470987319952 -34.654621124267571 0.30292314291000372 0.12940952181816109 0.98217648267745983 19.309776306152347
decision_type=2 10 8 2 10 2 10 2 2 2 10 10 2 10 10 10 2 10 2 10 2 10 10
left_child=1 8 3 21 5 -4 -5 -6 19 10 -10 -11 -2 14 15 -14 17 -15 -18 22 -21 -3 -1
right_child=12 2 4 6 7 -7 -8 -9 9 11 -12 -13 13 16 -16 -17 18 -19 -20 20 -22 -23 -24
leaf_value=-0.051615025372644514 0.053275777117697598 -0.052772781542531261 -0.057919025170234735 0.048523632463644932 0.0016013108730384515 -0.0091824077354810928 -0.026169443897992826 -0.032805492643380951 -0.057718794603963501 0.040026091465746982 0.033844510265254611 -0.051285454826872634 0.0086445078023761942 0.043399287996712957 0.046923772127762706 -0.11665128733431429 -0.011890295187343929 -0.42468527725037836 0.055530752478709214 -0.061231082479328958 0.09854270112968315 0.037717389799867621 0.066109355490340929
leaf_weight=1688.8906712919052 2765.0882262942905 1955.5111095491593 3088.8258280901864 7240.5720158561089 120821.46568404694 8099.0417534341759 894.57283436926082 3012.1979349160392 361.87147370257298 206.21711459461949 2194.3876202812826 1494.339194055181 1626.8581612346752 85.636804687790573 653.12510433892021 138.03824892448029 181.72362267924473 16.449550193734467 1733.2507021223719 59.664798334299121 58.413923039715883 43.080708025489002 7.0727734666470488
leaf_count=1583567 386934 854078 380766 758392 12701868 942026 30389 2184886 92857 17350 121853 173994 86201 1408 58372 5373 10641 240 187514 5109 4333 15903 96733
internal_value=0.00146834 -0.000215491 0.000455669 0.022291 -0.00118085 -0.0226911 0.0402514 0.000760026 -0.0163174 -0.00346345 0.02065 -0.0399041 0.036868 0.0265059 0.0116988 -0.00119566 0.0439952 -0.0427115 0.0489125 -0.0461797 0.0152551 -0.0505446 -0.0507198
internal_weight=158426 151226 145155 10133.7 135022 11187.9 8135.14 123834 6070.86 4256.82 2556.26 1700.56 7200.17 4435.08 2418.02 1764.9 2017.06 102.086 1914.97 1814.04 118.079 1998.59 1695.96
internal_count=20700787 19964104 17868308 1658762 16209546 1322792 788781 14886754 2095796 406054 214710 191344 736683 349749 149946 91574 199803 1648 198155 1689742 9442 869981 1680300
is_linear=0
shrinkage=0.0581682


Tree=142
num_leaves=24
num_cat=0
split_feature=18 10 4 2 2 5 4 7 21 22 8 9 10 12 22 21 17 9 0 6 8 9 20
split_gain=2583.83 483.324 486.559 813.966 709.153 1473.87 789.624 488.01 350.377 321.665 359.673 664.295 137.421 135.005 227.48 77.4885 64.6471 151.941 49.2534 38.8384 33.0455 87.356 13.0662
threshold=1.0000000180025095e-35 0.99999818205833446 170.18238830566409 108.40637969970705 67.161045074462905 9.0874609947204608 30.95413970947266 0.04745017550885678 -1.0000000180025095e-35 0.37940952181816107 -1.0000000180025095e-35 -34.654621124267571 0.899620682001114 0.5000000298023225 -0.6035533845424651 0.78656607866287243 0.069399818778038039 2.4209523200988774 1.0000000180025095e-35 2.7997617721557622 -22.972506523132321 -2.64849841594696 321.50000000000006
decision_type=2 8 8 10 8 10 10 2 2 2 2 2 8 8 2 2 8 2 8 10 2 2 2
left_child=1 2 4 19 6 -6 -1 -5 18 13 11 -11 -12 14 -10 -3 17 -17 -2 -4 21 -20 -15
right_child=8 15 3 7 5 -7 -8 -9 9 10 12 -13 -14 22 -16 16 -18 -19 20 -21 -22 -23 -24
leaf_value=0.0018530245262125286 -0.027832716364166506 -0.05812664635242689 -0.010424964878016793 0.013424653022517849 0.085268748072933262 0.0073660171321369601 -0.0084196067014025034 -0.030323357734234172 -0.040689355243344438 -0.26381564053128032 0.042761971137523391 0 -0.080683068333618907 0.053552102753719209 0.046704322373003135 -0.009728026120632052 -0.029690816473404134 0.2935199646283953 -0.01983771718387636 -0.061383682692827388 0.055869396294106727 0.053768960891962481 0
leaf_weight=89966.948390862701 16.345769748091698 552.68827509879338 74.955932984368701 2150.2406912207516 855.2125708291569 19433.920269354014 35212.782283621651 1429.963006848644 153.01897704854491 28.667121591046453 970.51541462898604 1468.8968715145602 25.395267622661777 1394.3825299613818 265.42101429648756 9.0654172666254471 18.500227334741794 4.1122168736183076 73.541709680866916 1167.3256961662628 2389.5291908324725 143.90637017972767 18.165238924528239
leaf_count=9657319 1470 253939 218333 77630 162764 699119 8504681 34392 13703 493 88281 59820 515 156862 28009 2209 18271 1574 8716 333873 356012 20736 2066
internal_value=0.00138471 -0.000210292 -1.58003e-06 -0.0181732 0.000598626 0.0106871 -0.00103365 -0.00395322 0.0360567 0.0256591 0.0118115 -0.0059818 0.0388746 0.0442263 0.0137117 -0.0528101 0.0246739 0.112006 0.0529734 -0.0586764 0.0536787 0.0271782 0.0529137
internal_weight=157824 150876 150291 4822.49 145469 20289.1 125180 3580.2 6947.79 4324.46 2493.47 1497.56 995.911 1830.99 418.44 584.366 31.6779 13.1776 2623.32 1242.28 2606.98 217.448 1412.55
internal_count=20700787 19964104 19688111 664228 19023883 861883 18162000 112022 736683 349749 149109 60313 88796 200640 41712 275993 22054 3783 386934 552206 385464 29452 158928
is_linear=0
shrinkage=0.0581682


Tree=143
num_leaves=24
num_cat=0
split_feature=18 2 21 21 12 21 11 4 11 6 10 4 11 6 4 21 4 6 5 20 11 6 0
split_gain=2386.87 466.579 4410.51 4293.23 6143 3773.38 3002.13 2740.29 1788.01 1499.73 1616.5 1460.84 3263.63 1031.6 633.387 349.896 322.65 311.818 449.121 234.799 694.427 67.5376 47.4697
threshold=1.0000000180025095e-35 11.170331478118898 -1.0000000180025095e-35 1.0000000180025095e-35 3.550206303596497 -0.91597560048103321 0.99999806284904491 12.72542190551758 0.41253566741943365 40.786710739135749 0.0014135148376226427 1.3813896179199221 0.54019388556480419 10.498467445373537 43.226339340209968 -1.0000000180025095e-35 129.43260192871097 7.1750574111938485 2.7316092252731328 4.5000000000000009 0.28959470987319952 40.786710739135749 1.0000000180025095e-35
decision_type=2 10 2 2 8 2 8 10 10 10 8 8 10 10 10 2 10 10 10 2 10 10 8
left_child=1 2 11 4 5 -3 7 -4 -6 10 -5 12 -1 -13 -11 22 17 18 -17 20 -18 -21 -2
right_child=15 3 6 9 8 -7 -8 -9 -10 14 -12 13 -14 -15 -16 16 19 -19 -20 21 -22 -23 -24
leaf_value=0.15582391124690326 -0.027132403498463926 -0.05553925692800616 0.010700746189933573 0.079418268608564824 0.02615666273086201 0.083620386009832251 -0.05706425444601216 -0.039011005172187384 -0.0012793225421900388 0.18989542399417811 -0.044083872888299611 -0.039236586184922768 -0.018627387379789848 0.16538245556447248 0.013293702016413944 0.0097448726305924757 0.042948770314652308 0.048099971039230985 -0.075763646184061492 0.054030006322173176 -0.28194615232941184 0.022803188174423443 0.053430742736347576
leaf_weight=425.01311719057048 15.918681771494446 750.91615652526161 50541.612249687954 367.07159974370734 9541.2128181728549 5076.4796482423153 2586.7163016701015 4045.7705524129706 50725.414249855501 68.235824597533792 9148.2921891284641 13529.64320793797 2327.5704761399465 78.904200586854131 1518.6829091344553 1554.7387664988928 82.673693297430873 555.91377401023055 235.17782961038756 1410.6757784760557 25.094144279137254 350.77399209688883 2471.1459178737714
leaf_count=342768 1470 325516 2349673 434968 813571 911487 512312 2735334 2241071 688 4900384 3911134 375346 11248 98604 84632 1408 55150 10164 163668 240 34487 385464
internal_value=0.0013077 -0.000200412 -0.00351864 0.00295531 0.00858263 0.0655916 0.00409632 0.00700619 0.00305923 -0.0304995 -0.0392432 -0.0301475 0.00836987 -0.0379678 0.0216419 0.0352626 0.0248304 0.010209 -0.00142617 0.0429001 -0.0372417 0.0481096 0.0527081
internal_weight=157434 150732 73535.2 77196.3 66094 5827.4 57174.1 54587.4 60266.6 11102.3 9515.36 16361.1 2752.58 13608.5 1586.92 6702.11 4215.05 2345.83 1789.92 1869.22 107.768 1761.45 2487.06
internal_count=20700787 19964104 10237815 9726289 4291645 1237003 5597319 5085007 3054642 5434644 5335352 4640496 718114 3922382 99292 736683 349749 149946 94796 199803 1648 198155 386934
is_linear=0
shrinkage=0.0581682


Tree=144
num_leaves=24
num_cat=0
split_feature=18 4 21 10 11 21 11 9 10 21 4 6 5 20 11 9 8 10 3 3 0 8 9
split_gain=2204.26 463.959 1011.45 779.211 780.456 1724.31 1421.42 598.743 1510.01 349.15 310.894 297.674 547.482 226.838 819.462 175.873 76.1622 67.0856 54.5933 192.646 45.7684 36.9644 86.7087
threshold=1.0000000180025095e-35 0.28894722461700445 -0.37940952181816096 0.98217648267745983 0.9965992569923402 -0.91597560048103321 0.99999806284904491 0.029621930792927745 0.21089407801628116 -1.0000000180025095e-35 129.43260192871097 6.1331489086151132 2.7316092252731328 7.5000000000000009 0.28959470987319952 -34.654621124267571 -0.37929311394691462 0.21089407801628116 3.493651390075684 2.4444085359573369 1.0000000180025095e-35 -22.972506523132321 -2.64849841594696
decision_type=2 10 2 8 10 2 10 2 10 2 10 10 10 2 10 2 2 8 8 10 8 2 2
left_child=1 2 7 4 5 -3 -6 17 -9 20 11 12 -11 14 -12 -15 -4 -1 19 -5 -2 22 -22
right_child=9 3 16 18 6 -7 -8 8 -10 10 13 -13 -14 15 -16 -17 -18 -19 -20 -21 21 -23 -24
leaf_value=0.0048214339719044059 -0.026440163051630793 -0.017524565300991477 0.095490180251366019 -0.036960485351993831 0.026021494816690811 0.0016225627796748511 -0.0030130336246911855 0.51064061250375137 0.039147714822988879 0.0089732689690386978 0.044458804246446777 0.044699927659282226 -0.094697759211810853 -0.0044424926443238314 -0.24865765539473986 0.055832881297037763 -0.061384582383040502 -0.056021794018183371 -0.055251165295062001 0.13155967077707253 -0.022346985829057892 0.055601141219955443 0.053284672806381966
leaf_weight=67.374048043922812 15.512611183803527 18740.055196681642 4.8370457088531102 315.40452019435179 10604.624663890976 105263.26388904089 12294.556339508566 20.125061460465076 458.41763180901762 1532.8525685845816 142.75422611203976 604.98265712417196 189.48638544851565 170.3661492379033 36.682515034772223 1441.2987138830067 1246.6237674298354 221.76882270005808 840.72864378907616 19.632174392154411 71.113748538045911 2142.2405665048864 129.28454143926501
leaf_count=227162 1470 2010221 8812 137374 341126 15115586 1322531 7670 51724 84005 4935 59750 6191 10566 503 183799 421617 22470 284446 13365 8716 356012 20736
internal_value=0.00122608 -0.000205389 -0.027871 0.000169975 0.000550837 -0.00126836 0.0104179 0.0242408 0.0642732 0.0344402 0.0239983 0.0097237 -0.00241364 0.0422552 -0.0178118 0.0492198 -0.0601284 -0.0406266 -0.0469026 -0.0243339 0.0524291 0.0531698 0.0245957
internal_weight=156574 150097 2019.15 148078 146903 124003 22899.2 767.686 478.543 6476.57 4118.42 2327.32 1722.34 1791.1 179.437 1611.66 1251.46 289.143 1175.77 335.037 2358.15 2342.64 200.398
internal_count=20700787 19964104 739455 19224649 18789464 17125807 1663657 309026 59394 736683 349749 149946 90196 199803 5438 194365 430429 249632 435185 150739 386934 385464 29452
is_linear=0
shrinkage=0.0581682


Tree=145
num_leaves=24
num_cat=0
split_feature=18 0 4 3 3 10 11 11 22 8 11 11 22 5 22 8 10 21 4 9 0 20 20
split_gain=2032.76 456.324 429.565 1031.27 982.249 890.682 644.993 608.937 348.454 455.833 402.654 907.147 149.725 110.15 143.42 256.056 108.551 129.661 47.7314 33.1714 17.8876 5.16298 1.52362
threshold=1.0000000180025095e-35 1.0000000180025095e-35 170.18238830566409 136.47906494140628 171.47174835205081 0.34794819355010992 0.77988579869270336 0.45494030416011816 0.37940952181816107 -1.0000000180025095e-35 0.12019283324480058 0.18273887783288958 0.98296290636062633 0.5026221275329591 -0.6035533845424651 0.1532598361372948 0.899620682001114 0.78656607866287243 71.715438842773452 3.5006630420684819 1.0000000180025095e-35 321.50000000000006 395.50000000000006
decision_type=2 10 10 10 10 10 10 10 2 2 10 10 2 8 2 2 8 2 10 2 8 2 2
left_child=1 -1 3 7 19 -5 -6 -3 13 10 12 -12 -10 14 15 -2 18 -18 -11 -4 -16 -15 -23
right_child=8 2 4 5 6 -7 -8 -9 9 16 11 -13 -14 21 20 -17 17 -19 -20 -21 -22 22 -24
leaf_value=-0.056869280696519427 0.024207118578734844 0.0070533883328428963 -0.066019955552869422 0.034906898783645758 -0.023945623349986764 -0.033831977651086455 0.027568741456825134 -0.0023947912624296477 0.05467363813243209 0.026060966390044057 -0.13747369456066777 0.0026118267533601506 -0.045491744850257886 0.054232005791800458 -0.0042726128576658457 -0.11384399462037571 0.01427936532567373 -0.19429254757454473 0.053213288837043973 -0.044120353616093025 0.049090037767809964 0 0.019115558181705756
leaf_weight=474.78605271820561 161.3355414759717 29186.503029750209 826.13559835655906 4659.5649930999498 1738.0485529844882 729.48095788992941 1552.6926762014627 110174.07066307798 464.69050061056623 375.63771752265166 176.49267267994583 1118.4026500387699 48.866078135324642 2358.5788650703616 7.4944317974150172 57.321429467119742 24.98814025009051 9.4587144460529071 1090.6480632425519 625.00060983323783 342.56170937887509 14.47845245373901 12.35649040248245
leaf_count=3522692 18349 7104612 319756 133463 149257 2663 2313 8616903 44861 33864 9679 56549 1471 357153 727 6794 1163 87 157360 112445 44622 2240 1764
internal_value=0.00115754 -0.00019624 -1.19109e-05 0.00055002 -0.0172339 0.0255082 0.000244117 -0.000413023 0.033613 0.0203976 0.000490756 -0.0165757 0.0440675 0.0482296 0.0236747 -0.0117277 0.0440499 -0.0482483 0.0466272 -0.0570236 0.046784 0.0538626 0.0055657
internal_weight=156230 149966 149491 144750 4741.88 5389.05 3290.74 139361 6263.31 3309.18 1808.45 1294.9 513.557 2954.13 568.713 218.657 1500.73 34.4469 1466.29 1451.14 350.056 2385.41 26.8349
internal_count=20700787 19964104 16441412 15857641 583771 136126 151570 15721515 736683 305034 112560 66228 46332 431649 70492 25143 192474 1250 191224 432201 45349 361157 4004
is_linear=0
shrinkage=0.0581682


Tree=146
num_leaves=24
num_cat=0
split_feature=18 7 1 3 21 5 8 7 21 4 21 4 4 8 21 5 21 4 20 20 20 10 9
split_gain=1873.98 432.41 2270.81 4590.4 4688.86 2058.71 1661.43 2987.15 2509.77 3511.66 2478.7 2376.61 1051.63 890.213 814.797 781.025 351.39 295.536 263.614 289.353 213.493 547.542 179.126
threshold=1.0000000180025095e-35 5.2198781967163095 8.7413129806518572 17.257221221923832 -1.0000000180025095e-35 7.9630277156829843 1.5664258003234866 2.5354588031768803 -0.7865660786628722 4.6339969635009775 -0.91597560048103321 32.575725555419929 10.414273738861086 3.3946293592453007 0.37940952181816107 2.3973078727722172 -1.0000000180025095e-35 129.43260192871097 82.500000000000014 35.500000000000007 7.5000000000000009 0.064768686890602126 -34.654621124267571
decision_type=2 2 10 10 2 10 2 2 2 10 2 10 10 2 2 10 2 10 2 2 2 10 2
left_child=1 6 13 4 -4 -5 7 10 9 -8 -1 -9 -10 15 -15 -3 -2 18 19 -18 21 -19 -22
right_child=16 2 3 5 -6 -7 8 11 12 -11 -12 -13 -14 14 -16 -17 17 20 -20 -21 22 -23 -24
leaf_value=-0.044505018614616476 0.051861251904169167 -0.067297936706730163 0.080352028723576788 -0.034508635676662153 -0.062458107750610663 0.0054935292483665405 0.3677080640069183 0.11826055997996451 -0.0097652856178503458 0.0058920773853171297 0.0030334645487277577 -0.028151330829529957 -0.038763045865780707 -0.063884988731104722 0.033389953806745226 0.083375934900326451 0.029573807094269367 0.040571114773047513 0.039972856340063277 -0.021770491518331093 -0.0065341240418992389 -0.18242829008601957 0.0555872091420384
leaf_weight=3931.5989707862245 2142.4069230226742 173.52778597205179 4700.5034443087061 4916.7734509707079 925.397457778221 37673.315789062675 87.300106144102756 1288.7720351532043 6989.4710706689511 9492.3731912435906 64914.952917794588 520.7561026783078 10904.053118120879 2660.4501048167585 318.72351974697085 324.92542846815195 560.18372968203039 135.74561193824047 637.37578263532487 1070.8361591390276 164.63606362900464 45.876048935577273 1305.9782207944954
leaf_count=1480859 386934 18820 253440 996742 300432 982402 29125 61234 478919 720081 10799039 207829 3076120 360098 183639 15325 40010 4778 48563 61373 10566 660 183799
internal_value=0.00109391 -0.000186869 0.00411555 0.00739806 0.0567601 0.000863069 -0.00245749 0.00225738 -0.0145962 0.00939821 0.000310238 0.0759395 -0.0274636 -0.0412325 -0.0533106 0.0299988 0.0327859 0.0222143 0.00833426 -0.00386009 0.0409572 -0.0165959 0.0483637
internal_weight=155886 149823 51693.6 48216 5625.9 42590.1 98129.3 70656.1 27473.2 9579.67 68846.6 1809.53 17893.5 3477.63 2979.17 498.453 6063.04 3920.63 2268.4 1631.02 1652.24 181.622 1470.61
internal_count=20700787 19964104 3110898 2533016 553872 1979144 16853206 12548961 4304245 749206 12279898 269063 3555039 577882 543737 34145 736683 349749 149946 101383 199803 5438 194365
is_linear=0
shrinkage=0.0581682


Tree=147
num_leaves=24
num_cat=0
split_feature=18 2 7 21 4 0 12 21 2 3 8 2 4 8 8 17 21 22 20 20 4 11 21
split_gain=1728.62 519.401 2067.58 1685.86 1868.55 1482.15 1430.43 1617.74 3336.37 2292.47 1555.27 2080.99 1168.14 1284.15 426.327 417.144 345.632 287.883 306.051 623.636 406.801 161.877 224.597
threshold=1.0000000180025095e-35 5.4462432861328134 0.65163493156433117 -1.0000000180025095e-35 1.3813896179199221 1.2316145300865176 1.6479472517967226 1.0000000180025095e-35 10.524652481079103 10.772341728210451 -1.3634731769561765 14.895724296569826 4.6339969635009775 0.64344859123229992 -9.1331305503845197 0.0069749280810356149 -1.0000000180025095e-35 0.37940952181816107 55.500000000000007 29.500000000000004 10.414273738861086 0.059388082474470145 0.78656607866287243
decision_type=2 10 2 2 8 10 8 2 8 10 2 10 10 2 2 10 2 2 2 2 8 8 2
left_child=1 2 3 4 -1 -5 10 8 -8 -9 14 -12 13 -4 -3 -14 -2 21 19 -19 -20 22 -18
right_child=16 6 12 5 -6 -7 7 9 -10 -11 11 -13 15 -15 -16 -17 17 18 20 -21 -22 -23 -24
leaf_value=0.0094928824687498681 0.051484810513468711 0.031441248960500809 0.11357187527501098 0.00092867582452654839 -0.053778897528114454 0.040364011302732698 -0.046474586526340476 0.0051813763162166862 0.0073561923269672858 -0.032338821828284715 0.02784558920736149 0.20489536829976068 0.41278322746390661 -0.017816917223975583 -0.045832214328874472 -0.053726596847154418 -0.058218415008177038 0.027218752891421592 -0.019054656451476314 -0.05437308255191077 0.056652224903202396 0.051532178898698607 0.039622082537219945
leaf_weight=2704.6735017505089 2035.7254174332193 290.27265819729291 273.26929707475938 29842.481612134179 3755.9892988512111 3614.3834386371891 4133.9585084018836 10811.443836355007 66104.521367166075 11197.021205234756 8268.509982220301 227.52733018732033 1.9575669724144962 2658.7636911385052 1237.1802282902863 4322.8104290478514 116.66428689690656 668.48903645426617 348.72122002160177 590.44757905910956 711.94527136909892 1170.4997977078892 222.75941625304404
leaf_count=677051 386934 197077 17725 3264890 1941083 80271 870835 536006 3844413 5056634 1000632 326151 655 352759 984752 813170 11592 44786 5487 38163 60673 159769 29279
internal_value=0.00102294 -0.000190578 -0.0052419 -3.83242e-05 -0.0272409 0.00520558 0.00213567 -0.000128125 0.00417954 -0.0138919 0.0230003 0.0327376 -0.033793 -0.00528373 -0.030839 -0.0530041 0.0319878 0.0214722 0.00835919 -0.0107888 0.0314114 0.0412709 0.00451888
internal_weight=155310 149445 47174.3 39917.5 6460.66 33456.9 102270 92246.9 70238.5 22008.5 10023.5 8496.04 7256.8 2932.03 1527.45 4324.77 5865.25 3829.53 2319.6 1258.94 1060.67 1509.92 339.424
internal_count=20700787 19964104 7147604 5963295 2618134 3345161 12816500 10307888 4715248 5592640 2508612 1326783 1184309 370484 1181829 813825 736683 349749 149109 82949 66160 200640 40871
is_linear=0
shrinkage=0.0581682


Tree=148
num_leaves=24
num_cat=0
split_feature=20 2 12 22 22 21 8 3 7 21 11 11 4 21 12 7 2 8 20 9 11 0 21
split_gain=1600.77 464.394 1172 3372.86 1630.61 1214.79 978.6 901.739 609.151 978.064 696.657 427.29 336.643 307.285 272.547 506.838 259.337 176.744 359.237 169.479 1091.97 169.068 441.607
threshold=4.5000000000000009 0.33584953844547277 0.16262101382017138 0.12940952181816107 0.91597560048103344 0.12940952181816109 -3.2655364274978633 2.9512569904327397 0.024466204456985 1.0000000180025095e-35 0.9965992569923402 0.081506669521331801 170.18238830566409 -1.0000000180025095e-35 4.2873909473419198 -3.10692286491394 86.557788848876967 -22.972506523132321 25.500000000000004 -34.654621124267571 0.18273887783288958 0.059312861412763603 0.12940952181816109
decision_type=2 10 8 2 2 2 2 10 2 2 10 10 10 2 10 2 10 2 2 2 10 10 2
left_child=1 8 3 -3 7 -5 -6 -4 21 10 -10 -11 13 17 15 -15 -16 18 -2 20 -14 -1 -23
right_child=12 2 4 5 6 -7 -8 -9 9 11 -12 -13 19 14 16 -17 -18 -19 -20 -21 -22 22 -24
leaf_value=-0.056137046447298354 0.04070294654445538 -0.050025265688737518 -0.017256662903837119 0.0050195839568647968 0.030267231452311975 0.051985168949971121 -0.043835202963726859 0.0016813137354044988 -0.057571312904783782 0.020995601267467034 0.030089154686536959 -0.053523108243990751 -0.36498741892053682 -0.094072221547668464 0.047221362745033489 0.0079309167185414309 -0.21023706354034941 0.054182757844547867 -0.27851170803433101 0.056521012061548331 0.051392278985172402 -0.067585626245853389 0.046643579208785847
leaf_weight=1271.8456215149054 33.054829408414662 1907.023369221477 9157.3147057348397 2881.6351406908834 691.11142807571196 5379.3014852113265 4313.5285872712175 118926.45190752714 348.56428861123277 311.95400883303955 2243.0826988872723 1335.8198135378188 20.075530234724283 179.79786862741457 624.84165729300003 1543.5126401853777 8.7193778168730187 918.18540960412065 12.452850695583036 1826.1082659975655 160.02862116834149 237.62790609787044 210.20871691993671
leaf_count=1670888 5520 870103 1130464 422039 314009 367055 1555663 13246099 92881 56536 121911 134935 424 3918 72734 100071 639 182390 2330 316484 14767 10066 8861
internal_value=0.000962142 -0.000154179 0.000505185 0.0195372 -0.000946467 0.0356619 -0.0335049 0.000323689 -0.0160608 -0.0040972 0.0180681 -0.0391557 0.032282 0.0206688 0.00910753 -0.00269307 0.0416277 0.0483622 -0.0555119 0.0512179 -0.000456022 -0.0452369 -0.0131542
internal_weight=154542 149215 143256 10168 133088 8260.94 5004.64 128084 5959.1 4239.42 2591.65 1647.77 5326.78 3320.56 2356.87 1723.31 633.561 963.693 45.5077 2006.21 180.104 1719.68 447.837
internal_count=20700787 20001510 17905432 1659197 16246235 789094 1869672 14376563 2096078 406263 214792 191471 699277 367602 177362 103989 73373 190240 7850 331675 15191 1689815 18927
is_linear=0
shrinkage=0.0581682


Tree=149
num_leaves=24
num_cat=0
split_feature=20 9 7 11 22 8 11 21 21 4 11 6 22 12 11 0 4 6 5 20 8 9 11
split_gain=1471.67 435.992 1513.63 1713.46 6473.52 1254.7 1249.72 2487.16 4331.57 1671.06 2025.83 1710.54 1152.15 3122.15 2466.18 983.8 333.646 318.487 473.494 1756.56 252.238 166.937 761.408
threshold=4.5000000000000009 -4.9400854110717765 -0.46183525025844568 0.21743759512901309 0.60355338454246532 20.562743186950687 0.39200329780578619 -0.7865660786628722 -0.91597560048103321 10.414273738861086 0.91762039065361034 28.05106353759766 -0.6035533845424651 0.38715311884880071 0.9965992569923402 0.031540730968117721 170.18238830566409 5.8435316085815439 2.7316092252731328 41.500000000000007 -1.7288997173309324 -34.654621124267571 0.18273887783288958
decision_type=2 2 2 10 2 2 8 2 2 8 10 10 2 10 10 10 10 10 10 2 2 2 10
left_child=1 6 3 4 -3 -5 7 8 -1 10 -8 -11 13 -4 -14 -9 17 18 20 -20 -2 22 -18
right_child=16 2 12 5 -6 -7 9 15 -10 11 -12 -13 14 -15 -16 -17 21 -19 19 -21 -22 -23 -24
leaf_value=-0.053500807713322211 0.052903177978246244 -0.02961716633459871 -0.041172296864647823 -0.030295417148534509 0.33651424308351457 0.050253721467056492 0.040775874132427586 0.11132880672631656 0.15461734515218645 -0.031317302261447348 -0.061134589648601696 0.0078806028757377276 -0.012711931306312801 0.011164476221146044 0.01326443324918164 -0.034236153073622336 -0.25744456802474902 0.042587344597860621 -0.33831340367677937 0.031353536351234335 0.0019482239754655781 0.056423777466597075 0.051041824262519922
leaf_weight=479.3613523628228 437.9204253290518 680.07259311250527 4186.8458761302609 11672.195330441067 209.82724153680101 685.71094810188515 5285.4359460913547 175.76980660912523 1112.3197930816823 6323.1400970336181 747.29152099788189 9279.470157128002 41210.8104897964 48000.765322202264 17651.202356848844 1191.2824633348791 28.32230207324028 1271.5857165626803 57.327307629049756 139.8871325555956 1352.0632978486537 1725.808046054939 152.02158895262983
leaf_count=86993 30582 902676 1424098 1973248 223904 1862 25384 33459 32831 1653633 75558 298391 8882358 2636211 1274797 476107 424 204360 1808 5117 125735 316484 14767
internal_value=0.000905242 -0.00015141 -0.00155423 -0.0201363 0.0574971 -0.0257774 0.00692119 0.042356 0.0917146 0.00204927 0.0280505 -0.00798361 0.000659654 0.00695491 -0.00491511 -0.0149322 0.0314171 0.0198646 0.00506243 -0.0791636 0.0147357 0.0508674 -0.000224128
internal_weight=154056 148892 124297 13247.8 889.9 12357.9 24594.1 2958.73 1591.68 21635.3 6032.73 15602.6 111050 52187.6 58862 1367.05 5164.94 3258.78 1987.2 197.214 1789.98 1906.15 180.344
internal_count=20700787 20001510 17319154 3101690 1126580 1975110 2682356 629390 119824 2052966 100942 1952024 14217464 4060309 10157155 509566 699277 367602 163242 6925 156317 331675 15191
is_linear=0
shrinkage=0.0581682


end of trees

feature_importances:
Column_4=337
Column_21=314
Column_11=298
Column_0=273
Column_22=269
Column_10=205
Column_8=171
Column_3=170
Column_18=137
Column_2=129
Column_9=117
Column_6=95
Column_20=89
Column_7=86
Column_12=48
Column_1=36
Column_5=27
Column_17=25
Column_13=4
Column_14=4

parameters:
[boosting: gbdt]
[objective: binary]
[metric: auc]
[tree_learner: serial]
[device_type: cpu]
[data_sample_strategy: bagging]
[data: ]
[valid: ]
[num_iterations: 150]
[learning_rate: 0.0581682]
[num_leaves: 24]
[num_threads: -1]
[seed: 42]
[deterministic: 0]
[force_col_wise: 0]
[force_row_wise: 0]
[histogram_pool_size: -1]
[max_depth: 5]
[min_data_in_leaf: 223]
[min_sum_hessian_in_leaf: 0.001]
[bagging_fraction: 0.826355]
[pos_bagging_fraction: 1]
[neg_bagging_fraction: 1]
[bagging_freq: 0]
[bagging_seed: 400]
[bagging_by_query: 0]
[feature_fraction: 0.889067]
[feature_fraction_bynode: 1]
[feature_fraction_seed: 30056]
[extra_trees: 0]
[extra_seed: 12879]
[early_stopping_round: 0]
[early_stopping_min_delta: 0]
[first_metric_only: 0]
[max_delta_step: 0]
[lambda_l1: 6.85372]
[lambda_l2: 4.3997]
[linear_lambda: 0]
[min_gain_to_split: 0]
[drop_rate: 0.1]
[max_drop: 50]
[skip_drop: 0.5]
[xgboost_dart_mode: 0]
[uniform_drop: 0]
[drop_seed: 17869]
[top_rate: 0.2]
[other_rate: 0.1]
[min_data_per_group: 100]
[max_cat_threshold: 32]
[cat_l2: 10]
[cat_smooth: 10]
[max_cat_to_onehot: 4]
[top_k: 20]
[monotone_constraints: ]
[monotone_constraints_method: basic]
[monotone_penalty: 0]
[feature_contri: ]
[forcedsplits_filename: ]
[refit_decay_rate: 0.9]
[cegb_tradeoff: 1]
[cegb_penalty_split: 0]
[cegb_penalty_feature_lazy: ]
[cegb_penalty_feature_coupled: ]
[path_smooth: 0]
[interaction_constraints: ]
[verbosity: -1]
[saved_feature_importance_type: 0]
[use_quantized_grad: 0]
[num_grad_quant_bins: 4]
[quant_train_renew_leaf: 0]
[stochastic_rounding: 1]
[linear_tree: 0]
[max_bin: 63]
[max_bin_by_feature: ]
[min_data_in_bin: 3]
[bin_construct_sample_cnt: 200000]
[data_random_seed: 175]
[is_enable_sparse: 1]
[enable_bundle: 1]
[use_missing: 1]
[zero_as_missing: 0]
[feature_pre_filter: 1]
[pre_partition: 0]
[two_round: 0]
[header: 0]
[label_column: ]
[weight_column: ]
[group_column: ]
[ignore_column: ]
[categorical_feature: ]
[forcedbins_filename: ]
[precise_float_parser: 0]
[parser_config_file: ]
[objective_seed: 16083]
[num_class: 1]
[is_unbalance: 0]
[scale_pos_weight: 26.9668]
[sigmoid: 1]
[boost_from_average: 1]
[reg_sqrt: 0]
[alpha: 0.9]
[fair_c: 1]
[poisson_max_delta_step: 0.7]
[tweedie_variance_power: 1.5]
[lambdarank_truncation_level: 30]
[lambdarank_norm: 1]
[label_gain: ]
[lambdarank_position_bias_regularization: 0]
[eval_at: ]
[multi_error_top_k: 1]
[auc_mu_weights: ]
[num_machines: 1]
[local_listen_port: 12400]
[time_out: 120]
[machine_list_filename: ]
[machines: ]
[gpu_platform_id: -1]
[gpu_device_id: -1]
[gpu_use_dp: 0]
[num_gpu: 1]

end of parameters

pandas_categorical:null
